# Derived from o3de/ROSConDemo under CC BY-NC 4.0
mtllib apple_tree_apples.mtl

o Apple_lod1_0
v -0.1747031 0.1931327 1.5357389
v -0.1969044 0.1795439 1.5375382
v -0.1904564 0.1699231 1.5313936
v -0.1627283 0.1955160 1.5074415
v -0.1734825 0.1717557 1.5131756
v -0.1660608 0.2124841 1.5231239
v -0.1904564 0.1699231 1.5313936
v -0.1969044 0.1795439 1.5375382
v -0.2199738 0.1721164 1.5301994
v -0.2372641 0.1980752 1.5233936
v -0.2361568 0.1823144 1.5114267
v -0.2221876 0.2339417 1.5117440
v -0.2091249 0.2312095 1.5318108
v -0.1885477 0.2385816 1.5055406
v -0.1995458 0.2004401 1.4714080
v -0.1899177 0.1888635 1.4652890
v -0.2082679 0.1821323 1.4674193
v -0.2082679 0.1821323 1.4674193
v -0.2213703 0.1893833 1.4693295
v -0.2165210 0.2131962 1.4675338
v -0.1858778 0.2101187 1.4679306
v -0.2165210 0.2131962 1.4675338
v -0.1995238 0.2237293 1.4700050
v -0.1995458 0.2004401 1.4714080
v -0.2011779 0.2010753 1.5265789
v -0.2127940 0.2013593 1.5357653
v -0.1996616 0.2126141 1.5363548
v -0.1893004 0.2291658 1.5326905
v -0.1996616 0.2126141 1.5363548
v -0.2269333 0.2150464 1.5353063
v -0.2011779 0.2010753 1.5265789
v -0.1936363 0.1979545 1.5351156
v -0.1827103 0.1746187 1.4830270
v -0.2110768 0.1618901 1.5072700
v -0.2082679 0.1821323 1.4674193
v -0.2110768 0.1618901 1.5072700
v -0.1761910 0.2178269 1.4797181
v -0.1781015 0.1949310 1.4710640
v -0.1756433 0.2288972 1.5177479
v -0.2129653 0.2330320 1.4898720
v -0.2221876 0.2339417 1.5117440
v -0.1885477 0.2385816 1.5055406
v -0.2367530 0.2183918 1.5055337
v -0.2334255 0.1974192 1.4865998
v -0.1995238 0.2237293 1.4700050
v -0.2199738 0.1721164 1.5301994
v -0.2091249 0.2312095 1.5318108
v -0.2129653 0.2330320 1.4898720
v -0.2083497 -0.3660145 1.2085232
v -0.2305510 -0.3796033 1.2103224
v -0.2241030 -0.3892241 1.2041780
v -0.1963749 -0.3636312 1.1802257
v -0.2071291 -0.3873915 1.1859598
v -0.1997074 -0.3466631 1.1959081
v -0.2241030 -0.3892241 1.2041780
v -0.2305510 -0.3796033 1.2103224
v -0.2536204 -0.3870308 1.2029836
v -0.2709107 -0.3610720 1.1961780
v -0.2698034 -0.3768328 1.1842109
v -0.2558342 -0.3252055 1.1845284
v -0.2427716 -0.3279377 1.2045950
v -0.2221943 -0.3205656 1.1783248
v -0.2331924 -0.3587071 1.1441922
v -0.2235642 -0.3702837 1.1380732
v -0.2419145 -0.3770148 1.1402035
v -0.2419145 -0.3770148 1.1402035
v -0.2550169 -0.3697639 1.1421137
v -0.2501675 -0.3459510 1.1403182
v -0.2195244 -0.3490286 1.1407149
v -0.2501675 -0.3459510 1.1403182
v -0.2331704 -0.3354179 1.1427892
v -0.2331924 -0.3587071 1.1441922
v -0.2348245 -0.3580719 1.1993631
v -0.2464406 -0.3577878 1.2085496
v -0.2333081 -0.3465330 1.2091391
v -0.2229470 -0.3299814 1.2054749
v -0.2333081 -0.3465330 1.2091391
v -0.2605799 -0.3441008 1.2080907
v -0.2348245 -0.3580719 1.1993631
v -0.2272829 -0.3611927 1.2078999
v -0.2163569 -0.3845285 1.1558112
v -0.2447233 -0.3972571 1.1800542
v -0.2419145 -0.3770148 1.1402035
v -0.2447233 -0.3972571 1.1800542
v -0.2098376 -0.3413203 1.1525024
v -0.2117481 -0.3642163 1.1438482
v -0.2092899 -0.3302499 1.1905322
v -0.2466119 -0.3261152 1.1626562
v -0.2558342 -0.3252055 1.1845284
v -0.2221943 -0.3205656 1.1783248
v -0.2703996 -0.3407554 1.1783180
v -0.2670721 -0.3617280 1.1593841
v -0.2331704 -0.3354179 1.1427892
v -0.2536204 -0.3870308 1.2029836
v -0.2427716 -0.3279377 1.2045950
v -0.2466119 -0.3261152 1.1626562
v -0.2773168 -0.3323871 1.2287778
v -0.2995180 -0.3459759 1.2305770
v -0.2930700 -0.3555967 1.2244326
v -0.2653420 -0.3300038 1.2004803
v -0.2760962 -0.3537641 1.2062144
v -0.2686744 -0.3130358 1.2161627
v -0.2930700 -0.3555967 1.2244326
v -0.2995180 -0.3459759 1.2305770
v -0.3225874 -0.3534034 1.2232382
v -0.3398777 -0.3274446 1.2164326
v -0.3387705 -0.3432054 1.2044655
v -0.3248012 -0.2915781 1.2047830
v -0.3117386 -0.2943103 1.2248496
v -0.2911613 -0.2869383 1.1985794
v -0.3021594 -0.3250797 1.1644468
v -0.2925313 -0.3366563 1.1583278
v -0.3108816 -0.3433875 1.1604581
v -0.3108816 -0.3433875 1.1604581
v -0.3239839 -0.3361365 1.1623683
v -0.3191346 -0.3123236 1.1605728
v -0.2884914 -0.3154012 1.1609695
v -0.3191346 -0.3123236 1.1605728
v -0.3021374 -0.3017905 1.1630439
v -0.3021594 -0.3250797 1.1644468
v -0.3037916 -0.3244445 1.2196177
v -0.3154077 -0.3241605 1.2288042
v -0.3022752 -0.3129057 1.2293937
v -0.2919140 -0.2963540 1.2257295
v -0.3022752 -0.3129057 1.2293937
v -0.3295469 -0.3104734 1.2283453
v -0.3037916 -0.3244445 1.2196177
v -0.2962499 -0.3275653 1.2281545
v -0.2853239 -0.3509011 1.1760658
v -0.3136904 -0.3636297 1.2003088
v -0.3108816 -0.3433875 1.1604581
v -0.3136904 -0.3636297 1.2003088
v -0.2788046 -0.3076929 1.1727570
v -0.2807151 -0.3305889 1.1641028
v -0.2782570 -0.2966225 1.2107868
v -0.3155789 -0.2924878 1.1829108
v -0.3248012 -0.2915781 1.2047830
v -0.2911613 -0.2869383 1.1985794
v -0.3393667 -0.3071280 1.1985726
v -0.3360392 -0.3281006 1.1796387
v -0.3021374 -0.3017905 1.1630439
v -0.3225874 -0.3534034 1.2232382
v -0.3117386 -0.2943103 1.2248496
v -0.3155789 -0.2924878 1.1829108
v -0.1909993 -0.3079850 1.5845952
v -0.2132006 -0.3215738 1.5863943
v -0.2067526 -0.3311946 1.5802499
v -0.1790246 -0.3056017 1.5562979
v -0.1897787 -0.3293620 1.5620319
v -0.1823570 -0.2886336 1.5719802
v -0.2067526 -0.3311946 1.5802499
v -0.2132006 -0.3215738 1.5863943
v -0.2362700 -0.3290013 1.5790555
v -0.2535603 -0.3030425 1.5722499
v -0.2524530 -0.3188033 1.5602828
v -0.2384838 -0.2671760 1.5606005
v -0.2254212 -0.2699082 1.5806671
v -0.2048439 -0.2625361 1.5543970
v -0.2158420 -0.3006776 1.5202643
v -0.2062139 -0.3122542 1.5141451
v -0.2245641 -0.3189853 1.5162754
v -0.2245641 -0.3189853 1.5162754
v -0.2376665 -0.3117343 1.5181857
v -0.2328172 -0.2879214 1.5163902
v -0.2021740 -0.2909991 1.5167871
v -0.2328172 -0.2879214 1.5163902
v -0.2158200 -0.2773884 1.5188614
v -0.2158420 -0.3006776 1.5202643
v -0.2174741 -0.3000424 1.5754352
v -0.2290902 -0.2997583 1.5846215
v -0.2159577 -0.2885035 1.5852113
v -0.2055966 -0.2719519 1.5815470
v -0.2159577 -0.2885035 1.5852113
v -0.2432295 -0.2860713 1.5841627
v -0.2174741 -0.3000424 1.5754352
v -0.2099325 -0.3031632 1.5839720
v -0.1990065 -0.3264990 1.5318832
v -0.2273729 -0.3392276 1.5561262
v -0.2245641 -0.3189853 1.5162754
v -0.2273729 -0.3392276 1.5561262
v -0.1924872 -0.2832908 1.5285745
v -0.1943977 -0.3061867 1.5199201
v -0.1919395 -0.2722204 1.5666043
v -0.2292615 -0.2680857 1.5387284
v -0.2384838 -0.2671760 1.5606005
v -0.2048439 -0.2625361 1.5543970
v -0.2530492 -0.2827259 1.5543901
v -0.2497218 -0.3036985 1.5354561
v -0.2158200 -0.2773884 1.5188614
v -0.2362700 -0.3290013 1.5790555
v -0.2254212 -0.2699082 1.5806671
v -0.2292615 -0.2680857 1.5387284
v -0.3688563 0.0553389 1.4476700
v -0.3910576 0.0417500 1.4494691
v -0.3846095 0.0321293 1.4433247
v -0.3568815 0.0577222 1.4193726
v -0.3676357 0.0339619 1.4251066
v -0.3602139 0.0746903 1.4350549
v -0.3846095 0.0321293 1.4433247
v -0.3910576 0.0417500 1.4494691
v -0.4141269 0.0343226 1.4421304
v -0.4314172 0.0602813 1.4353248
v -0.4303100 0.0445206 1.4233576
v -0.4163407 0.0961478 1.4236752
v -0.4032781 0.0934157 1.4437417
v -0.3827008 0.1007877 1.4174715
v -0.3936989 0.0626463 1.3833390
v -0.3840708 0.0510697 1.3772199
v -0.4024211 0.0443385 1.3793503
v -0.4024211 0.0443385 1.3793503
v -0.4155234 0.0515895 1.3812605
v -0.4106741 0.0754024 1.3794650
v -0.3800309 0.0723248 1.3798617
v -0.4106741 0.0754024 1.3794650
v -0.3936769 0.0859355 1.3819360
v -0.3936989 0.0626463 1.3833390
v -0.3953311 0.0632815 1.4385099
v -0.4069472 0.0635655 1.4476963
v -0.3938147 0.0748203 1.4482859
v -0.3834535 0.0913720 1.4446217
v -0.3938147 0.0748203 1.4482859
v -0.4210864 0.0772526 1.4472375
v -0.3953311 0.0632815 1.4385099
v -0.3877895 0.0601606 1.4470468
v -0.3768634 0.0368248 1.3949580
v -0.4052299 0.0240963 1.4192010
v -0.4024211 0.0443385 1.3793503
v -0.4052299 0.0240963 1.4192010
v -0.3703442 0.0800331 1.3916491
v -0.3722546 0.0571371 1.3829950
v -0.3697964 0.0911034 1.4296790
v -0.4071184 0.0952382 1.4018029
v -0.4163407 0.0961478 1.4236752
v -0.3827008 0.1007877 1.4174715
v -0.4309062 0.0805980 1.4174649
v -0.4275787 0.0596254 1.3985308
v -0.3936769 0.0859355 1.3819360
v -0.4141269 0.0343226 1.4421304
v -0.4032781 0.0934157 1.4437417
v -0.4071184 0.0952382 1.4018029
v -0.2185872 0.2647151 1.1624526
v -0.2407885 0.2511262 1.1642518
v -0.2343404 0.2415055 1.1581074
v -0.2066124 0.2670984 1.1341552
v -0.2173666 0.2433380 1.1398892
v -0.2099448 0.2840664 1.1498375
v -0.2343404 0.2415055 1.1581074
v -0.2407885 0.2511262 1.1642518
v -0.2638578 0.2436988 1.1569130
v -0.2811481 0.2696575 1.1501074
v -0.2800409 0.2538968 1.1381403
v -0.2660716 0.3055240 1.1384578
v -0.2530090 0.3027919 1.1585244
v -0.2324317 0.3101639 1.1322544
v -0.2434298 0.2720225 1.0981216
v -0.2338017 0.2604459 1.0920026
v -0.2521520 0.2537147 1.0941329
v -0.2521520 0.2537147 1.0941329
v -0.2652543 0.2609657 1.0960431
v -0.2604050 0.2847786 1.0942476
v -0.2297619 0.2817010 1.0946443
v -0.2604050 0.2847786 1.0942476
v -0.2434078 0.2953117 1.0967187
v -0.2434298 0.2720225 1.0981216
v -0.2450619 0.2726577 1.1532925
v -0.2566780 0.2729417 1.1624790
v -0.2435456 0.2841965 1.1630685
v -0.2331844 0.3007482 1.1594044
v -0.2435456 0.2841965 1.1630685
v -0.2708173 0.2866288 1.1620201
v -0.2450619 0.2726577 1.1532925
v -0.2375204 0.2695369 1.1618294
v -0.2265943 0.2462011 1.1097406
v -0.2549608 0.2334725 1.1339836
v -0.2521520 0.2537147 1.0941329
v -0.2549608 0.2334725 1.1339836
v -0.2200751 0.2894093 1.1064318
v -0.2219855 0.2665133 1.0977776
v -0.2195273 0.3004796 1.1444618
v -0.2568493 0.3046144 1.1165856
v -0.2660716 0.3055240 1.1384578
v -0.2324317 0.3101639 1.1322544
v -0.2806371 0.2899742 1.1322474
v -0.2773096 0.2690016 1.1133136
v -0.2434078 0.2953117 1.0967187
v -0.2638578 0.2436988 1.1569130
v -0.2530090 0.3027919 1.1585244
v -0.2568493 0.3046144 1.1165856
v -0.0587055 0.2018020 0.7235656
v -0.0809068 0.1882132 0.7253648
v -0.0744588 0.1785924 0.7192204
v -0.0467308 0.2041854 0.6952682
v -0.0574850 0.1804250 0.7010022
v -0.0500632 0.2211534 0.7109506
v -0.0744588 0.1785924 0.7192204
v -0.0809068 0.1882132 0.7253648
v -0.1039762 0.1807857 0.7180261
v -0.1212665 0.2067445 0.7112204
v -0.1201592 0.1909837 0.6992534
v -0.1061900 0.2426110 0.6995708
v -0.0931274 0.2398788 0.7196375
v -0.0725501 0.2472509 0.6933674
v -0.0835482 0.2091094 0.6592347
v -0.0739201 0.1975328 0.6531157
v -0.0922703 0.1908017 0.6552460
v -0.0922703 0.1908017 0.6552460
v -0.1053727 0.1980526 0.6571561
v -0.1005234 0.2218655 0.6553606
v -0.0698802 0.2187880 0.6557574
v -0.1005234 0.2218655 0.6553606
v -0.0835262 0.2323986 0.6578317
v -0.0835482 0.2091094 0.6592347
v -0.0851803 0.2097446 0.7144056
v -0.0967964 0.2100286 0.7235920
v -0.0836640 0.2212835 0.7241817
v -0.0733028 0.2378351 0.7205174
v -0.0836640 0.2212835 0.7241817
v -0.1109357 0.2237157 0.7231331
v -0.0851803 0.2097446 0.7144056
v -0.0776387 0.2066238 0.7229424
v -0.0667127 0.1832880 0.6708537
v -0.0950791 0.1705594 0.6950966
v -0.0922703 0.1908017 0.6552460
v -0.0950791 0.1705594 0.6950966
v -0.0601934 0.2264962 0.6675450
v -0.0621039 0.2036002 0.6588907
v -0.0596457 0.2375666 0.7055748
v -0.0969677 0.2417013 0.6776987
v -0.1061900 0.2426110 0.6995708
v -0.0725501 0.2472509 0.6933674
v -0.1207554 0.2270611 0.6933606
v -0.1174279 0.2060885 0.6744266
v -0.0835262 0.2323986 0.6578317
v -0.1039762 0.1807857 0.7180261
v -0.0931274 0.2398788 0.7196375
v -0.0969677 0.2417013 0.6776987
v -0.0200474 -0.3818227 0.8667886
v -0.0422487 -0.3954116 0.8685878
v -0.0358006 -0.4050323 0.8624434
v -0.0080726 -0.3794394 0.8384912
v -0.0188268 -0.4031997 0.8442252
v -0.0114051 -0.3624713 0.8541734
v -0.0358006 -0.4050323 0.8624434
v -0.0422487 -0.3954116 0.8685878
v -0.0653181 -0.4028390 0.8612491
v -0.0826084 -0.3768803 0.8544434
v -0.0815011 -0.3926410 0.8424763
v -0.0675319 -0.3410138 0.8427938
v -0.0544692 -0.3437459 0.8628604
v -0.0338919 -0.3363739 0.8365903
v -0.0448901 -0.3745153 0.8024576
v -0.0352619 -0.3860919 0.7963387
v -0.0536122 -0.3928231 0.7984690
v -0.0536122 -0.3928231 0.7984690
v -0.0667146 -0.3855721 0.8003791
v -0.0618652 -0.3617592 0.7985836
v -0.0312221 -0.3648368 0.7989803
v -0.0618652 -0.3617592 0.7985836
v -0.0448681 -0.3512261 0.8010547
v -0.0448901 -0.3745153 0.8024576
v -0.0465222 -0.3738801 0.8576285
v -0.0581383 -0.3735961 0.8668151
v -0.0450058 -0.3623413 0.8674046
v -0.0346446 -0.3457896 0.8637403
v -0.0450058 -0.3623413 0.8674046
v -0.0722775 -0.3599090 0.8663560
v -0.0465222 -0.3738801 0.8576285
v -0.0389806 -0.3770009 0.8661653
v -0.0280546 -0.4003367 0.8140767
v -0.0564210 -0.4130653 0.8383195
v -0.0536122 -0.3928231 0.7984690
v -0.0564210 -0.4130653 0.8383195
v -0.0215353 -0.3571285 0.8107679
v -0.0234458 -0.3800244 0.8021137
v -0.0209876 -0.3460582 0.8487977
v -0.0583096 -0.3419234 0.8209216
v -0.0675319 -0.3410138 0.8427938
v -0.0338919 -0.3363739 0.8365903
v -0.0820973 -0.3565636 0.8365836
v -0.0787698 -0.3775362 0.8176496
v -0.0448681 -0.3512261 0.8010547
v -0.0653181 -0.4028390 0.8612491
v -0.0544692 -0.3437459 0.8628604
v -0.0583096 -0.3419234 0.8209216
v -0.1235383 0.1359545 1.5154834
v -0.1457396 0.1223657 1.5172825
v -0.1392916 0.1127449 1.5111381
v -0.1115635 0.1383378 1.4871860
v -0.1223177 0.1145775 1.4929200
v -0.1148960 0.1553059 1.5028683
v -0.1392916 0.1127449 1.5111381
v -0.1457396 0.1223657 1.5172825
v -0.1688090 0.1149382 1.5099438
v -0.1860993 0.1408969 1.5031381
v -0.1849920 0.1251362 1.4911711
v -0.1710228 0.1767635 1.4914886
v -0.1579601 0.1740313 1.5115552
v -0.1373829 0.1814034 1.4852850
v -0.1483810 0.1432619 1.4511524
v -0.1387528 0.1316853 1.4450334
v -0.1571031 0.1249541 1.4471637
v -0.1571031 0.1249541 1.4471637
v -0.1702055 0.1322051 1.4490739
v -0.1653562 0.1560180 1.4472784
v -0.1347130 0.1529404 1.4476751
v -0.1653562 0.1560180 1.4472784
v -0.1483590 0.1665511 1.4497495
v -0.1483810 0.1432619 1.4511524
v -0.1500131 0.1438971 1.5063233
v -0.1616292 0.1441811 1.5155097
v -0.1484967 0.1554359 1.5160993
v -0.1381356 0.1719876 1.5124351
v -0.1484967 0.1554359 1.5160993
v -0.1757685 0.1578682 1.5150509
v -0.1500131 0.1438971 1.5063233
v -0.1424715 0.1407763 1.5148602
v -0.1315455 0.1174405 1.4627714
v -0.1599119 0.1047119 1.4870144
v -0.1571031 0.1249541 1.4471637
v -0.1599119 0.1047119 1.4870144
v -0.1250262 0.1606487 1.4594625
v -0.1269367 0.1377527 1.4508084
v -0.1244785 0.1717190 1.4974923
v -0.1618005 0.1758538 1.4696164
v -0.1710228 0.1767635 1.4914886
v -0.1373829 0.1814034 1.4852850
v -0.1855882 0.1612136 1.4852782
v -0.1822607 0.1402410 1.4663442
v -0.1483590 0.1665511 1.4497495
v -0.1688090 0.1149382 1.5099438
v -0.1579601 0.1740313 1.5115552
v -0.1618005 0.1758538 1.4696164
v -0.0949300 0.1924325 1.5253258
v -0.1171313 0.1788437 1.5271249
v -0.1106833 0.1692230 1.5209805
v -0.0829553 0.1948159 1.4970284
v -0.0937094 0.1710555 1.5027624
v -0.0862877 0.2117839 1.5127107
v -0.1106833 0.1692230 1.5209805
v -0.1171313 0.1788437 1.5271249
v -0.1402007 0.1714162 1.5197862
v -0.1574910 0.1973750 1.5129806
v -0.1563837 0.1816142 1.5010134
v -0.1424145 0.2332415 1.5013310
v -0.1293519 0.2305093 1.5213975
v -0.1087746 0.2378814 1.4951273
v -0.1197727 0.1997399 1.4609948
v -0.1101446 0.1881634 1.4548757
v -0.1284948 0.1814322 1.4570061
v -0.1284948 0.1814322 1.4570061
v -0.1415972 0.1886832 1.4589163
v -0.1367479 0.2124961 1.4571208
v -0.1061047 0.2094185 1.4575175
v -0.1367479 0.2124961 1.4571208
v -0.1197507 0.2230292 1.4595917
v -0.1197727 0.1997399 1.4609948
v -0.1214048 0.2003752 1.5161657
v -0.1330209 0.2006591 1.5253521
v -0.1198885 0.2119140 1.5259417
v -0.1095273 0.2284656 1.5222775
v -0.1198885 0.2119140 1.5259417
v -0.1471602 0.2143462 1.5248933
v -0.1214048 0.2003752 1.5161657
v -0.1138632 0.1972543 1.5247025
v -0.1029372 0.1739185 1.4726138
v -0.1313037 0.1611900 1.4968568
v -0.1284948 0.1814322 1.4570061
v -0.1313037 0.1611900 1.4968568
v -0.0964179 0.2171267 1.4693050
v -0.0983284 0.1942308 1.4606508
v -0.0958702 0.2281971 1.5073348
v -0.1331922 0.2323318 1.4794587
v -0.1424145 0.2332415 1.5013310
v -0.1087746 0.2378814 1.4951273
v -0.1569799 0.2176916 1.4951206
v -0.1536524 0.1967191 1.4761868
v -0.1197507 0.2230292 1.4595917
v -0.1402007 0.1714162 1.5197862
v -0.1293519 0.2305093 1.5213975
v -0.1331922 0.2323318 1.4794587
v -0.0412812 0.2431804 0.9879499
v -0.0634825 0.2295915 0.9897491
v -0.0570344 0.2199708 0.9836046
v -0.0293064 0.2455637 0.9596525
v -0.0400606 0.2218034 0.9653866
v -0.0326389 0.2625318 0.9753348
v -0.0570344 0.2199708 0.9836046
v -0.0634825 0.2295915 0.9897491
v -0.0865519 0.2221641 0.9824103
v -0.1038422 0.2481229 0.9756048
v -0.1027349 0.2323621 0.9636376
v -0.0887657 0.2839893 0.9639551
v -0.0757030 0.2812572 0.9840217
v -0.0551258 0.2886292 0.9577516
v -0.0661239 0.2504878 0.9236190
v -0.0564957 0.2389112 0.9175000
v -0.0748460 0.2321800 0.9196302
v -0.0748460 0.2321800 0.9196302
v -0.0879484 0.2394311 0.9215404
v -0.0830990 0.2632439 0.9197449
v -0.0524559 0.2601663 0.9201416
v -0.0830990 0.2632439 0.9197449
v -0.0661019 0.2737770 0.9222160
v -0.0661239 0.2504878 0.9236190
v -0.0677560 0.2511230 0.9787899
v -0.0793721 0.2514071 0.9879764
v -0.0662396 0.2626618 0.9885659
v -0.0558785 0.2792135 0.9849016
v -0.0662396 0.2626618 0.9885659
v -0.0935114 0.2650941 0.9875174
v -0.0677560 0.2511230 0.9787899
v -0.0602144 0.2480022 0.9873266
v -0.0492884 0.2246664 0.9352380
v -0.0776548 0.2119378 0.9594808
v -0.0748460 0.2321800 0.9196302
v -0.0776548 0.2119378 0.9594808
v -0.0427691 0.2678746 0.9319292
v -0.0446796 0.2449787 0.9232749
v -0.0422214 0.2789449 0.9699590
v -0.0795434 0.2830797 0.9420829
v -0.0887657 0.2839893 0.9639551
v -0.0551258 0.2886292 0.9577516
v -0.1033311 0.2684395 0.9577448
v -0.1000036 0.2474669 0.9388109
v -0.0661019 0.2737770 0.9222160
v -0.0865519 0.2221641 0.9824103
v -0.0757030 0.2812572 0.9840217
v -0.0795434 0.2830797 0.9420829
v -0.3394303 -0.3428380 1.4185879
v -0.3616316 -0.3564268 1.4203873
v -0.3551835 -0.3660476 1.4142429
v -0.3274555 -0.3404547 1.3902905
v -0.3382097 -0.3642150 1.3960246
v -0.3307879 -0.3234867 1.4059728
v -0.3551835 -0.3660476 1.4142429
v -0.3616316 -0.3564268 1.4203873
v -0.3847009 -0.3638543 1.4130484
v -0.4019912 -0.3378956 1.4062428
v -0.4008840 -0.3536563 1.3942758
v -0.3869147 -0.3020291 1.3945931
v -0.3738521 -0.3047612 1.4146599
v -0.3532748 -0.2973892 1.3883897
v -0.3642729 -0.3355306 1.3542570
v -0.3546448 -0.3471072 1.3481381
v -0.3729950 -0.3538384 1.3502684
v -0.3729950 -0.3538384 1.3502684
v -0.3860974 -0.3465874 1.3521785
v -0.3812481 -0.3227745 1.3503829
v -0.3506049 -0.3258521 1.3507797
v -0.3812481 -0.3227745 1.3503829
v -0.3642509 -0.3122414 1.3528541
v -0.3642729 -0.3355306 1.3542570
v -0.3659051 -0.3348954 1.4094279
v -0.3775212 -0.3346114 1.4186145
v -0.3643887 -0.3233565 1.4192039
v -0.3540275 -0.3068049 1.4155396
v -0.3643887 -0.3233565 1.4192039
v -0.3916604 -0.3209243 1.4181554
v -0.3659051 -0.3348954 1.4094279
v -0.3583634 -0.3380162 1.4179647
v -0.3474374 -0.3613520 1.3658760
v -0.3758039 -0.3740806 1.3901190
v -0.3729950 -0.3538384 1.3502684
v -0.3758039 -0.3740806 1.3901190
v -0.3409182 -0.3181438 1.3625673
v -0.3428286 -0.3410398 1.3539129
v -0.3403704 -0.3070735 1.4005971
v -0.3776924 -0.3029387 1.3727211
v -0.3869147 -0.3020291 1.3945931
v -0.3532748 -0.2973892 1.3883897
v -0.4014802 -0.3175789 1.3883828
v -0.3981526 -0.3385515 1.3694490
v -0.3642509 -0.3122414 1.3528541
v -0.3847009 -0.3638543 1.4130484
v -0.3738521 -0.3047612 1.4146599
v -0.3776924 -0.3029387 1.3727211
v -0.3482410 0.0624599 0.7455816
v -0.3704423 0.0488711 0.7473808
v -0.3639942 0.0392504 0.7412364
v -0.3362662 0.0648432 0.7172842
v -0.3470204 0.0410829 0.7230182
v -0.3395987 0.0818113 0.7329664
v -0.3639942 0.0392504 0.7412364
v -0.3704423 0.0488711 0.7473808
v -0.3935117 0.0414436 0.7400421
v -0.4108019 0.0674024 0.7332364
v -0.4096947 0.0516416 0.7212694
v -0.3957255 0.1032689 0.7215868
v -0.3826628 0.1005367 0.7416534
v -0.3620856 0.1079088 0.7153834
v -0.3730837 0.0697673 0.6812507
v -0.3634555 0.0581907 0.6751317
v -0.3818058 0.0514596 0.6772620
v -0.3818058 0.0514596 0.6772620
v -0.3949082 0.0587106 0.6791721
v -0.3900588 0.0825235 0.6773766
v -0.3594157 0.0794459 0.6777734
v -0.3900588 0.0825235 0.6773766
v -0.3730617 0.0930565 0.6798477
v -0.3730837 0.0697673 0.6812507
v -0.3747158 0.0704025 0.7364216
v -0.3863319 0.0706865 0.7456080
v -0.3731995 0.0819414 0.7461976
v -0.3628382 0.0984930 0.7425333
v -0.3731995 0.0819414 0.7461976
v -0.4004712 0.0843736 0.7451491
v -0.3747158 0.0704025 0.7364216
v -0.3671742 0.0672817 0.7449583
v -0.3562482 0.0439459 0.6928697
v -0.3846146 0.0312173 0.7171125
v -0.3818058 0.0514596 0.6772620
v -0.3846146 0.0312173 0.7171125
v -0.3497289 0.0871541 0.6895609
v -0.3516394 0.0642582 0.6809067
v -0.3491812 0.0982245 0.7275907
v -0.3865032 0.1023592 0.6997147
v -0.3957255 0.1032689 0.7215868
v -0.3620856 0.1079088 0.7153834
v -0.4102909 0.0877190 0.7153766
v -0.4069634 0.0667464 0.6964425
v -0.3730617 0.0930565 0.6798477
v -0.3935117 0.0414436 0.7400421
v -0.3826628 0.1005367 0.7416534
v -0.3865032 0.1023592 0.6997147
v 0.3179450 -0.0449232 1.4376038
v 0.2957437 -0.0585120 1.4394032
v 0.3021917 -0.0681327 1.4332588
v 0.3299198 -0.0425398 1.4093064
v 0.3191656 -0.0663002 1.4150406
v 0.3265874 -0.0255718 1.4249889
v 0.3021917 -0.0681327 1.4332588
v 0.2957437 -0.0585120 1.4394032
v 0.2726743 -0.0659395 1.4320643
v 0.2553840 -0.0399807 1.4252588
v 0.2564913 -0.0557414 1.4132916
v 0.2704605 -0.0041142 1.4136091
v 0.2835231 -0.0068464 1.4336758
v 0.3041005 0.0005257 1.4074055
v 0.2931024 -0.0376157 1.3732730
v 0.3027305 -0.0491923 1.3671539
v 0.2843802 -0.0559235 1.3692842
v 0.2843802 -0.0559235 1.3692842
v 0.2712778 -0.0486725 1.3711945
v 0.2761272 -0.0248596 1.3693990
v 0.3067703 -0.0279372 1.3697957
v 0.2761272 -0.0248596 1.3693990
v 0.2931243 -0.0143265 1.3718700
v 0.2931024 -0.0376157 1.3732730
v 0.2914702 -0.0369805 1.4284439
v 0.2798541 -0.0366965 1.4376304
v 0.2929866 -0.0254417 1.4382199
v 0.3033478 -0.0088900 1.4345556
v 0.2929866 -0.0254417 1.4382199
v 0.2657148 -0.0230094 1.4371715
v 0.2914702 -0.0369805 1.4284439
v 0.2990118 -0.0401014 1.4369807
v 0.3099379 -0.0634372 1.3848920
v 0.2815714 -0.0761657 1.4091350
v 0.2843802 -0.0559235 1.3692842
v 0.2815714 -0.0761657 1.4091350
v 0.3164571 -0.0202289 1.3815832
v 0.3145466 -0.0431249 1.3729289
v 0.3170048 -0.0091586 1.4196130
v 0.2796828 -0.0050238 1.3917370
v 0.2704605 -0.0041142 1.4136091
v 0.3041005 0.0005257 1.4074055
v 0.2558951 -0.0196641 1.4073988
v 0.2592226 -0.0406366 1.3884649
v 0.2931243 -0.0143265 1.3718700
v 0.2726743 -0.0659395 1.4320643
v 0.2835231 -0.0068464 1.4336758
v 0.2796828 -0.0050238 1.3917370
v -0.2012592 0.0033885 1.5603254
v -0.2234605 -0.0102004 1.5621247
v -0.2170125 -0.0198211 1.5559803
v -0.1892845 0.0057718 1.5320280
v -0.2000386 -0.0179885 1.5377622
v -0.1926169 0.0227398 1.5477104
v -0.2170125 -0.0198211 1.5559803
v -0.2234605 -0.0102004 1.5621247
v -0.2465299 -0.0176278 1.5547858
v -0.2638202 0.0083309 1.5479803
v -0.2627129 -0.0074298 1.5360131
v -0.2487437 0.0441974 1.5363307
v -0.2356811 0.0414653 1.5563972
v -0.2151038 0.0488373 1.5301270
v -0.2261019 0.0106959 1.4959946
v -0.2164738 -0.0008807 1.4898754
v -0.2348240 -0.0076119 1.4920057
v -0.2348240 -0.0076119 1.4920057
v -0.2479264 -0.0003609 1.4939160
v -0.2430771 0.0234520 1.4921205
v -0.2124339 0.0203744 1.4925172
v -0.2430771 0.0234520 1.4921205
v -0.2260799 0.0339851 1.4945915
v -0.2261019 0.0106959 1.4959946
v -0.2277340 0.0113311 1.5511655
v -0.2393501 0.0116151 1.5603520
v -0.2262176 0.0228699 1.5609415
v -0.2158565 0.0394216 1.5572772
v -0.2262176 0.0228699 1.5609415
v -0.2534894 0.0253022 1.5598930
v -0.2277340 0.0113311 1.5511655
v -0.2201924 0.0082102 1.5597023
v -0.2092664 -0.0151256 1.5076135
v -0.2376328 -0.0278541 1.5318565
v -0.2348240 -0.0076119 1.4920057
v -0.2376328 -0.0278541 1.5318565
v -0.2027471 0.0280827 1.5043048
v -0.2046576 0.0051867 1.4956504
v -0.2021994 0.0391530 1.5423346
v -0.2395214 0.0432878 1.5144584
v -0.2487437 0.0441974 1.5363307
v -0.2151038 0.0488373 1.5301270
v -0.2633091 0.0286475 1.5301204
v -0.2599816 0.0076750 1.5111865
v -0.2260799 0.0339851 1.4945915
v -0.2465299 -0.0176278 1.5547858
v -0.2356811 0.0414653 1.5563972
v -0.2395214 0.0432878 1.5144584
v -0.2746400 0.0783104 1.1662962
v -0.2968413 0.0647216 1.1680955
v -0.2903932 0.0551009 1.1619511
v -0.2626652 0.0806938 1.1379988
v -0.2734194 0.0569334 1.1437329
v -0.2659976 0.0976618 1.1536812
v -0.2903932 0.0551009 1.1619511
v -0.2968413 0.0647216 1.1680955
v -0.3199106 0.0572941 1.1607567
v -0.3372010 0.0832529 1.1539510
v -0.3360937 0.0674922 1.1419839
v -0.3221245 0.1191194 1.1423014
v -0.3090618 0.1163872 1.1623681
v -0.2884845 0.1237593 1.1360978
v -0.2994826 0.0856179 1.1019653
v -0.2898545 0.0740413 1.0958463
v -0.3082048 0.0673101 1.0979766
v -0.3082048 0.0673101 1.0979766
v -0.3213072 0.0745611 1.0998868
v -0.3164578 0.0983740 1.0980912
v -0.2858147 0.0952964 1.0984880
v -0.3164578 0.0983740 1.0980912
v -0.2994606 0.1089071 1.1005623
v -0.2994826 0.0856179 1.1019653
v -0.3011148 0.0862531 1.1571362
v -0.3127309 0.0865371 1.1663227
v -0.2995984 0.0977919 1.1669122
v -0.2892372 0.1143436 1.1632479
v -0.2995984 0.0977919 1.1669122
v -0.3268701 0.1002242 1.1658638
v -0.3011148 0.0862531 1.1571362
v -0.2935732 0.0831322 1.1656730
v -0.2826471 0.0597964 1.1135843
v -0.3110136 0.0470679 1.1378273
v -0.3082048 0.0673101 1.0979766
v -0.3110136 0.0470679 1.1378273
v -0.2761279 0.1030047 1.1102755
v -0.2780384 0.0801087 1.1016213
v -0.2755802 0.1140750 1.1483053
v -0.3129022 0.1182098 1.1204293
v -0.3221245 0.1191194 1.1423014
v -0.2884845 0.1237593 1.1360978
v -0.3366899 0.1035695 1.1360911
v -0.3333624 0.0825970 1.1171572
v -0.2994606 0.1089071 1.1005623
v -0.3199106 0.0572941 1.1607567
v -0.3090618 0.1163872 1.1623681
v -0.3129022 0.1182098 1.1204293
v 0.1163895 0.1204708 1.5901318
v 0.0941882 0.1068820 1.5919311
v 0.1006362 0.0972613 1.5857867
v 0.1283643 0.1228542 1.5618343
v 0.1176101 0.0990938 1.5675684
v 0.1250318 0.1398222 1.5775168
v 0.1006362 0.0972613 1.5857867
v 0.0941882 0.1068820 1.5919311
v 0.0711188 0.0994545 1.5845922
v 0.0538285 0.1254133 1.5777867
v 0.0549358 0.1096525 1.5658195
v 0.0689050 0.1612798 1.5661371
v 0.0819677 0.1585476 1.5862037
v 0.1025449 0.1659197 1.5599334
v 0.0915468 0.1277783 1.5258009
v 0.1011750 0.1162016 1.5196819
v 0.0828247 0.1094705 1.5218121
v 0.0828247 0.1094705 1.5218121
v 0.0697223 0.1167215 1.5237223
v 0.0745717 0.1405344 1.5219269
v 0.1052148 0.1374568 1.5223236
v 0.0745717 0.1405344 1.5219269
v 0.0915688 0.1510675 1.5243980
v 0.0915468 0.1277783 1.5258009
v 0.0899147 0.1284134 1.5809718
v 0.0782986 0.1286975 1.5901583
v 0.0914310 0.1399523 1.5907478
v 0.1017922 0.1565039 1.5870836
v 0.0914310 0.1399523 1.5907478
v 0.0641593 0.1423845 1.5896994
v 0.0899147 0.1284134 1.5809718
v 0.0974563 0.1252926 1.5895087
v 0.1083823 0.1019568 1.5374199
v 0.0800159 0.0892283 1.5616629
v 0.0828247 0.1094705 1.5218121
v 0.0800159 0.0892283 1.5616629
v 0.1149016 0.1451650 1.5341111
v 0.1129911 0.1222691 1.5254568
v 0.1154493 0.1562354 1.5721409
v 0.0781273 0.1603701 1.5442649
v 0.0689050 0.1612798 1.5661371
v 0.1025449 0.1659197 1.5599334
v 0.0543396 0.1457299 1.5599267
v 0.0576671 0.1247574 1.5409929
v 0.0915688 0.1510675 1.5243980
v 0.0711188 0.0994545 1.5845922
v 0.0819677 0.1585476 1.5862037
v 0.0781273 0.1603701 1.5442649
v 0.1200233 0.1340825 1.7948483
v 0.0978220 0.1204937 1.7966474
v 0.1042701 0.1108730 1.7905030
v 0.1319981 0.1364659 1.7665509
v 0.1212439 0.1127055 1.7722850
v 0.1286656 0.1534339 1.7822332
v 0.1042701 0.1108730 1.7905030
v 0.0978220 0.1204937 1.7966474
v 0.0747526 0.1130662 1.7893088
v 0.0574623 0.1390250 1.7825030
v 0.0585696 0.1232643 1.7705359
v 0.0725388 0.1748915 1.7708535
v 0.0856015 0.1721593 1.7909200
v 0.1061788 0.1795314 1.7646499
v 0.0951806 0.1413900 1.7305174
v 0.1048088 0.1298134 1.7243983
v 0.0864585 0.1230822 1.7265286
v 0.0864585 0.1230822 1.7265286
v 0.0733561 0.1303332 1.7284389
v 0.0782055 0.1541461 1.7266433
v 0.1088486 0.1510685 1.7270401
v 0.0782055 0.1541461 1.7266433
v 0.0952026 0.1646791 1.7291143
v 0.0951806 0.1413900 1.7305174
v 0.0935485 0.1420252 1.7856883
v 0.0819324 0.1423092 1.7948747
v 0.0950649 0.1535640 1.7954643
v 0.1054261 0.1701157 1.7918000
v 0.0950649 0.1535640 1.7954643
v 0.0677932 0.1559963 1.7944158
v 0.0935485 0.1420252 1.7856883
v 0.1010901 0.1389043 1.7942251
v 0.1120161 0.1155685 1.7421364
v 0.0836497 0.1028400 1.7663794
v 0.0864585 0.1230822 1.7265286
v 0.0836497 0.1028400 1.7663794
v 0.1185354 0.1587767 1.7388275
v 0.1166249 0.1358808 1.7301733
v 0.1190831 0.1698471 1.7768573
v 0.0817611 0.1739818 1.7489812
v 0.0725388 0.1748915 1.7708535
v 0.1061788 0.1795314 1.7646499
v 0.0579734 0.1593416 1.7646432
v 0.0613009 0.1383691 1.7457092
v 0.0952026 0.1646791 1.7291143
v 0.0747526 0.1130662 1.7893088
v 0.0856015 0.1721593 1.7909200
v 0.0817611 0.1739818 1.7489812
v -0.3947987 -0.0709317 1.2677283
v -0.4170000 -0.0845205 1.2695276
v -0.4105519 -0.0941412 1.2633832
v -0.3828239 -0.0685484 1.2394309
v -0.3935781 -0.0923087 1.2451650
v -0.3861564 -0.0515803 1.2551132
v -0.4105519 -0.0941412 1.2633832
v -0.4170000 -0.0845205 1.2695276
v -0.4400694 -0.0919480 1.2621888
v -0.4573596 -0.0659892 1.2553831
v -0.4562524 -0.0817500 1.2434161
v -0.4422832 -0.0301227 1.2437335
v -0.4292205 -0.0328549 1.2638001
v -0.4086432 -0.0254828 1.2375300
v -0.4196414 -0.0636242 1.2033974
v -0.4100132 -0.0752009 1.1972784
v -0.4283635 -0.0819320 1.1994087
v -0.4283635 -0.0819320 1.1994087
v -0.4414659 -0.0746810 1.2013189
v -0.4366165 -0.0508681 1.1995233
v -0.4059734 -0.0539457 1.1999201
v -0.4366165 -0.0508681 1.1995233
v -0.4196194 -0.0403351 1.2019944
v -0.4196414 -0.0636242 1.2033974
v -0.4212735 -0.0629891 1.2585683
v -0.4328896 -0.0627050 1.2677548
v -0.4197572 -0.0514502 1.2683443
v -0.4093959 -0.0348986 1.2646800
v -0.4197572 -0.0514502 1.2683443
v -0.4470289 -0.0490180 1.2672958
v -0.4212735 -0.0629891 1.2585683
v -0.4137319 -0.0661099 1.2671051
v -0.4028059 -0.0894457 1.2150164
v -0.4311723 -0.1021742 1.2392594
v -0.4283635 -0.0819320 1.1994087
v -0.4311723 -0.1021742 1.2392594
v -0.3962866 -0.0462375 1.2117076
v -0.3981971 -0.0691334 1.2030534
v -0.3957389 -0.0351671 1.2497374
v -0.4330609 -0.0310324 1.2218614
v -0.4422832 -0.0301227 1.2437335
v -0.4086432 -0.0254828 1.2375300
v -0.4568486 -0.0456726 1.2375232
v -0.4535211 -0.0666452 1.2185893
v -0.4196194 -0.0403351 1.2019944
v -0.4400694 -0.0919480 1.2621888
v -0.4292205 -0.0328549 1.2638001
v -0.4330609 -0.0310324 1.2218614
v 0.1580341 -0.2699728 1.3536336
v 0.1358328 -0.2835617 1.3554330
v 0.1422809 -0.2931824 1.3492886
v 0.1700089 -0.2675895 1.3253362
v 0.1592547 -0.2913499 1.3310704
v 0.1666765 -0.2506215 1.3410187
v 0.1422809 -0.2931824 1.3492886
v 0.1358328 -0.2835617 1.3554330
v 0.1127635 -0.2909891 1.3480941
v 0.0954732 -0.2650304 1.3412886
v 0.0965804 -0.2807911 1.3293214
v 0.1105497 -0.2291639 1.3296390
v 0.1236123 -0.2318960 1.3497055
v 0.1441896 -0.2245240 1.3234353
v 0.1331915 -0.2626654 1.2893028
v 0.1428196 -0.2742420 1.2831837
v 0.1244694 -0.2809732 1.2853140
v 0.1244694 -0.2809732 1.2853140
v 0.1113670 -0.2737222 1.2872243
v 0.1162163 -0.2499093 1.2854288
v 0.1468595 -0.2529869 1.2858255
v 0.1162163 -0.2499093 1.2854288
v 0.1332135 -0.2393762 1.2878997
v 0.1331915 -0.2626654 1.2893028
v 0.1315594 -0.2620302 1.3444737
v 0.1199433 -0.2617462 1.3536602
v 0.1330757 -0.2504914 1.3542497
v 0.1434369 -0.2339397 1.3505855
v 0.1330757 -0.2504914 1.3542497
v 0.1058040 -0.2480591 1.3532013
v 0.1315594 -0.2620302 1.3444737
v 0.1391010 -0.2651511 1.3530105
v 0.1500270 -0.2884868 1.3009218
v 0.1216605 -0.3012154 1.3251648
v 0.1244694 -0.2809732 1.2853140
v 0.1216605 -0.3012154 1.3251648
v 0.1565463 -0.2452786 1.2976130
v 0.1546358 -0.2681746 1.2889587
v 0.1570940 -0.2342083 1.3356428
v 0.1197720 -0.2300735 1.3077667
v 0.1105497 -0.2291639 1.3296390
v 0.1441896 -0.2245240 1.3234353
v 0.0959843 -0.2447138 1.3234286
v 0.0993117 -0.2656863 1.3044947
v 0.1332135 -0.2393762 1.2878997
v 0.1127635 -0.2909891 1.3480941
v 0.1236123 -0.2318960 1.3497055
v 0.1197720 -0.2300735 1.3077667
v -0.3953780 0.1716108 1.7713788
v -0.4175793 0.1580219 1.7731779
v -0.4111312 0.1484012 1.7670335
v -0.3834032 0.1739941 1.7430813
v -0.3941574 0.1502338 1.7488154
v -0.3867356 0.1909621 1.7587637
v -0.4111312 0.1484012 1.7670335
v -0.4175793 0.1580219 1.7731779
v -0.4406486 0.1505944 1.7658392
v -0.4579389 0.1765532 1.7590334
v -0.4568317 0.1607925 1.7470665
v -0.4428625 0.2124197 1.7473838
v -0.4297998 0.2096875 1.7674506
v -0.4092225 0.2170596 1.7411804
v -0.4202206 0.1789182 1.7070478
v -0.4105925 0.1673416 1.7009288
v -0.4289428 0.1606104 1.7030591
v -0.4289428 0.1606104 1.7030591
v -0.4420452 0.1678614 1.7049693
v -0.4371958 0.1916743 1.7031738
v -0.4065526 0.1885967 1.7035705
v -0.4371958 0.1916743 1.7031738
v -0.4201986 0.2022074 1.7056448
v -0.4202206 0.1789182 1.7070478
v -0.4218528 0.1795534 1.7622187
v -0.4334689 0.1798374 1.7714051
v -0.4203364 0.1910922 1.7719947
v -0.4099752 0.2076439 1.7683303
v -0.4203364 0.1910922 1.7719947
v -0.4476081 0.1935245 1.7709461
v -0.4218528 0.1795534 1.7622187
v -0.4143112 0.1764325 1.7707554
v -0.4033851 0.1530967 1.7186668
v -0.4317516 0.1403682 1.7429098
v -0.4289428 0.1606104 1.7030591
v -0.4317516 0.1403682 1.7429098
v -0.3968659 0.1963049 1.7153579
v -0.3987764 0.1734090 1.7067038
v -0.3963182 0.2073753 1.7533877
v -0.4336402 0.2115101 1.7255118
v -0.4428625 0.2124197 1.7473838
v -0.4092225 0.2170596 1.7411804
v -0.4574279 0.1968698 1.7411735
v -0.4541004 0.1758973 1.7222396
v -0.4201986 0.2022074 1.7056448
v -0.4406486 0.1505944 1.7658392
v -0.4297998 0.2096875 1.7674506
v -0.4336402 0.2115101 1.7255118
v 0.1925367 0.3079684 1.4266365
v 0.1703354 0.2943796 1.4284354
v 0.1767835 0.2847589 1.4222910
v 0.2045115 0.3103518 1.3983390
v 0.1937573 0.2865914 1.4040730
v 0.2011790 0.3273198 1.4140214
v 0.1767835 0.2847589 1.4222910
v 0.1703354 0.2943796 1.4284354
v 0.1472660 0.2869521 1.4210968
v 0.1299758 0.3129109 1.4142910
v 0.1310830 0.2971502 1.4023241
v 0.1450523 0.3487774 1.4026418
v 0.1581149 0.3460453 1.4227083
v 0.1786922 0.3534173 1.3964381
v 0.1676940 0.3152759 1.3623054
v 0.1773222 0.3036993 1.3561864
v 0.1589719 0.2969681 1.3583167
v 0.1589719 0.2969681 1.3583167
v 0.1458695 0.3042191 1.3602269
v 0.1507189 0.3280320 1.3584316
v 0.1813620 0.3249544 1.3588283
v 0.1507189 0.3280320 1.3584316
v 0.1677161 0.3385651 1.3609025
v 0.1676940 0.3152759 1.3623054
v 0.1660619 0.3159111 1.4174763
v 0.1544458 0.3161951 1.4266627
v 0.1675783 0.3274499 1.4272524
v 0.1779394 0.3440016 1.4235883
v 0.1675783 0.3274499 1.4272524
v 0.1403066 0.3298821 1.4262041
v 0.1660619 0.3159111 1.4174763
v 0.1736035 0.3127902 1.4260131
v 0.1845296 0.2894544 1.3739244
v 0.1561631 0.2767259 1.3981674
v 0.1589719 0.2969681 1.3583167
v 0.1561631 0.2767259 1.3981674
v 0.1910488 0.3326626 1.3706157
v 0.1891384 0.3097667 1.3619615
v 0.1915965 0.3437330 1.4086454
v 0.1542745 0.3478678 1.3807695
v 0.1450523 0.3487774 1.4026418
v 0.1786922 0.3534173 1.3964381
v 0.1304868 0.3332275 1.3964312
v 0.1338143 0.3122550 1.3774972
v 0.1677161 0.3385651 1.3609025
v 0.1472660 0.2869521 1.4210968
v 0.1581149 0.3460453 1.4227083
v 0.1542745 0.3478678 1.3807695
v -0.3866490 -0.0994880 0.9879498
v -0.4088503 -0.1130768 0.9897491
v -0.4024022 -0.1226975 0.9836046
v -0.3746742 -0.0971047 0.9596524
v -0.3854284 -0.1208650 0.9653865
v -0.3780066 -0.0801366 0.9753347
v -0.4024022 -0.1226975 0.9836046
v -0.4088503 -0.1130768 0.9897491
v -0.4319196 -0.1205043 0.9824103
v -0.4492099 -0.0945455 0.9756047
v -0.4481027 -0.1103063 0.9636375
v -0.4341334 -0.0586790 0.9639550
v -0.4210708 -0.0614112 0.9840217
v -0.4004935 -0.0540391 0.9577515
v -0.4114916 -0.0921805 0.9236189
v -0.4018635 -0.1037572 0.9174999
v -0.4202138 -0.1104883 0.9196302
v -0.4202138 -0.1104883 0.9196302
v -0.4333161 -0.1032373 0.9215403
v -0.4284668 -0.0794244 0.9197448
v -0.3978236 -0.0825020 0.9201415
v -0.4284668 -0.0794244 0.9197448
v -0.4114696 -0.0688914 0.9222159
v -0.4114916 -0.0921805 0.9236189
v -0.4131238 -0.0915454 0.9787898
v -0.4247398 -0.0912613 0.9879763
v -0.4116074 -0.0800065 0.9885658
v -0.4012462 -0.0634549 0.9849015
v -0.4116074 -0.0800065 0.9885658
v -0.4388791 -0.0775742 0.9875173
v -0.4131238 -0.0915454 0.9787898
v -0.4055822 -0.0946662 0.9873266
v -0.3946561 -0.1180020 0.9352379
v -0.4230226 -0.1307306 0.9594808
v -0.4202138 -0.1104883 0.9196302
v -0.4230226 -0.1307306 0.9594808
v -0.3881369 -0.0747938 0.9319292
v -0.3900473 -0.0976897 0.9232748
v -0.3875891 -0.0637234 0.9699588
v -0.4249111 -0.0595887 0.9420829
v -0.4341334 -0.0586790 0.9639550
v -0.4004935 -0.0540391 0.9577515
v -0.4486989 -0.0742289 0.9577447
v -0.4453714 -0.0952015 0.9388108
v -0.4114696 -0.0688914 0.9222159
v -0.4319196 -0.1205043 0.9824103
v -0.4210708 -0.0614112 0.9840217
v -0.4249111 -0.0595887 0.9420829
v 0.0626792 -0.2916558 1.8258140
v 0.0404779 -0.3052447 1.8276134
v 0.0469259 -0.3148654 1.8214689
v 0.0746539 -0.2892725 1.7975166
v 0.0638998 -0.3130328 1.8032507
v 0.0713215 -0.2723044 1.8131989
v 0.0469259 -0.3148654 1.8214689
v 0.0404779 -0.3052447 1.8276134
v 0.0174085 -0.3126721 1.8202746
v 0.0001182 -0.2867134 1.8134689
v 0.0012255 -0.3024741 1.8015019
v 0.0151947 -0.2508468 1.8018193
v 0.0282573 -0.2535790 1.8218859
v 0.0488346 -0.2462069 1.7956158
v 0.0378365 -0.2843484 1.7614831
v 0.0474646 -0.2959250 1.7553642
v 0.0291144 -0.3026561 1.7574944
v 0.0291144 -0.3026561 1.7574944
v 0.0160120 -0.2954051 1.7594045
v 0.0208613 -0.2715923 1.7576090
v 0.0515045 -0.2746699 1.7580057
v 0.0208613 -0.2715923 1.7576090
v 0.0378585 -0.2610592 1.7600802
v 0.0378365 -0.2843484 1.7614831
v 0.0362044 -0.2837132 1.8166540
v 0.0245883 -0.2834292 1.8258406
v 0.0377207 -0.2721744 1.8264300
v 0.0480819 -0.2556227 1.8227657
v 0.0377207 -0.2721744 1.8264300
v 0.0104490 -0.2697421 1.8253816
v 0.0362044 -0.2837132 1.8166540
v 0.0437460 -0.2868340 1.8251909
v 0.0546720 -0.3101698 1.7731020
v 0.0263056 -0.3228984 1.7973450
v 0.0291144 -0.3026561 1.7574944
v 0.0263056 -0.3228984 1.7973450
v 0.0611913 -0.2669616 1.7697934
v 0.0592808 -0.2898576 1.7611392
v 0.0617390 -0.2558912 1.8078232
v 0.0244170 -0.2517565 1.7799472
v 0.0151947 -0.2508468 1.8018193
v 0.0488346 -0.2462069 1.7956158
v 0.0006293 -0.2663967 1.7956090
v 0.0039568 -0.2873693 1.7766751
v 0.0378585 -0.2610592 1.7600802
v 0.0174085 -0.3126721 1.8202746
v 0.0282573 -0.2535790 1.8218859
v 0.0244170 -0.2517565 1.7799472
v -0.4175098 -0.3175384 1.4752344
v -0.4397111 -0.3311273 1.4770335
v -0.4332630 -0.3407480 1.4708891
v -0.4055350 -0.3151551 1.4469370
v -0.4162892 -0.3389154 1.4526711
v -0.4088674 -0.2981870 1.4626193
v -0.4332630 -0.3407480 1.4708891
v -0.4397111 -0.3311273 1.4770335
v -0.4627804 -0.3385548 1.4696947
v -0.4800707 -0.3125960 1.4628891
v -0.4789635 -0.3283567 1.4509220
v -0.4649942 -0.2767294 1.4512396
v -0.4519316 -0.2794616 1.4713061
v -0.4313543 -0.2720895 1.4450359
v -0.4423524 -0.3102309 1.4109035
v -0.4327243 -0.3218076 1.4047843
v -0.4510745 -0.3285387 1.4069146
v -0.4510745 -0.3285387 1.4069146
v -0.4641769 -0.3212878 1.4088249
v -0.4593276 -0.2974749 1.4070294
v -0.4286844 -0.3005525 1.4074261
v -0.4593276 -0.2974749 1.4070294
v -0.4423304 -0.2869418 1.4095004
v -0.4423524 -0.3102309 1.4109035
v -0.4439846 -0.3095958 1.4660743
v -0.4556006 -0.3093118 1.4752607
v -0.4424682 -0.2980569 1.4758503
v -0.4321070 -0.2815053 1.4721861
v -0.4424682 -0.2980569 1.4758503
v -0.4697399 -0.2956247 1.4748018
v -0.4439846 -0.3095958 1.4660743
v -0.4364429 -0.3127166 1.4746110
v -0.4255169 -0.3360524 1.4225224
v -0.4538833 -0.3487810 1.4467654
v -0.4510745 -0.3285387 1.4069146
v -0.4538833 -0.3487810 1.4467654
v -0.4189976 -0.2928442 1.4192135
v -0.4209081 -0.3157401 1.4105593
v -0.4184499 -0.2817738 1.4572433
v -0.4557719 -0.2776391 1.4293673
v -0.4649942 -0.2767294 1.4512396
v -0.4313543 -0.2720895 1.4450359
v -0.4795597 -0.2922793 1.4450293
v -0.4762322 -0.3132519 1.4260952
v -0.4423304 -0.2869418 1.4095004
v -0.4627804 -0.3385548 1.4696947
v -0.4519316 -0.2794616 1.4713061
v -0.4557719 -0.2776391 1.4293673
v -0.1628308 -0.0469251 1.5504835
v -0.1850321 -0.0605140 1.5522828
v -0.1785840 -0.0701347 1.5461384
v -0.1508560 -0.0445418 1.5221860
v -0.1616102 -0.0683021 1.5279202
v -0.1541884 -0.0275738 1.5378685
v -0.1785840 -0.0701347 1.5461384
v -0.1850321 -0.0605140 1.5522828
v -0.2081014 -0.0679414 1.5449439
v -0.2253917 -0.0419827 1.5381384
v -0.2242845 -0.0577434 1.5261712
v -0.2103152 -0.0061162 1.5264888
v -0.1972526 -0.0088483 1.5465553
v -0.1766753 -0.0014763 1.5202851
v -0.1876734 -0.0396177 1.4861526
v -0.1780453 -0.0511943 1.4800335
v -0.1963955 -0.0579255 1.4821638
v -0.1963955 -0.0579255 1.4821638
v -0.2094979 -0.0506745 1.4840741
v -0.2046486 -0.0268616 1.4822786
v -0.1740054 -0.0299392 1.4826753
v -0.2046486 -0.0268616 1.4822786
v -0.1876514 -0.0163285 1.4847496
v -0.1876734 -0.0396177 1.4861526
v -0.1893055 -0.0389825 1.5413235
v -0.2009216 -0.0386985 1.5505100
v -0.1877892 -0.0274437 1.5510995
v -0.1774280 -0.0108920 1.5474353
v -0.1877892 -0.0274437 1.5510995
v -0.2150609 -0.0250114 1.5500511
v -0.1893055 -0.0389825 1.5413235
v -0.1817639 -0.0421034 1.5498604
v -0.1708379 -0.0654392 1.4977716
v -0.1992044 -0.0781677 1.5220146
v -0.1963955 -0.0579255 1.4821638
v -0.1992044 -0.0781677 1.5220146
v -0.1643186 -0.0222309 1.4944628
v -0.1662291 -0.0451269 1.4858085
v -0.1637709 -0.0111606 1.5324926
v -0.2010929 -0.0070258 1.5046165
v -0.2103152 -0.0061162 1.5264888
v -0.1766753 -0.0014763 1.5202851
v -0.2248807 -0.0216661 1.5202785
v -0.2215531 -0.0426386 1.5013446
v -0.1876514 -0.0163285 1.4847496
v -0.2081014 -0.0679414 1.5449439
v -0.1972526 -0.0088483 1.5465553
v -0.2010929 -0.0070258 1.5046165
v -0.2798056 0.0152111 1.1564546
v -0.3020069 0.0016223 1.1582538
v -0.2955588 -0.0079984 1.1521094
v -0.2678308 0.0175945 1.1281571
v -0.2785850 -0.0061659 1.1338912
v -0.2711632 0.0345625 1.1438395
v -0.2955588 -0.0079984 1.1521094
v -0.3020069 0.0016223 1.1582538
v -0.3250763 -0.0058052 1.1509150
v -0.3423665 0.0201536 1.1441094
v -0.3412593 0.0043928 1.1321423
v -0.3272900 0.0560201 1.1324598
v -0.3142274 0.0532879 1.1525264
v -0.2936501 0.0606600 1.1262562
v -0.3046482 0.0225186 1.0921236
v -0.2950201 0.0109419 1.0860046
v -0.3133704 0.0042108 1.0881349
v -0.3133704 0.0042108 1.0881349
v -0.3264727 0.0114618 1.0900451
v -0.3216234 0.0352747 1.0882496
v -0.2909802 0.0321971 1.0886463
v -0.3216234 0.0352747 1.0882496
v -0.3046262 0.0458077 1.0907207
v -0.3046482 0.0225186 1.0921236
v -0.3062804 0.0231537 1.1472945
v -0.3178965 0.0234378 1.1564810
v -0.3047640 0.0346926 1.1570705
v -0.2944028 0.0512442 1.1534063
v -0.3047640 0.0346926 1.1570705
v -0.3320358 0.0371249 1.1560220
v -0.3062804 0.0231537 1.1472945
v -0.2987387 0.0200329 1.1558312
v -0.2878127 -0.0033029 1.1037426
v -0.3161792 -0.0160314 1.1279856
v -0.3133704 0.0042108 1.0881349
v -0.3161792 -0.0160314 1.1279856
v -0.2812935 0.0399053 1.1004338
v -0.2832039 0.0170094 1.0917796
v -0.2807457 0.0509757 1.1384636
v -0.3180678 0.0551104 1.1105876
v -0.3272900 0.0560201 1.1324598
v -0.2936501 0.0606600 1.1262562
v -0.3418555 0.0404702 1.1262494
v -0.3385280 0.0194977 1.1073155
v -0.3046262 0.0458077 1.0907207
v -0.3250763 -0.0058052 1.1509150
v -0.3142274 0.0532879 1.1525264
v -0.3180678 0.0551104 1.1105876
v 0.2318581 -0.3526227 0.7505709
v 0.2096568 -0.3662116 0.7523701
v 0.2161048 -0.3758323 0.7462257
v 0.2438328 -0.3502394 0.7222735
v 0.2330787 -0.3739998 0.7280076
v 0.2405004 -0.3332714 0.7379557
v 0.2161048 -0.3758323 0.7462257
v 0.2096568 -0.3662116 0.7523701
v 0.1865874 -0.3736390 0.7450314
v 0.1692971 -0.3476803 0.7382258
v 0.1704044 -0.3634411 0.7262587
v 0.1843736 -0.3118138 0.7265761
v 0.1974362 -0.3145460 0.7466428
v 0.2180135 -0.3071739 0.7203727
v 0.2070154 -0.3453153 0.6862400
v 0.2166435 -0.3568919 0.6801211
v 0.1982933 -0.3636231 0.6822513
v 0.1982933 -0.3636231 0.6822513
v 0.1851909 -0.3563721 0.6841614
v 0.1900402 -0.3325592 0.6823660
v 0.2206834 -0.3356368 0.6827627
v 0.1900402 -0.3325592 0.6823660
v 0.2070374 -0.3220261 0.6848370
v 0.2070154 -0.3453153 0.6862400
v 0.2053833 -0.3446802 0.7414109
v 0.1937672 -0.3443961 0.7505974
v 0.2068996 -0.3331413 0.7511870
v 0.2172608 -0.3165896 0.7475227
v 0.2068996 -0.3331413 0.7511870
v 0.1796279 -0.3307090 0.7501384
v 0.2053833 -0.3446802 0.7414109
v 0.2129249 -0.3478010 0.7499477
v 0.2238509 -0.3711368 0.6978590
v 0.1954845 -0.3838653 0.7221019
v 0.1982933 -0.3636231 0.6822513
v 0.1954845 -0.3838653 0.7221019
v 0.2303701 -0.3279286 0.6945502
v 0.2284597 -0.3508245 0.6858960
v 0.2309179 -0.3168582 0.7325799
v 0.1935959 -0.3127234 0.7047040
v 0.1843736 -0.3118138 0.7265761
v 0.2180135 -0.3071739 0.7203727
v 0.1698082 -0.3273637 0.7203658
v 0.1731357 -0.3483362 0.7014319
v 0.2070374 -0.3220261 0.6848370
v 0.1865874 -0.3736390 0.7450314
v 0.1974362 -0.3145460 0.7466428
v 0.1935959 -0.3127234 0.7047040
v 0.2184007 0.0352436 2.0109091
v 0.1961994 0.0216548 2.0127084
v 0.2026474 0.0120340 2.0065639
v 0.2303755 0.0376269 1.9826117
v 0.2196213 0.0138666 1.9883457
v 0.2270430 0.0545950 1.9982940
v 0.2026474 0.0120340 2.0065639
v 0.1961994 0.0216548 2.0127084
v 0.1731300 0.0142273 2.0053694
v 0.1558397 0.0401860 1.9985638
v 0.1569470 0.0244253 1.9865968
v 0.1709162 0.0760526 1.9869142
v 0.1839789 0.0733204 2.0069809
v 0.2045561 0.0806925 1.9807107
v 0.1935580 0.0425510 1.9465781
v 0.2031861 0.0309744 1.9404591
v 0.1848359 0.0242432 1.9425894
v 0.1848359 0.0242432 1.9425894
v 0.1717335 0.0314942 1.9444996
v 0.1765828 0.0553071 1.9427040
v 0.2072260 0.0522295 1.9431007
v 0.1765828 0.0553071 1.9427040
v 0.1935800 0.0658402 1.9451752
v 0.1935580 0.0425510 1.9465781
v 0.1919259 0.0431862 2.0017488
v 0.1803098 0.0434702 2.0109355
v 0.1934423 0.0547251 2.0115252
v 0.2038034 0.0712767 2.0078607
v 0.1934423 0.0547251 2.0115252
v 0.1661705 0.0571573 2.0104766
v 0.1919259 0.0431862 2.0017488
v 0.1994675 0.0400654 2.0102859
v 0.2103935 0.0167296 1.9581971
v 0.1820271 0.0040010 1.9824401
v 0.1848359 0.0242432 1.9425894
v 0.1820271 0.0040010 1.9824401
v 0.2169128 0.0599378 1.9548882
v 0.2150023 0.0370418 1.9462341
v 0.2174605 0.0710081 1.9929180
v 0.1801385 0.0751429 1.9650421
v 0.1709162 0.0760526 1.9869142
v 0.2045561 0.0806925 1.9807107
v 0.1563508 0.0605027 1.9807038
v 0.1596783 0.0395301 1.9617699
v 0.1935800 0.0658402 1.9451752
v 0.1731300 0.0142273 2.0053694
v 0.1839789 0.0733204 2.0069809
v 0.1801385 0.0751429 1.9650421
v 0.2667803 0.0122550 1.4578586
v 0.2445790 -0.0013338 1.4596577
v 0.2510271 -0.0109545 1.4535133
v 0.2787551 0.0146383 1.4295611
v 0.2680009 -0.0091220 1.4352952
v 0.2754226 0.0316064 1.4452435
v 0.2510271 -0.0109545 1.4535133
v 0.2445790 -0.0013338 1.4596577
v 0.2215096 -0.0087613 1.4523190
v 0.2042193 0.0171975 1.4455132
v 0.2053266 0.0014367 1.4335463
v 0.2192958 0.0530640 1.4338638
v 0.2323585 0.0503318 1.4539304
v 0.2529357 0.0577039 1.4276602
v 0.2419377 0.0195625 1.3935276
v 0.2515658 0.0079858 1.3874086
v 0.2332155 0.0012547 1.3895389
v 0.2332155 0.0012547 1.3895389
v 0.2201131 0.0085057 1.3914491
v 0.2249625 0.0323186 1.3896536
v 0.2556056 0.0292410 1.3900503
v 0.2249625 0.0323186 1.3896536
v 0.2419597 0.0428516 1.3921247
v 0.2419377 0.0195625 1.3935276
v 0.2403055 0.0201976 1.4486985
v 0.2286894 0.0204816 1.4578849
v 0.2418219 0.0317365 1.4584745
v 0.2521830 0.0482881 1.4548103
v 0.2418219 0.0317365 1.4584745
v 0.2145502 0.0341687 1.4574261
v 0.2403055 0.0201976 1.4486985
v 0.2478471 0.0170768 1.4572353
v 0.2587732 -0.0062590 1.4051466
v 0.2304067 -0.0189875 1.4293896
v 0.2332155 0.0012547 1.3895389
v 0.2304067 -0.0189875 1.4293896
v 0.2652924 0.0369492 1.4018377
v 0.2633820 0.0140533 1.3931836
v 0.2658401 0.0480196 1.4398675
v 0.2285181 0.0521543 1.4119916
v 0.2192958 0.0530640 1.4338638
v 0.2529357 0.0577039 1.4276602
v 0.2047304 0.0375141 1.4276534
v 0.2080579 0.0165415 1.4087194
v 0.2419597 0.0428516 1.3921247
v 0.2215096 -0.0087613 1.4523190
v 0.2323585 0.0503318 1.4539304
v 0.2285181 0.0521543 1.4119916
v -0.3487725 0.0488384 1.1767091
v -0.3709738 0.0352496 1.1785084
v -0.3645257 0.0256289 1.1723640
v -0.3367977 0.0512217 1.1484116
v -0.3475519 0.0274614 1.1541458
v -0.3401302 0.0681898 1.1640941
v -0.3645257 0.0256289 1.1723640
v -0.3709738 0.0352496 1.1785084
v -0.3940431 0.0278221 1.1711696
v -0.4113334 0.0537809 1.1643640
v -0.4102262 0.0380201 1.1523969
v -0.3962570 0.0896474 1.1527144
v -0.3831944 0.0869152 1.1727810
v -0.3626171 0.0942873 1.1465108
v -0.3736152 0.0561458 1.1123782
v -0.3639870 0.0445692 1.1062592
v -0.3823373 0.0378381 1.1083895
v -0.3823373 0.0378381 1.1083895
v -0.3954397 0.0450891 1.1102997
v -0.3905903 0.0689020 1.1085042
v -0.3599472 0.0658244 1.1089009
v -0.3905903 0.0689020 1.1085042
v -0.3735932 0.0794350 1.1109753
v -0.3736152 0.0561458 1.1123782
v -0.3752473 0.0567810 1.1675491
v -0.3868634 0.0570650 1.1767356
v -0.3737310 0.0683199 1.1773251
v -0.3633697 0.0848715 1.1736609
v -0.3737310 0.0683199 1.1773251
v -0.4010026 0.0707521 1.1762767
v -0.3752473 0.0567810 1.1675491
v -0.3677057 0.0536602 1.1760859
v -0.3567797 0.0303244 1.1239972
v -0.3851461 0.0175958 1.1482402
v -0.3823373 0.0378381 1.1083895
v -0.3851461 0.0175958 1.1482402
v -0.3502604 0.0735326 1.1206884
v -0.3521709 0.0506367 1.1120342
v -0.3497127 0.0846030 1.1587182
v -0.3870347 0.0887377 1.1308422
v -0.3962570 0.0896474 1.1527144
v -0.3626171 0.0942873 1.1465108
v -0.4108224 0.0740975 1.1465040
v -0.4074949 0.0531249 1.1275702
v -0.3735932 0.0794350 1.1109753
v -0.3940431 0.0278221 1.1711696
v -0.3831944 0.0869152 1.1727810
v -0.3870347 0.0887377 1.1308422
v 0.2589392 0.0224815 1.0662190
v 0.2367379 0.0088927 1.0680182
v 0.2431859 -0.0007281 1.0618738
v 0.2709139 0.0248648 1.0379215
v 0.2601598 0.0011045 1.0436556
v 0.2675815 0.0418329 1.0536039
v 0.2431859 -0.0007281 1.0618738
v 0.2367379 0.0088927 1.0680182
v 0.2136685 0.0014652 1.0606794
v 0.1963782 0.0274239 1.0538738
v 0.1974855 0.0116632 1.0419067
v 0.2114547 0.0632904 1.0422242
v 0.2245174 0.0605583 1.0622908
v 0.2450946 0.0679304 1.0360206
v 0.2340965 0.0297889 1.0018880
v 0.2437246 0.0182123 0.9957691
v 0.2253744 0.0114811 0.9978993
v 0.2253744 0.0114811 0.9978993
v 0.2122720 0.0187321 0.9998094
v 0.2171213 0.0425450 0.9980140
v 0.2477645 0.0394674 0.9984107
v 0.2171213 0.0425450 0.9980140
v 0.2341185 0.0530781 1.0004851
v 0.2340965 0.0297889 1.0018880
v 0.2324644 0.0304241 1.0570589
v 0.2208483 0.0307081 1.0662454
v 0.2339808 0.0419629 1.0668349
v 0.2443419 0.0585146 1.0631707
v 0.2339808 0.0419629 1.0668349
v 0.2067090 0.0443952 1.0657865
v 0.2324644 0.0304241 1.0570589
v 0.2400060 0.0273033 1.0655957
v 0.2509320 0.0039675 1.0135070
v 0.2225656 -0.0087611 1.0377500
v 0.2253744 0.0114811 0.9978993
v 0.2225656 -0.0087611 1.0377500
v 0.2574513 0.0471757 1.0101982
v 0.2555408 0.0242797 1.0015440
v 0.2579990 0.0582460 1.0482280
v 0.2206770 0.0623808 1.0203520
v 0.2114547 0.0632904 1.0422242
v 0.2450946 0.0679304 1.0360206
v 0.1968893 0.0477406 1.0360138
v 0.2002168 0.0267680 1.0170799
v 0.2341185 0.0530781 1.0004851
v 0.2136685 0.0014652 1.0606794
v 0.2245174 0.0605583 1.0622908
v 0.2206770 0.0623808 1.0203520
v -0.3951054 -0.1476595 1.2474735
v -0.4173067 -0.1612483 1.2492727
v -0.4108586 -0.1708690 1.2431283
v -0.3831306 -0.1452762 1.2191761
v -0.3938848 -0.1690365 1.2249101
v -0.3864630 -0.1283081 1.2348584
v -0.4108586 -0.1708690 1.2431283
v -0.4173067 -0.1612483 1.2492727
v -0.4403760 -0.1686758 1.2419339
v -0.4576663 -0.1427170 1.2351283
v -0.4565591 -0.1584778 1.2231612
v -0.4425898 -0.1068505 1.2234787
v -0.4295272 -0.1095827 1.2435453
v -0.4089499 -0.1022106 1.2172751
v -0.4199480 -0.1403520 1.1831425
v -0.4103199 -0.1519286 1.1770235
v -0.4286702 -0.1586598 1.1791538
v -0.4286702 -0.1586598 1.1791538
v -0.4417726 -0.1514088 1.1810640
v -0.4369232 -0.1275959 1.1792685
v -0.4062800 -0.1306735 1.1796652
v -0.4369232 -0.1275959 1.1792685
v -0.4199260 -0.1170629 1.1817396
v -0.4199480 -0.1403520 1.1831425
v -0.4215802 -0.1397169 1.2383134
v -0.4331962 -0.1394328 1.2474999
v -0.4200638 -0.1281780 1.2480894
v -0.4097026 -0.1116264 1.2444252
v -0.4200638 -0.1281780 1.2480894
v -0.4473355 -0.1257457 1.2470410
v -0.4215802 -0.1397169 1.2383134
v -0.4140386 -0.1428377 1.2468503
v -0.4031125 -0.1661735 1.1947615
v -0.4314790 -0.1789020 1.2190045
v -0.4286702 -0.1586598 1.1791538
v -0.4314790 -0.1789020 1.2190045
v -0.3965933 -0.1229653 1.1914527
v -0.3985038 -0.1458612 1.1827985
v -0.3960456 -0.1118949 1.2294825
v -0.4333676 -0.1077602 1.2016065
v -0.4425898 -0.1068505 1.2234787
v -0.4089499 -0.1022106 1.2172751
v -0.4571553 -0.1224004 1.2172683
v -0.4538278 -0.1433730 1.1983345
v -0.4199260 -0.1170629 1.1817396
v -0.4403760 -0.1686758 1.2419339
v -0.4295272 -0.1095827 1.2435453
v -0.4333676 -0.1077602 1.2016065
v -0.2526284 -0.0106905 1.7054865
v -0.2748297 -0.0242793 1.7072859
v -0.2683816 -0.0339000 1.7011415
v -0.2406536 -0.0083072 1.6771891
v -0.2514078 -0.0320675 1.6829232
v -0.2439861 0.0086609 1.6928716
v -0.2683816 -0.0339000 1.7011415
v -0.2748297 -0.0242793 1.7072859
v -0.2978990 -0.0317068 1.6999470
v -0.3151893 -0.0057480 1.6931415
v -0.3140821 -0.0215088 1.6811744
v -0.3001128 0.0301185 1.6814919
v -0.2870502 0.0273863 1.7015585
v -0.2664729 0.0347584 1.6752883
v -0.2774710 -0.0033831 1.6411557
v -0.2678429 -0.0149597 1.6350367
v -0.2861932 -0.0216908 1.6371670
v -0.2861932 -0.0216908 1.6371670
v -0.2992956 -0.0144398 1.6390771
v -0.2944462 0.0093731 1.6372817
v -0.2638031 0.0062955 1.6376784
v -0.2944462 0.0093731 1.6372817
v -0.2774490 0.0199061 1.6397527
v -0.2774710 -0.0033831 1.6411557
v -0.2791032 -0.0027479 1.6963266
v -0.2907193 -0.0024639 1.7055131
v -0.2775868 0.0087910 1.7061026
v -0.2672256 0.0253426 1.7024384
v -0.2775868 0.0087910 1.7061026
v -0.3048585 0.0112232 1.7050542
v -0.2791032 -0.0027479 1.6963266
v -0.2715616 -0.0058687 1.7048634
v -0.2606355 -0.0292045 1.6527746
v -0.2890020 -0.0419330 1.6770177
v -0.2861932 -0.0216908 1.6371670
v -0.2890020 -0.0419330 1.6770177
v -0.2541163 0.0140037 1.6494659
v -0.2560267 -0.0088922 1.6408116
v -0.2535686 0.0250741 1.6874957
v -0.2908906 0.0292088 1.6596197
v -0.3001128 0.0301185 1.6814919
v -0.2664729 0.0347584 1.6752883
v -0.3146783 0.0145686 1.6752815
v -0.3113508 -0.0064040 1.6563476
v -0.2774490 0.0199061 1.6397527
v -0.2978990 -0.0317068 1.6999470
v -0.2870502 0.0273863 1.7015585
v -0.2908906 0.0292088 1.6596197
v -0.2031843 -0.3029151 1.2183651
v -0.2253856 -0.3165039 1.2201643
v -0.2189375 -0.3261247 1.2140199
v -0.1912095 -0.3005318 1.1900676
v -0.2019637 -0.3242921 1.1958017
v -0.1945420 -0.2835637 1.2057500
v -0.2189375 -0.3261247 1.2140199
v -0.2253856 -0.3165039 1.2201643
v -0.2484550 -0.3239314 1.2128255
v -0.2657452 -0.2979727 1.2060199
v -0.2646380 -0.3137334 1.1940528
v -0.2506687 -0.2621062 1.1943703
v -0.2376061 -0.2648383 1.2144369
v -0.2170288 -0.2574663 1.1881667
v -0.2280269 -0.2956077 1.1540341
v -0.2183988 -0.3071843 1.1479151
v -0.2367491 -0.3139155 1.1500454
v -0.2367491 -0.3139155 1.1500454
v -0.2498515 -0.3066645 1.1519556
v -0.2450021 -0.2828516 1.1501601
v -0.2143590 -0.2859292 1.1505568
v -0.2450021 -0.2828516 1.1501601
v -0.2280049 -0.2723185 1.1526312
v -0.2280269 -0.2956077 1.1540341
v -0.2296591 -0.2949725 1.2092050
v -0.2412752 -0.2946885 1.2183915
v -0.2281427 -0.2834336 1.2189810
v -0.2177815 -0.2668820 1.2153168
v -0.2281427 -0.2834336 1.2189810
v -0.2554145 -0.2810014 1.2179326
v -0.2296591 -0.2949725 1.2092050
v -0.2221175 -0.2980933 1.2177418
v -0.2111914 -0.3214291 1.1656531
v -0.2395579 -0.3341577 1.1898961
v -0.2367491 -0.3139155 1.1500454
v -0.2395579 -0.3341577 1.1898961
v -0.2046722 -0.2782209 1.1623443
v -0.2065826 -0.3011169 1.1536901
v -0.2041245 -0.2671506 1.2003741
v -0.2414465 -0.2630158 1.1724981
v -0.2506687 -0.2621062 1.1943703
v -0.2170288 -0.2574663 1.1881667
v -0.2652342 -0.2776560 1.1881599
v -0.2619067 -0.2986286 1.1692261
v -0.2280049 -0.2723185 1.1526312
v -0.2484550 -0.3239314 1.2128255
v -0.2376061 -0.2648383 1.2144369
v -0.2414465 -0.2630158 1.1724981
v 0.3248487 -0.0503766 0.8505709
v 0.3026474 -0.0639654 0.8523701
v 0.3090954 -0.0735861 0.8462257
v 0.3368235 -0.0479932 0.8222735
v 0.3260693 -0.0717536 0.8280076
v 0.3334911 -0.0310252 0.8379558
v 0.3090954 -0.0735861 0.8462257
v 0.3026474 -0.0639654 0.8523701
v 0.2795780 -0.0713929 0.8450313
v 0.2622877 -0.0454341 0.8382258
v 0.2633950 -0.0611949 0.8262587
v 0.2773642 -0.0095676 0.8265761
v 0.2904269 -0.0122998 0.8466427
v 0.3110041 -0.0049277 0.8203726
v 0.3000060 -0.0430691 0.7862400
v 0.3096341 -0.0546457 0.7801210
v 0.2912839 -0.0613769 0.7822512
v 0.2912839 -0.0613769 0.7822512
v 0.2781815 -0.0541259 0.7841614
v 0.2830309 -0.0303130 0.7823659
v 0.3136740 -0.0333906 0.7827626
v 0.2830309 -0.0303130 0.7823659
v 0.3000280 -0.0197799 0.7848370
v 0.3000060 -0.0430691 0.7862400
v 0.2983739 -0.0424340 0.8414109
v 0.2867578 -0.0421499 0.8505974
v 0.2998902 -0.0308951 0.8511869
v 0.3102514 -0.0143434 0.8475226
v 0.2998902 -0.0308951 0.8511869
v 0.2726185 -0.0284628 0.8501384
v 0.2983739 -0.0424340 0.8414109
v 0.3059155 -0.0455548 0.8499476
v 0.3168415 -0.0688906 0.7978590
v 0.2884751 -0.0816191 0.8221019
v 0.2912839 -0.0613769 0.7822512
v 0.2884751 -0.0816191 0.8221019
v 0.3233608 -0.0256824 0.7945502
v 0.3214504 -0.0485783 0.7858959
v 0.3239085 -0.0146120 0.8325799
v 0.2865865 -0.0104773 0.8047040
v 0.2773642 -0.0095676 0.8265761
v 0.3110041 -0.0049277 0.8203726
v 0.2627988 -0.0251175 0.8203658
v 0.2661263 -0.0460900 0.8014319
v 0.3000280 -0.0197799 0.7848370
v 0.2795780 -0.0713929 0.8450313
v 0.2904269 -0.0122998 0.8466427
v 0.2865865 -0.0104773 0.8047040
v -0.0525594 0.0932300 2.0816913
v -0.0747607 0.0796412 2.0834901
v -0.0683127 0.0700205 2.0773458
v -0.0405847 0.0956134 2.0533936
v -0.0513388 0.0718530 2.0591278
v -0.0439171 0.1125814 2.0690761
v -0.0683127 0.0700205 2.0773458
v -0.0747607 0.0796412 2.0834901
v -0.0978301 0.0722137 2.0761516
v -0.1151204 0.0981725 2.0693460
v -0.1140131 0.0824118 2.0573788
v -0.1000439 0.1340390 2.0576963
v -0.0869813 0.1313068 2.0777631
v -0.0664040 0.1386789 2.0514929
v -0.0774021 0.1005375 2.0173602
v -0.0677740 0.0889608 2.0112412
v -0.0861242 0.0822297 2.0133715
v -0.0861242 0.0822297 2.0133715
v -0.0992266 0.0894807 2.0152817
v -0.0943772 0.1132936 2.0134861
v -0.0637341 0.1102160 2.0138829
v -0.0943772 0.1132936 2.0134861
v -0.0773801 0.1238267 2.0159574
v -0.0774021 0.1005375 2.0173602
v -0.0790342 0.1011726 2.0725312
v -0.0906503 0.1014567 2.0817175
v -0.0775179 0.1127115 2.0823071
v -0.0671567 0.1292632 2.0786428
v -0.0775179 0.1127115 2.0823071
v -0.1047896 0.1151438 2.0812585
v -0.0790342 0.1011726 2.0725312
v -0.0714926 0.0980518 2.0810678
v -0.0605666 0.0747160 2.0289793
v -0.0889330 0.0619875 2.0532222
v -0.0861242 0.0822297 2.0133715
v -0.0889330 0.0619875 2.0532222
v -0.0540473 0.1179242 2.0256705
v -0.0559578 0.0950283 2.0170162
v -0.0534996 0.1289946 2.0637002
v -0.0908216 0.1331293 2.0358243
v -0.1000439 0.1340390 2.0576963
v -0.0664040 0.1386789 2.0514929
v -0.1146093 0.1184891 2.0514860
v -0.1112818 0.0975166 2.0325522
v -0.0773801 0.1238267 2.0159574
v -0.0978301 0.0722137 2.0761516
v -0.0869813 0.1313068 2.0777631
v -0.0908216 0.1331293 2.0358243
v -0.2083497 0.0396423 1.6306967
v -0.2305510 0.0260535 1.6324959
v -0.2241030 0.0164328 1.6263515
v -0.1963750 0.0420257 1.6023992
v -0.2071292 0.0182653 1.6081332
v -0.1997074 0.0589937 1.6180815
v -0.2241030 0.0164328 1.6263515
v -0.2305510 0.0260535 1.6324959
v -0.2536204 0.0186260 1.6251571
v -0.2709107 0.0445848 1.6183515
v -0.2698034 0.0288240 1.6063844
v -0.2558342 0.0804513 1.6067017
v -0.2427716 0.0777191 1.6267685
v -0.2221943 0.0850912 1.6004983
v -0.2331924 0.0469498 1.5663656
v -0.2235643 0.0353731 1.5602467
v -0.2419145 0.0286420 1.5623770
v -0.2419145 0.0286420 1.5623770
v -0.2550169 0.0358930 1.5642871
v -0.2501675 0.0597059 1.5624915
v -0.2195244 0.0566283 1.5628883
v -0.2501675 0.0597059 1.5624915
v -0.2331704 0.0702389 1.5649627
v -0.2331924 0.0469498 1.5663656
v -0.2348245 0.0475849 1.6215365
v -0.2464406 0.0478690 1.6307231
v -0.2333082 0.0591238 1.6313125
v -0.2229470 0.0756755 1.6276482
v -0.2333082 0.0591238 1.6313125
v -0.2605799 0.0615560 1.6302640
v -0.2348245 0.0475849 1.6215365
v -0.2272829 0.0444641 1.6300733
v -0.2163569 0.0211283 1.5779846
v -0.2447233 0.0083998 1.6022276
v -0.2419145 0.0286420 1.5623770
v -0.2447233 0.0083998 1.6022276
v -0.2098376 0.0643365 1.5746759
v -0.2117481 0.0414406 1.5660217
v -0.2092899 0.0754069 1.6127057
v -0.2466120 0.0795416 1.5848297
v -0.2558342 0.0804513 1.6067017
v -0.2221943 0.0850912 1.6004983
v -0.2703996 0.0649014 1.6004914
v -0.2670722 0.0439288 1.5815576
v -0.2331704 0.0702389 1.5649627
v -0.2536204 0.0186260 1.6251571
v -0.2427716 0.0777191 1.6267685
v -0.2466120 0.0795416 1.5848297
v 0.3180112 0.0452568 1.0760611
v 0.2958100 0.0316679 1.0778604
v 0.3022580 0.0220472 1.0717160
v 0.3299860 0.0476401 1.0477637
v 0.3192318 0.0238798 1.0534978
v 0.3266536 0.0646082 1.0634460
v 0.3022580 0.0220472 1.0717160
v 0.2958100 0.0316679 1.0778604
v 0.2727406 0.0242405 1.0705216
v 0.2554503 0.0501992 1.0637159
v 0.2565575 0.0344385 1.0517489
v 0.2705268 0.0860657 1.0520664
v 0.2835894 0.0833336 1.0721329
v 0.3041667 0.0907056 1.0458629
v 0.2931686 0.0525642 1.0117302
v 0.3027967 0.0409876 1.0056112
v 0.2844464 0.0342564 1.0077415
v 0.2844464 0.0342564 1.0077415
v 0.2713440 0.0415074 1.0096517
v 0.2761934 0.0653203 1.0078561
v 0.3068365 0.0622427 1.0082530
v 0.2761934 0.0653203 1.0078561
v 0.2931906 0.0758534 1.0103272
v 0.2931686 0.0525642 1.0117302
v 0.2915365 0.0531994 1.0669011
v 0.2799204 0.0534834 1.0760876
v 0.2930528 0.0647382 1.0766772
v 0.3034140 0.0812899 1.0730129
v 0.2930528 0.0647382 1.0766772
v 0.2657811 0.0671705 1.0756286
v 0.2915365 0.0531994 1.0669011
v 0.2990780 0.0500786 1.0754379
v 0.3100041 0.0267428 1.0233492
v 0.2816376 0.0140142 1.0475922
v 0.2844464 0.0342564 1.0077415
v 0.2816376 0.0140142 1.0475922
v 0.3165233 0.0699510 1.0200404
v 0.3146129 0.0470550 1.0113862
v 0.3170711 0.0810213 1.0580703
v 0.2797490 0.0851561 1.0301942
v 0.2705268 0.0860657 1.0520664
v 0.3041667 0.0907056 1.0458629
v 0.2559614 0.0705159 1.0458560
v 0.2592888 0.0495433 1.0269221
v 0.2931906 0.0758534 1.0103272
v 0.2727406 0.0242405 1.0705216
v 0.2835894 0.0833336 1.0721329
v 0.2797490 0.0851561 1.0301942
v -0.1472111 -0.1001990 1.8061967
v -0.1694124 -0.1137878 1.8079960
v -0.1629643 -0.1234086 1.8018516
v -0.1352363 -0.0978157 1.7778993
v -0.1459905 -0.1215760 1.7836334
v -0.1385687 -0.0808476 1.7935816
v -0.1629643 -0.1234086 1.8018516
v -0.1694124 -0.1137878 1.8079960
v -0.1924817 -0.1212153 1.8006573
v -0.2097720 -0.0952565 1.7938516
v -0.2086648 -0.1110173 1.7818846
v -0.1946955 -0.0593900 1.7822020
v -0.1816329 -0.0621222 1.8022686
v -0.1610556 -0.0547501 1.7759985
v -0.1720537 -0.0928916 1.7418658
v -0.1624256 -0.1044682 1.7357469
v -0.1807759 -0.1111993 1.7378771
v -0.1807759 -0.1111993 1.7378771
v -0.1938782 -0.1039483 1.7397872
v -0.1890289 -0.0801354 1.7379918
v -0.1583858 -0.0832130 1.7383885
v -0.1890289 -0.0801354 1.7379918
v -0.1720317 -0.0696024 1.7404629
v -0.1720537 -0.0928916 1.7418658
v -0.1736859 -0.0922564 1.7970366
v -0.1853019 -0.0919724 1.8062233
v -0.1721695 -0.0807175 1.8068128
v -0.1618083 -0.0641659 1.8031485
v -0.1721695 -0.0807175 1.8068128
v -0.1994412 -0.0782853 1.8057643
v -0.1736859 -0.0922564 1.7970366
v -0.1661443 -0.0953772 1.8055736
v -0.1552182 -0.1187130 1.7534847
v -0.1835847 -0.1314415 1.7777277
v -0.1807759 -0.1111993 1.7378771
v -0.1835847 -0.1314415 1.7777277
v -0.1486990 -0.0755048 1.7501761
v -0.1506094 -0.0984007 1.7415218
v -0.1481513 -0.0644344 1.7882059
v -0.1854733 -0.0602997 1.7603298
v -0.1946955 -0.0593900 1.7822020
v -0.1610556 -0.0547501 1.7759985
v -0.2092610 -0.0749399 1.7759917
v -0.2059335 -0.0959125 1.7570578
v -0.1720317 -0.0696024 1.7404629
v -0.1924817 -0.1212153 1.8006573
v -0.1816329 -0.0621222 1.8022686
v -0.1854733 -0.0602997 1.7603298
v -0.0318688 -0.1824910 1.9853921
v -0.0540701 -0.1960799 1.9871914
v -0.0476221 -0.2057006 1.9810470
v -0.0198941 -0.1801077 1.9570947
v -0.0306483 -0.2038681 1.9628288
v -0.0232265 -0.1631397 1.9727770
v -0.0476221 -0.2057006 1.9810470
v -0.0540701 -0.1960799 1.9871914
v -0.0771395 -0.2035074 1.9798526
v -0.0944298 -0.1775486 1.9730470
v -0.0933226 -0.1933093 1.9610800
v -0.0793533 -0.1416821 1.9613974
v -0.0662907 -0.1444142 1.9814640
v -0.0457134 -0.1370422 1.9551939
v -0.0567115 -0.1751836 1.9210612
v -0.0470834 -0.1867602 1.9149423
v -0.0654336 -0.1934914 1.9170725
v -0.0654336 -0.1934914 1.9170725
v -0.0785360 -0.1862404 1.9189826
v -0.0736867 -0.1624275 1.9171871
v -0.0430435 -0.1655051 1.9175838
v -0.0736867 -0.1624275 1.9171871
v -0.0566895 -0.1518944 1.9196583
v -0.0567115 -0.1751836 1.9210612
v -0.0583436 -0.1745484 1.9762321
v -0.0699597 -0.1742644 1.9854187
v -0.0568273 -0.1630096 1.9860080
v -0.0464661 -0.1464579 1.9823439
v -0.0568273 -0.1630096 1.9860080
v -0.0840990 -0.1605773 1.9849597
v -0.0583436 -0.1745484 1.9762321
v -0.0508020 -0.1776693 1.9847690
v -0.0398760 -0.2010051 1.9326801
v -0.0682425 -0.2137336 1.9569231
v -0.0654336 -0.1934914 1.9170725
v -0.0682425 -0.2137336 1.9569231
v -0.0333567 -0.1577969 1.9293715
v -0.0352672 -0.1806928 1.9207171
v -0.0328090 -0.1467265 1.9674013
v -0.0701310 -0.1425917 1.9395252
v -0.0793533 -0.1416821 1.9613974
v -0.0457134 -0.1370422 1.9551939
v -0.0939187 -0.1572320 1.9551871
v -0.0905912 -0.1782045 1.9362532
v -0.0566895 -0.1518944 1.9196583
v -0.0771395 -0.2035074 1.9798526
v -0.0662907 -0.1444142 1.9814640
v -0.0701310 -0.1425917 1.9395252
v 0.3448624 0.1434469 1.2400340
v 0.3226611 0.1298581 1.2418332
v 0.3291091 0.1202373 1.2356888
v 0.3568372 0.1458302 1.2117366
v 0.3460830 0.1220699 1.2174706
v 0.3535047 0.1627983 1.2274189
v 0.3291091 0.1202373 1.2356888
v 0.3226611 0.1298581 1.2418332
v 0.2995917 0.1224306 1.2344946
v 0.2823014 0.1483894 1.2276888
v 0.2834087 0.1326286 1.2157218
v 0.2973779 0.1842559 1.2160393
v 0.3104405 0.1815237 1.2361058
v 0.3310178 0.1888958 1.2098358
v 0.3200197 0.1507543 1.1757030
v 0.3296478 0.1391777 1.1695842
v 0.3112976 0.1324465 1.1717144
v 0.3112976 0.1324465 1.1717144
v 0.2981952 0.1396975 1.1736245
v 0.3030446 0.1635105 1.1718291
v 0.3336877 0.1604328 1.1722258
v 0.3030446 0.1635105 1.1718291
v 0.3200417 0.1740435 1.1743001
v 0.3200197 0.1507543 1.1757030
v 0.3183876 0.1513895 1.2308739
v 0.3067715 0.1516735 1.2400604
v 0.3199039 0.1629283 1.2406499
v 0.3302651 0.1794800 1.2369858
v 0.3199039 0.1629283 1.2406499
v 0.2926322 0.1653606 1.2396016
v 0.3183876 0.1513895 1.2308739
v 0.3259292 0.1482687 1.2394109
v 0.3368552 0.1249329 1.1873220
v 0.3084888 0.1122043 1.2115650
v 0.3112976 0.1324465 1.1717144
v 0.3084888 0.1122043 1.2115650
v 0.3433745 0.1681411 1.1840132
v 0.3414640 0.1452451 1.1753591
v 0.3439222 0.1792114 1.2220430
v 0.3066002 0.1833462 1.1941670
v 0.2973779 0.1842559 1.2160393
v 0.3310178 0.1888958 1.2098358
v 0.2828125 0.1687060 1.2098290
v 0.2861400 0.1477334 1.1908950
v 0.3200417 0.1740435 1.1743001
v 0.2995917 0.1224306 1.2344946
v 0.3104405 0.1815237 1.2361058
v 0.3066002 0.1833462 1.1941670
v 0.0891283 0.2113960 0.6258140
v 0.0669270 0.1978072 0.6276133
v 0.0733751 0.1881865 0.6214689
v 0.1011031 0.2137794 0.5975166
v 0.0903489 0.1900191 0.6032507
v 0.0977707 0.2307474 0.6131989
v 0.0733751 0.1881865 0.6214689
v 0.0669270 0.1978072 0.6276133
v 0.0438577 0.1903798 0.6202745
v 0.0265674 0.2163385 0.6134689
v 0.0276746 0.2005778 0.6015018
v 0.0416439 0.2522050 0.6018193
v 0.0547065 0.2494728 0.6218858
v 0.0752838 0.2568449 0.5956157
v 0.0642857 0.2187034 0.5614831
v 0.0739138 0.2071269 0.5553642
v 0.0555636 0.2003957 0.5574944
v 0.0555636 0.2003957 0.5574944
v 0.0424612 0.2076467 0.5594045
v 0.0473105 0.2314596 0.5576090
v 0.0779537 0.2283820 0.5580058
v 0.0473105 0.2314596 0.5576090
v 0.0643077 0.2419927 0.5600801
v 0.0642857 0.2187034 0.5614831
v 0.0626536 0.2193387 0.6166540
v 0.0510375 0.2196227 0.6258405
v 0.0641699 0.2308775 0.6264301
v 0.0745311 0.2474292 0.6227658
v 0.0641699 0.2308775 0.6264301
v 0.0368982 0.2333098 0.6253815
v 0.0626536 0.2193387 0.6166540
v 0.0701952 0.2162178 0.6251907
v 0.0811212 0.1928820 0.5731021
v 0.0527547 0.1801535 0.5973451
v 0.0555636 0.2003957 0.5574944
v 0.0527547 0.1801535 0.5973451
v 0.0876405 0.2360902 0.5697934
v 0.0857300 0.2131943 0.5611390
v 0.0881882 0.2471606 0.6078231
v 0.0508661 0.2512954 0.5799471
v 0.0416439 0.2522050 0.6018193
v 0.0752838 0.2568449 0.5956157
v 0.0270785 0.2366551 0.5956089
v 0.0304059 0.2156826 0.5766750
v 0.0643077 0.2419927 0.5600801
v 0.0438577 0.1903798 0.6202745
v 0.0547065 0.2494728 0.6218858
v 0.0508661 0.2512954 0.5799471
v 0.0273282 0.3482677 1.4213175
v 0.0051269 0.3346788 1.4231167
v 0.0115750 0.3250581 1.4169723
v 0.0393030 0.3506510 1.3930200
v 0.0285488 0.3268907 1.3987541
v 0.0359705 0.3676190 1.4087024
v 0.0115750 0.3250581 1.4169723
v 0.0051269 0.3346788 1.4231167
v -0.0179425 0.3272513 1.4157778
v -0.0352328 0.3532101 1.4089723
v -0.0341255 0.3374494 1.3970051
v -0.0201563 0.3890767 1.3973227
v -0.0070936 0.3863445 1.4173892
v 0.0134837 0.3937165 1.3911192
v 0.0024855 0.3555751 1.3569865
v 0.0121137 0.3439985 1.3508674
v -0.0062366 0.3372673 1.3529977
v -0.0062366 0.3372673 1.3529977
v -0.0193390 0.3445183 1.3549080
v -0.0144896 0.3683312 1.3531125
v 0.0161535 0.3652536 1.3535092
v -0.0144896 0.3683312 1.3531125
v 0.0025075 0.3788643 1.3555834
v 0.0024855 0.3555751 1.3569865
v 0.0008534 0.3562103 1.4121574
v -0.0107627 0.3564943 1.4213439
v 0.0023698 0.3677491 1.4219334
v 0.0127310 0.3843008 1.4182692
v 0.0023698 0.3677491 1.4219334
v -0.0249020 0.3701814 1.4208850
v 0.0008534 0.3562103 1.4121574
v 0.0083950 0.3530895 1.4206942
v 0.0193210 0.3297537 1.3686055
v -0.0090454 0.3170251 1.3928485
v -0.0062366 0.3372673 1.3529977
v -0.0090454 0.3170251 1.3928485
v 0.0258403 0.3729619 1.3652967
v 0.0239298 0.3500659 1.3566425
v 0.0263880 0.3840322 1.4033266
v -0.0109340 0.3881670 1.3754504
v -0.0201563 0.3890767 1.3973227
v 0.0134837 0.3937165 1.3911192
v -0.0347217 0.3735268 1.3911123
v -0.0313942 0.3525542 1.3721784
v 0.0025075 0.3788643 1.3555834
v -0.0179425 0.3272513 1.4157778
v -0.0070936 0.3863445 1.4173892
v -0.0109340 0.3881670 1.3754504
v -0.1673939 0.0415110 1.9833052
v -0.1895952 0.0279222 1.9851043
v -0.1831472 0.0183015 1.9789599
v -0.1554191 0.0438944 1.9550078
v -0.1661733 0.0201340 1.9607419
v -0.1587516 0.0608624 1.9706901
v -0.1831472 0.0183015 1.9789599
v -0.1895952 0.0279222 1.9851043
v -0.2126646 0.0204947 1.9777656
v -0.2299549 0.0464535 1.9709600
v -0.2288476 0.0306927 1.9589928
v -0.2148784 0.0823200 1.9593104
v -0.2018157 0.0795878 1.9793769
v -0.1812384 0.0869599 1.9531068
v -0.1922366 0.0488185 1.9189743
v -0.1826084 0.0372418 1.9128551
v -0.2009587 0.0305107 1.9149854
v -0.2009587 0.0305107 1.9149854
v -0.2140611 0.0377617 1.9168957
v -0.2092118 0.0615746 1.9151002
v -0.1785686 0.0584970 1.9154969
v -0.2092118 0.0615746 1.9151002
v -0.1922146 0.0721076 1.9175712
v -0.1922366 0.0488185 1.9189743
v -0.1938687 0.0494536 1.9741452
v -0.2054848 0.0497377 1.9833316
v -0.1923523 0.0609925 1.9839212
v -0.1819912 0.0775441 1.9802569
v -0.1923523 0.0609925 1.9839212
v -0.2196240 0.0634248 1.9828727
v -0.1938687 0.0494536 1.9741452
v -0.1863271 0.0463328 1.9826820
v -0.1754011 0.0229970 1.9305933
v -0.2037675 0.0102685 1.9548362
v -0.2009587 0.0305107 1.9149854
v -0.2037675 0.0102685 1.9548362
v -0.1688818 0.0662052 1.9272845
v -0.1707923 0.0433093 1.9186301
v -0.1683341 0.0772756 1.9653143
v -0.2056561 0.0814103 1.9374381
v -0.2148784 0.0823200 1.9593104
v -0.1812384 0.0869599 1.9531068
v -0.2294438 0.0667701 1.9531001
v -0.2261163 0.0457975 1.9341662
v -0.1922146 0.0721076 1.9175712
v -0.2126646 0.0204947 1.9777656
v -0.2018157 0.0795878 1.9793769
v -0.2056561 0.0814103 1.9374381
v 0.2662706 0.3291934 1.4063818
v 0.2440693 0.3156046 1.4081811
v 0.2505174 0.3059839 1.4020367
v 0.2782454 0.3315768 1.3780844
v 0.2674912 0.3078164 1.3838185
v 0.2749130 0.3485448 1.3937668
v 0.2505174 0.3059839 1.4020367
v 0.2440693 0.3156046 1.4081811
v 0.2210000 0.3081771 1.4008423
v 0.2037097 0.3341359 1.3940367
v 0.2048169 0.3183751 1.3820695
v 0.2187862 0.3700024 1.3823870
v 0.2318488 0.3672702 1.4024538
v 0.2524261 0.3746423 1.3761834
v 0.2414280 0.3365009 1.3420509
v 0.2510561 0.3249242 1.3359318
v 0.2327059 0.3181931 1.3380620
v 0.2327059 0.3181931 1.3380620
v 0.2196035 0.3254441 1.3399724
v 0.2244528 0.3492570 1.3381768
v 0.2550960 0.3461793 1.3385736
v 0.2244528 0.3492570 1.3381768
v 0.2414500 0.3597901 1.3406481
v 0.2414280 0.3365009 1.3420509
v 0.2397958 0.3371360 1.3972218
v 0.2281798 0.3374201 1.4064083
v 0.2413122 0.3486749 1.4069978
v 0.2516734 0.3652265 1.4033335
v 0.2413122 0.3486749 1.4069978
v 0.2140405 0.3511071 1.4059494
v 0.2397958 0.3371360 1.3972218
v 0.2473374 0.3340152 1.4057586
v 0.2582635 0.3106794 1.3536699
v 0.2298970 0.2979509 1.3779129
v 0.2327059 0.3181931 1.3380620
v 0.2298970 0.2979509 1.3779129
v 0.2647828 0.3538876 1.3503611
v 0.2628723 0.3309917 1.3417069
v 0.2653305 0.3649580 1.3883909
v 0.2280084 0.3690927 1.3605150
v 0.2187862 0.3700024 1.3823870
v 0.2524261 0.3746423 1.3761834
v 0.2042207 0.3544525 1.3761767
v 0.2075482 0.3334799 1.3572428
v 0.2414500 0.3597901 1.3406481
v 0.2210000 0.3081771 1.4008423
v 0.2318488 0.3672702 1.4024538
v 0.2280084 0.3690927 1.3605150
v -0.0148469 -0.1327163 2.0830100
v -0.0370482 -0.1463051 2.0848091
v -0.0306001 -0.1559259 2.0786645
v -0.0028721 -0.1303329 2.0547121
v -0.0136263 -0.1540933 2.0604465
v -0.0062046 -0.1133649 2.0703948
v -0.0306001 -0.1559259 2.0786645
v -0.0370482 -0.1463051 2.0848091
v -0.0601176 -0.1537326 2.0774703
v -0.0774079 -0.1277738 2.0706646
v -0.0763006 -0.1435346 2.0586975
v -0.0623314 -0.0919073 2.0590150
v -0.0492687 -0.0946395 2.0790818
v -0.0286914 -0.0872674 2.0528116
v -0.0396895 -0.1254089 2.0186789
v -0.0300614 -0.1369855 2.0125597
v -0.0484117 -0.1437166 2.0146902
v -0.0484117 -0.1437166 2.0146902
v -0.0615141 -0.1364656 2.0166004
v -0.0566647 -0.1126527 2.0148048
v -0.0260216 -0.1157303 2.0152016
v -0.0566647 -0.1126527 2.0148048
v -0.0396675 -0.1021197 2.0172760
v -0.0396895 -0.1254089 2.0186789
v -0.0413217 -0.1247737 2.0738499
v -0.0529378 -0.1244897 2.0830362
v -0.0398053 -0.1132348 2.0836258
v -0.0294441 -0.0966832 2.0799615
v -0.0398053 -0.1132348 2.0836258
v -0.0670770 -0.1108026 2.0825772
v -0.0413217 -0.1247737 2.0738499
v -0.0337801 -0.1278945 2.0823865
v -0.0228540 -0.1512303 2.0302980
v -0.0512205 -0.1639588 2.0545409
v -0.0484117 -0.1437166 2.0146902
v -0.0512205 -0.1639588 2.0545409
v -0.0163348 -0.1080221 2.0269892
v -0.0182452 -0.1309180 2.0183349
v -0.0157871 -0.0969517 2.0650189
v -0.0531091 -0.0928170 2.0371430
v -0.0623314 -0.0919073 2.0590150
v -0.0286914 -0.0872674 2.0528116
v -0.0768968 -0.1074572 2.0528047
v -0.0735693 -0.1284298 2.0338709
v -0.0396675 -0.1021197 2.0172760
v -0.0601176 -0.1537326 2.0774703
v -0.0492687 -0.0946395 2.0790818
v -0.0531091 -0.0928170 2.0371430
v -0.2991985 0.1440117 1.9412755
v -0.3213998 0.1304229 1.9430746
v -0.3149517 0.1208022 1.9369302
v -0.2872238 0.1463951 1.9129781
v -0.2979779 0.1226347 1.9187121
v -0.2905562 0.1633631 1.9286604
v -0.3149517 0.1208022 1.9369302
v -0.3213998 0.1304229 1.9430746
v -0.3444691 0.1229954 1.9357359
v -0.3617595 0.1489542 1.9289303
v -0.3606522 0.1331935 1.9169631
v -0.3466830 0.1848207 1.9172807
v -0.3336203 0.1820885 1.9373472
v -0.3130431 0.1894606 1.9110770
v -0.3240412 0.1513192 1.8769445
v -0.3144131 0.1397426 1.8708254
v -0.3327633 0.1330114 1.8729557
v -0.3327633 0.1330114 1.8729557
v -0.3458657 0.1402624 1.8748660
v -0.3410163 0.1640753 1.8730705
v -0.3103732 0.1609977 1.8734672
v -0.3410163 0.1640753 1.8730705
v -0.3240192 0.1746084 1.8755414
v -0.3240412 0.1513192 1.8769445
v -0.3256733 0.1519544 1.9321154
v -0.3372894 0.1522384 1.9413018
v -0.3241569 0.1634932 1.9418914
v -0.3137958 0.1800449 1.9382272
v -0.3241569 0.1634932 1.9418914
v -0.3514287 0.1659255 1.9408430
v -0.3256733 0.1519544 1.9321154
v -0.3181317 0.1488335 1.9406523
v -0.3072057 0.1254977 1.8885635
v -0.3355721 0.1127692 1.9128065
v -0.3327633 0.1330114 1.8729557
v -0.3355721 0.1127692 1.9128065
v -0.3006864 0.1687060 1.8852546
v -0.3025969 0.1458100 1.8766005
v -0.3001387 0.1797763 1.9232845
v -0.3374607 0.1839111 1.8954084
v -0.3466830 0.1848207 1.9172807
v -0.3130431 0.1894606 1.9110770
v -0.3612484 0.1692708 1.9110703
v -0.3579209 0.1482983 1.8921363
v -0.3240192 0.1746084 1.8755414
v -0.3444691 0.1229954 1.9357359
v -0.3336203 0.1820885 1.9373472
v -0.3374607 0.1839111 1.8954084
v -0.2365647 -0.0681501 1.5707382
v -0.2587660 -0.0817389 1.5725373
v -0.2523179 -0.0913597 1.5663929
v -0.2245899 -0.0657668 1.5424408
v -0.2353441 -0.0895271 1.5481749
v -0.2279223 -0.0487987 1.5581231
v -0.2523179 -0.0913597 1.5663929
v -0.2587660 -0.0817389 1.5725373
v -0.2818353 -0.0891664 1.5651987
v -0.2991256 -0.0632077 1.5583929
v -0.2980184 -0.0789684 1.5464259
v -0.2840491 -0.0273411 1.5467434
v -0.2709865 -0.0300733 1.5668100
v -0.2504092 -0.0227012 1.5405399
v -0.2614073 -0.0608427 1.5064073
v -0.2517792 -0.0724193 1.5002882
v -0.2701295 -0.0791505 1.5024185
v -0.2701295 -0.0791505 1.5024185
v -0.2832319 -0.0718995 1.5043287
v -0.2783825 -0.0480866 1.5025332
v -0.2477394 -0.0511642 1.5029299
v -0.2783825 -0.0480866 1.5025332
v -0.2613853 -0.0375535 1.5050043
v -0.2614073 -0.0608427 1.5064073
v -0.2630395 -0.0602075 1.5615782
v -0.2746556 -0.0599235 1.5707645
v -0.2615231 -0.0486686 1.5713542
v -0.2511619 -0.0321170 1.5676898
v -0.2615231 -0.0486686 1.5713542
v -0.2887948 -0.0462364 1.5703056
v -0.2630395 -0.0602075 1.5615782
v -0.2554978 -0.0633283 1.5701149
v -0.2445718 -0.0866641 1.5180262
v -0.2729383 -0.0993927 1.5422692
v -0.2701295 -0.0791505 1.5024185
v -0.2729383 -0.0993927 1.5422692
v -0.2380525 -0.0434559 1.5147173
v -0.2399630 -0.0663519 1.5060632
v -0.2375049 -0.0323856 1.5527471
v -0.2748269 -0.0282508 1.5248712
v -0.2840491 -0.0273411 1.5467434
v -0.2504092 -0.0227012 1.5405399
v -0.2986146 -0.0428910 1.5405331
v -0.2952871 -0.0638636 1.5215991
v -0.2613853 -0.0375535 1.5050043
v -0.2818353 -0.0891664 1.5651987
v -0.2709865 -0.0300733 1.5668100
v -0.2748269 -0.0282508 1.5248712
v -0.2625992 -0.3983082 0.9179851
v -0.2848005 -0.4118970 0.9197843
v -0.2783524 -0.4215177 0.9136399
v -0.2506244 -0.3959248 0.8896877
v -0.2613786 -0.4196852 0.8954217
v -0.2539568 -0.3789568 0.9053699
v -0.2783524 -0.4215177 0.9136399
v -0.2848005 -0.4118970 0.9197843
v -0.3078698 -0.4193245 0.9124456
v -0.3251601 -0.3933657 0.9056399
v -0.3240529 -0.4091265 0.8936728
v -0.3100836 -0.3574992 0.8939903
v -0.2970210 -0.3602314 0.9140569
v -0.2764437 -0.3528593 0.8877869
v -0.2874418 -0.3910007 0.8536541
v -0.2778137 -0.4025773 0.8475353
v -0.2961640 -0.4093085 0.8496655
v -0.2961640 -0.4093085 0.8496655
v -0.3092664 -0.4020575 0.8515756
v -0.3044170 -0.3782446 0.8497801
v -0.2737738 -0.3813222 0.8501768
v -0.3044170 -0.3782446 0.8497801
v -0.2874198 -0.3677115 0.8522512
v -0.2874418 -0.3910007 0.8536541
v -0.2890740 -0.3903656 0.9088250
v -0.3006901 -0.3900815 0.9180115
v -0.2875576 -0.3788267 0.9186012
v -0.2771964 -0.3622750 0.9149368
v -0.2875576 -0.3788267 0.9186012
v -0.3148293 -0.3763945 0.9175525
v -0.2890740 -0.3903656 0.9088250
v -0.2815323 -0.3934864 0.9173618
v -0.2706063 -0.4168222 0.8652732
v -0.2989728 -0.4295507 0.8895161
v -0.2961640 -0.4093085 0.8496655
v -0.2989728 -0.4295507 0.8895161
v -0.2640871 -0.3736140 0.8619644
v -0.2659975 -0.3965099 0.8533102
v -0.2635393 -0.3625436 0.8999942
v -0.3008614 -0.3584088 0.8721181
v -0.3100836 -0.3574992 0.8939903
v -0.2764437 -0.3528593 0.8877869
v -0.3246491 -0.3730491 0.8877801
v -0.3213216 -0.3940216 0.8688461
v -0.2874198 -0.3677115 0.8522512
v -0.3078698 -0.4193245 0.9124456
v -0.2970210 -0.3602314 0.9140569
v -0.3008614 -0.3584088 0.8721181
v 0.0921366 0.0919108 1.7948483
v 0.0699353 0.0783219 1.7966474
v 0.0763834 0.0687012 1.7905030
v 0.1041114 0.0942941 1.7665509
v 0.0933572 0.0705338 1.7722850
v 0.1007789 0.1112622 1.7822332
v 0.0763834 0.0687012 1.7905030
v 0.0699353 0.0783219 1.7966474
v 0.0468659 0.0708945 1.7893088
v 0.0295756 0.0968532 1.7825030
v 0.0306829 0.0810925 1.7705359
v 0.0446521 0.1327197 1.7708535
v 0.0577148 0.1299876 1.7909200
v 0.0782921 0.1373596 1.7646499
v 0.0672939 0.0992182 1.7305174
v 0.0769221 0.0876416 1.7243983
v 0.0585718 0.0809104 1.7265286
v 0.0585718 0.0809104 1.7265286
v 0.0454694 0.0881614 1.7284389
v 0.0503188 0.1119743 1.7266433
v 0.0809619 0.1088967 1.7270401
v 0.0503188 0.1119743 1.7266433
v 0.0673159 0.1225074 1.7291143
v 0.0672939 0.0992182 1.7305174
v 0.0656618 0.0998534 1.7856883
v 0.0540457 0.1001374 1.7948747
v 0.0671782 0.1113922 1.7954643
v 0.0775393 0.1279439 1.7918000
v 0.0671782 0.1113922 1.7954643
v 0.0399064 0.1138245 1.7944158
v 0.0656618 0.0998534 1.7856883
v 0.0732034 0.0967325 1.7942251
v 0.0841294 0.0733967 1.7421364
v 0.0557630 0.0606682 1.7663794
v 0.0585718 0.0809104 1.7265286
v 0.0557630 0.0606682 1.7663794
v 0.0906487 0.1166050 1.7388275
v 0.0887382 0.0937090 1.7301733
v 0.0911964 0.1276753 1.7768573
v 0.0538744 0.1318101 1.7489812
v 0.0446521 0.1327197 1.7708535
v 0.0782921 0.1373596 1.7646499
v 0.0300867 0.1171699 1.7646432
v 0.0334142 0.0961973 1.7457092
v 0.0673159 0.1225074 1.7291143
v 0.0468659 0.0708945 1.7893088
v 0.0577148 0.1299876 1.7909200
v 0.0538744 0.1318101 1.7489812
v 0.2278422 0.3795070 1.4162235
v 0.2056409 0.3659182 1.4180229
v 0.2120889 0.3562974 1.4118785
v 0.2398169 0.3818904 1.3879261
v 0.2290627 0.3581300 1.3936602
v 0.2364845 0.3988584 1.4036086
v 0.2120889 0.3562974 1.4118785
v 0.2056409 0.3659182 1.4180229
v 0.1825715 0.3584907 1.4106842
v 0.1652812 0.3844495 1.4038785
v 0.1663885 0.3686887 1.3919114
v 0.1803577 0.4203160 1.3922288
v 0.1934203 0.4175838 1.4122955
v 0.2139976 0.4249558 1.3860253
v 0.2029995 0.3868144 1.3518927
v 0.2126276 0.3752378 1.3457737
v 0.1942774 0.3685066 1.3479040
v 0.1942774 0.3685066 1.3479040
v 0.1811750 0.3757577 1.3498142
v 0.1860243 0.3995705 1.3480186
v 0.2166675 0.3964930 1.3484154
v 0.1860243 0.3995705 1.3480186
v 0.2030215 0.4101036 1.3504897
v 0.2029995 0.3868144 1.3518927
v 0.2013673 0.3874496 1.4070636
v 0.1897513 0.3877336 1.4162501
v 0.2028837 0.3989885 1.4168396
v 0.2132449 0.4155402 1.4131753
v 0.2028837 0.3989885 1.4168396
v 0.1756120 0.4014207 1.4157912
v 0.2013673 0.3874496 1.4070636
v 0.2089090 0.3843288 1.4156004
v 0.2198350 0.3609930 1.3635117
v 0.1914685 0.3482645 1.3877547
v 0.1942774 0.3685066 1.3479040
v 0.1914685 0.3482645 1.3877547
v 0.2263543 0.4042012 1.3602029
v 0.2244438 0.3813053 1.3515488
v 0.2269020 0.4152716 1.3982327
v 0.1895799 0.4194063 1.3703567
v 0.1803577 0.4203160 1.3922288
v 0.2139976 0.4249558 1.3860253
v 0.1657923 0.4047661 1.3860185
v 0.1691198 0.3837935 1.3670846
v 0.2030215 0.4101036 1.3504897
v 0.1825715 0.3584907 1.4106842
v 0.1934203 0.4175838 1.4122955
v 0.1895799 0.4194063 1.3703567
v 0.0422635 -0.1530189 1.9749801
v 0.0200622 -0.1666077 1.9767795
v 0.0265102 -0.1762284 1.9706351
v 0.0542383 -0.1506356 1.9466827
v 0.0434841 -0.1743959 1.9524168
v 0.0509058 -0.1336675 1.9623650
v 0.0265102 -0.1762284 1.9706351
v 0.0200622 -0.1666077 1.9767795
v -0.0030072 -0.1740352 1.9694407
v -0.0202975 -0.1480764 1.9626350
v -0.0191902 -0.1638372 1.9506680
v -0.0052210 -0.1122099 1.9509853
v 0.0078417 -0.1149421 1.9710521
v 0.0284189 -0.1075700 1.9447819
v 0.0174208 -0.1457115 1.9106492
v 0.0270490 -0.1572880 1.9045303
v 0.0086987 -0.1640192 1.9066606
v 0.0086987 -0.1640192 1.9066606
v -0.0044037 -0.1567682 1.9085706
v 0.0004457 -0.1329553 1.9067751
v 0.0310888 -0.1360329 1.9071718
v 0.0004457 -0.1329553 1.9067751
v 0.0174428 -0.1224223 1.9092463
v 0.0174208 -0.1457115 1.9106492
v 0.0157887 -0.1450763 1.9658201
v 0.0041726 -0.1447922 1.9750067
v 0.0173051 -0.1335374 1.9755961
v 0.0276662 -0.1169858 1.9719318
v 0.0173051 -0.1335374 1.9755961
v -0.0099667 -0.1311051 1.9745477
v 0.0157887 -0.1450763 1.9658201
v 0.0233303 -0.1481971 1.9743570
v 0.0342563 -0.1715329 1.9222682
v 0.0058899 -0.1842615 1.9465111
v 0.0086987 -0.1640192 1.9066606
v 0.0058899 -0.1842615 1.9465111
v 0.0407756 -0.1283247 1.9189595
v 0.0388651 -0.1512206 1.9103053
v 0.0413233 -0.1172543 1.9569893
v 0.0040013 -0.1131196 1.9291133
v -0.0052210 -0.1122099 1.9509853
v 0.0284189 -0.1075700 1.9447819
v -0.0197864 -0.1277598 1.9447750
v -0.0164589 -0.1487324 1.9258412
v 0.0174428 -0.1224223 1.9092463
v -0.0030072 -0.1740352 1.9694407
v 0.0078417 -0.1149421 1.9710521
v 0.0040013 -0.1131196 1.9291133
v 0.3465533 0.0115547 1.4474458
v 0.3243520 -0.0020342 1.4492451
v 0.3308000 -0.0116549 1.4431007
v 0.3585280 0.0139380 1.4191483
v 0.3477738 -0.0098223 1.4248825
v 0.3551956 0.0309060 1.4348308
v 0.3308000 -0.0116549 1.4431007
v 0.3243520 -0.0020342 1.4492451
v 0.3012826 -0.0094616 1.4419062
v 0.2839923 0.0164971 1.4351007
v 0.2850995 0.0007364 1.4231335
v 0.2990688 0.0523636 1.4234511
v 0.3121314 0.0496315 1.4435177
v 0.3327087 0.0570035 1.4172474
v 0.3217106 0.0188621 1.3831149
v 0.3313387 0.0072855 1.3769958
v 0.3129885 0.0005543 1.3791261
v 0.3129885 0.0005543 1.3791261
v 0.2998861 0.0078053 1.3810364
v 0.3047355 0.0316182 1.3792409
v 0.3353786 0.0285406 1.3796376
v 0.3047355 0.0316182 1.3792409
v 0.3217326 0.0421513 1.3817120
v 0.3217106 0.0188621 1.3831149
v 0.3200785 0.0194973 1.4382858
v 0.3084624 0.0197813 1.4474723
v 0.3215948 0.0310361 1.4480618
v 0.3319560 0.0475878 1.4443976
v 0.3215948 0.0310361 1.4480618
v 0.2943231 0.0334684 1.4470134
v 0.3200785 0.0194973 1.4382858
v 0.3276201 0.0163764 1.4468226
v 0.3385461 -0.0069594 1.3947339
v 0.3101796 -0.0196879 1.4189769
v 0.3129885 0.0005543 1.3791261
v 0.3101796 -0.0196879 1.4189769
v 0.3450654 0.0362489 1.3914251
v 0.3431549 0.0133529 1.3827708
v 0.3456131 0.0473192 1.4294549
v 0.3082911 0.0514540 1.4015789
v 0.2990688 0.0523636 1.4234511
v 0.3327087 0.0570035 1.4172474
v 0.2845034 0.0368138 1.4172407
v 0.2878309 0.0158412 1.3983068
v 0.3217326 0.0421513 1.3817120
v 0.3012826 -0.0094616 1.4419062
v 0.3121314 0.0496315 1.4435177
v 0.3082911 0.0514540 1.4015789
v -0.2261594 0.0954634 1.9937172
v -0.2483606 0.0818745 1.9955163
v -0.2419126 0.0722538 1.9893719
v -0.2141846 0.0978467 1.9654198
v -0.2249388 0.0740864 1.9711539
v -0.2175170 0.1148147 1.9811021
v -0.2419126 0.0722538 1.9893719
v -0.2483606 0.0818745 1.9955163
v -0.2714300 0.0744471 1.9881777
v -0.2887203 0.1004058 1.9813720
v -0.2876130 0.0846451 1.9694048
v -0.2736438 0.1362723 1.9697224
v -0.2605812 0.1335402 1.9897889
v -0.2400039 0.1409122 1.9635187
v -0.2510020 0.1027708 1.9293863
v -0.2413739 0.0911942 1.9232671
v -0.2597241 0.0844630 1.9253974
v -0.2597241 0.0844630 1.9253974
v -0.2728265 0.0917140 1.9273077
v -0.2679771 0.1155269 1.9255122
v -0.2373340 0.1124493 1.9259089
v -0.2679771 0.1155269 1.9255122
v -0.2509800 0.1260600 1.9279832
v -0.2510020 0.1027708 1.9293863
v -0.2526342 0.1034060 1.9845572
v -0.2642502 0.1036900 1.9937435
v -0.2511178 0.1149448 1.9943331
v -0.2407566 0.1314965 1.9906689
v -0.2511178 0.1149448 1.9943331
v -0.2783895 0.1173771 1.9932847
v -0.2526342 0.1034060 1.9845572
v -0.2450925 0.1002851 1.9930940
v -0.2341665 0.0769493 1.9410052
v -0.2625330 0.0642208 1.9652482
v -0.2597241 0.0844630 1.9253974
v -0.2625330 0.0642208 1.9652482
v -0.2276472 0.1201576 1.9376965
v -0.2295577 0.0972616 1.9290422
v -0.2270996 0.1312279 1.9757262
v -0.2644215 0.1353627 1.9478501
v -0.2736438 0.1362723 1.9697224
v -0.2400039 0.1409122 1.9635187
v -0.2882092 0.1207224 1.9635121
v -0.2848818 0.0997499 1.9445782
v -0.2509800 0.1260600 1.9279832
v -0.2714300 0.0744471 1.9881777
v -0.2605812 0.1335402 1.9897889
v -0.2644215 0.1353627 1.9478501
v -0.3360333 -0.1248842 1.2573156
v -0.3582346 -0.1384730 1.2591149
v -0.3517865 -0.1480938 1.2529705
v -0.3240585 -0.1225009 1.2290182
v -0.3348127 -0.1462612 1.2347523
v -0.3273910 -0.1055328 1.2447006
v -0.3517865 -0.1480938 1.2529705
v -0.3582346 -0.1384730 1.2591149
v -0.3813040 -0.1459005 1.2517761
v -0.3985942 -0.1199417 1.2449704
v -0.3974870 -0.1357025 1.2330034
v -0.3835177 -0.0840752 1.2333208
v -0.3704551 -0.0868074 1.2533875
v -0.3498778 -0.0794353 1.2271173
v -0.3608760 -0.1175768 1.1929847
v -0.3512478 -0.1291534 1.1868657
v -0.3695981 -0.1358845 1.1889960
v -0.3695981 -0.1358845 1.1889960
v -0.3827005 -0.1286335 1.1909062
v -0.3778511 -0.1048206 1.1891106
v -0.3472080 -0.1078982 1.1895074
v -0.3778511 -0.1048206 1.1891106
v -0.3608539 -0.0942876 1.1915817
v -0.3608760 -0.1175768 1.1929847
v -0.3625081 -0.1169416 1.2481556
v -0.3741242 -0.1166576 1.2573421
v -0.3609917 -0.1054027 1.2579316
v -0.3506305 -0.0888511 1.2542673
v -0.3609917 -0.1054027 1.2579316
v -0.3882635 -0.1029705 1.2568831
v -0.3625081 -0.1169416 1.2481556
v -0.3549665 -0.1200624 1.2566924
v -0.3440405 -0.1433982 1.2046037
v -0.3724069 -0.1561268 1.2288467
v -0.3695981 -0.1358845 1.1889960
v -0.3724069 -0.1561268 1.2288467
v -0.3375212 -0.1001900 1.2012949
v -0.3394317 -0.1230859 1.1926407
v -0.3369735 -0.0891196 1.2393247
v -0.3742955 -0.0849849 1.2114487
v -0.3835177 -0.0840752 1.2333208
v -0.3498778 -0.0794353 1.2271173
v -0.3980832 -0.0996251 1.2271105
v -0.3947557 -0.1205977 1.2081766
v -0.3608539 -0.0942876 1.1915817
v -0.3813040 -0.1459005 1.2517761
v -0.3704551 -0.0868074 1.2533875
v -0.3742955 -0.0849849 1.2114487
v -0.1213530 -0.1436443 1.8061967
v -0.1435543 -0.1572331 1.8079960
v -0.1371063 -0.1668538 1.8018516
v -0.1093782 -0.1412609 1.7778993
v -0.1201324 -0.1650212 1.7836334
v -0.1127107 -0.1242929 1.7935816
v -0.1371063 -0.1668538 1.8018516
v -0.1435543 -0.1572331 1.8079960
v -0.1666237 -0.1646606 1.8006573
v -0.1839140 -0.1387018 1.7938516
v -0.1828067 -0.1544625 1.7818846
v -0.1688375 -0.1028353 1.7822020
v -0.1557749 -0.1055675 1.8022686
v -0.1351976 -0.0981954 1.7759985
v -0.1461957 -0.1363368 1.7418658
v -0.1365676 -0.1479134 1.7357469
v -0.1549178 -0.1546446 1.7378771
v -0.1549178 -0.1546446 1.7378771
v -0.1680202 -0.1473936 1.7397872
v -0.1631709 -0.1235807 1.7379918
v -0.1325277 -0.1266583 1.7383885
v -0.1631709 -0.1235807 1.7379918
v -0.1461737 -0.1130476 1.7404629
v -0.1461957 -0.1363368 1.7418658
v -0.1478278 -0.1357016 1.7970366
v -0.1594439 -0.1354176 1.8062233
v -0.1463115 -0.1241628 1.8068128
v -0.1359503 -0.1076111 1.8031485
v -0.1463115 -0.1241628 1.8068128
v -0.1735832 -0.1217305 1.8057643
v -0.1478278 -0.1357016 1.7970366
v -0.1402862 -0.1388225 1.8055736
v -0.1293602 -0.1621583 1.7534847
v -0.1577266 -0.1748868 1.7777277
v -0.1549178 -0.1546446 1.7378771
v -0.1577266 -0.1748868 1.7777277
v -0.1228409 -0.1189501 1.7501761
v -0.1247514 -0.1418460 1.7415218
v -0.1222932 -0.1078797 1.7882059
v -0.1596152 -0.1037450 1.7603298
v -0.1688375 -0.1028353 1.7822020
v -0.1351976 -0.0981954 1.7759985
v -0.1834029 -0.1183852 1.7759917
v -0.1800754 -0.1393577 1.7570578
v -0.1461737 -0.1130476 1.7404629
v -0.1666237 -0.1646606 1.8006573
v -0.1557749 -0.1055675 1.8022686
v -0.1596152 -0.1037450 1.7603298
v 0.2243490 0.2528132 0.7258141
v 0.2021476 0.2392244 0.7276133
v 0.2085957 0.2296037 0.7214689
v 0.2363237 0.2551966 0.6975167
v 0.2255696 0.2314362 0.7032508
v 0.2329913 0.2721646 0.7131990
v 0.2085957 0.2296037 0.7214689
v 0.2021476 0.2392244 0.7276133
v 0.1790783 0.2317970 0.7202746
v 0.1617880 0.2577557 0.7134690
v 0.1628953 0.2419949 0.7015018
v 0.1768645 0.2936222 0.7018193
v 0.1899271 0.2908900 0.7218859
v 0.2105044 0.2982621 0.6956158
v 0.1995063 0.2601207 0.6614832
v 0.2091344 0.2485441 0.6553642
v 0.1907842 0.2418129 0.6574945
v 0.1907842 0.2418129 0.6574945
v 0.1776818 0.2490639 0.6594046
v 0.1825311 0.2728768 0.6576091
v 0.2131743 0.2697992 0.6580058
v 0.1825311 0.2728768 0.6576091
v 0.1995283 0.2834099 0.6600802
v 0.1995063 0.2601207 0.6614832
v 0.1978742 0.2607558 0.7166541
v 0.1862581 0.2610399 0.7258406
v 0.1993905 0.2722947 0.7264301
v 0.2097517 0.2888464 0.7227658
v 0.1993905 0.2722947 0.7264301
v 0.1721188 0.2747270 0.7253816
v 0.1978742 0.2607558 0.7166541
v 0.2054158 0.2576350 0.7251908
v 0.2163418 0.2342992 0.6731022
v 0.1879753 0.2215707 0.6973451
v 0.1907842 0.2418129 0.6574945
v 0.1879753 0.2215707 0.6973451
v 0.2228611 0.2775074 0.6697935
v 0.2209506 0.2546115 0.6611391
v 0.2234088 0.2885778 0.7078232
v 0.1860868 0.2927125 0.6799471
v 0.1768645 0.2936222 0.7018193
v 0.2105044 0.2982621 0.6956158
v 0.1622991 0.2780723 0.6956090
v 0.1656266 0.2570997 0.6766751
v 0.1995283 0.2834099 0.6600802
v 0.1790783 0.2317970 0.7202746
v 0.1899271 0.2908900 0.7218859
v 0.1860868 0.2927125 0.6799471
v -0.0206869 0.2950991 1.1716466
v -0.0428882 0.2815102 1.1734458
v -0.0364401 0.2718895 1.1673014
v -0.0087121 0.2974824 1.1433492
v -0.0194663 0.2737221 1.1490831
v -0.0120446 0.3144504 1.1590314
v -0.0364401 0.2718895 1.1673014
v -0.0428882 0.2815102 1.1734458
v -0.0659576 0.2740828 1.1661071
v -0.0832479 0.3000415 1.1593014
v -0.0821406 0.2842808 1.1473342
v -0.0681714 0.3359081 1.1476517
v -0.0551087 0.3331759 1.1677183
v -0.0345314 0.3405479 1.1414481
v -0.0455296 0.3024065 1.1073155
v -0.0359014 0.2908299 1.1011965
v -0.0542517 0.2840987 1.1033268
v -0.0542517 0.2840987 1.1033268
v -0.0673541 0.2913497 1.1052370
v -0.0625047 0.3151626 1.1034415
v -0.0318616 0.3120850 1.1038382
v -0.0625047 0.3151626 1.1034415
v -0.0455076 0.3256957 1.1059126
v -0.0455296 0.3024065 1.1073155
v -0.0471617 0.3030417 1.1624864
v -0.0587778 0.3033257 1.1716731
v -0.0456453 0.3145805 1.1722624
v -0.0352841 0.3311322 1.1685982
v -0.0456453 0.3145805 1.1722624
v -0.0729170 0.3170128 1.1712140
v -0.0471617 0.3030417 1.1624864
v -0.0396201 0.2999209 1.1710232
v -0.0286941 0.2765851 1.1189345
v -0.0570605 0.2638565 1.1431775
v -0.0542517 0.2840987 1.1033268
v -0.0570605 0.2638565 1.1431775
v -0.0221748 0.3197933 1.1156259
v -0.0240853 0.2968974 1.1069716
v -0.0216271 0.3308637 1.1536556
v -0.0589491 0.3349984 1.1257795
v -0.0681714 0.3359081 1.1476517
v -0.0345314 0.3405479 1.1414481
v -0.0827368 0.3203582 1.1414413
v -0.0794093 0.2993856 1.1225076
v -0.0455076 0.3256957 1.1059126
v -0.0659576 0.2740828 1.1661071
v -0.0551087 0.3331759 1.1677183
v -0.0589491 0.3349984 1.1257795
v -0.2264659 0.0187354 1.9734614
v -0.2486672 0.0051466 1.9752606
v -0.2422191 -0.0044741 1.9691162
v -0.2144911 0.0211188 1.9451640
v -0.2252453 -0.0026416 1.9508979
v -0.2178236 0.0380868 1.9608462
v -0.2422191 -0.0044741 1.9691162
v -0.2486672 0.0051466 1.9752606
v -0.2717365 -0.0022809 1.9679219
v -0.2890269 0.0236779 1.9611162
v -0.2879196 0.0079172 1.9491491
v -0.2739504 0.0595444 1.9494665
v -0.2608877 0.0568122 1.9695332
v -0.2403104 0.0641843 1.9432631
v -0.2513086 0.0260429 1.9091303
v -0.2416804 0.0144663 1.9030114
v -0.2600307 0.0077351 1.9051417
v -0.2600307 0.0077351 1.9051417
v -0.2731331 0.0149861 1.9070518
v -0.2682837 0.0387990 1.9052563
v -0.2376406 0.0357214 1.9056530
v -0.2682837 0.0387990 1.9052563
v -0.2512866 0.0493321 1.9077275
v -0.2513086 0.0260429 1.9091303
v -0.2529407 0.0266780 1.9643012
v -0.2645568 0.0269621 1.9734879
v -0.2514243 0.0382169 1.9740772
v -0.2410631 0.0547686 1.9704130
v -0.2514243 0.0382169 1.9740772
v -0.2786961 0.0406492 1.9730288
v -0.2529407 0.0266780 1.9643012
v -0.2453991 0.0235572 1.9728380
v -0.2344730 0.0002214 1.9207493
v -0.2628395 -0.0125071 1.9449923
v -0.2600307 0.0077351 1.9051417
v -0.2628395 -0.0125071 1.9449923
v -0.2279538 0.0434296 1.9174407
v -0.2298643 0.0205337 1.9087864
v -0.2274061 0.0545000 1.9554704
v -0.2647281 0.0586347 1.9275944
v -0.2739504 0.0595444 1.9494665
v -0.2403104 0.0641843 1.9432631
v -0.2885158 0.0439945 1.9432561
v -0.2851883 0.0230220 1.9243224
v -0.2512866 0.0493321 1.9077275
v -0.2717365 -0.0022809 1.9679219
v -0.2608877 0.0568122 1.9695332
v -0.2647281 0.0586347 1.9275944
v 0.1729858 0.4279364 1.0767162
v 0.1507846 0.4143476 1.0785154
v 0.1572326 0.4047269 1.0723710
v 0.1849606 0.4303198 1.0484188
v 0.1742064 0.4065594 1.0541528
v 0.1816282 0.4472878 1.0641011
v 0.1572326 0.4047269 1.0723710
v 0.1507846 0.4143476 1.0785154
v 0.1277152 0.4069201 1.0711768
v 0.1104249 0.4328789 1.0643710
v 0.1115321 0.4171181 1.0524040
v 0.1255014 0.4687454 1.0527215
v 0.1385640 0.4660132 1.0727881
v 0.1591413 0.4733853 1.0465180
v 0.1481432 0.4352439 1.0123852
v 0.1577713 0.4236673 1.0062664
v 0.1394210 0.4169361 1.0083966
v 0.1394210 0.4169361 1.0083966
v 0.1263187 0.4241871 1.0103067
v 0.1311680 0.4480000 1.0085113
v 0.1618111 0.4449224 1.0089080
v 0.1311680 0.4480000 1.0085113
v 0.1481652 0.4585330 1.0109824
v 0.1481432 0.4352439 1.0123852
v 0.1465110 0.4358790 1.0675563
v 0.1348950 0.4361631 1.0767426
v 0.1480274 0.4474179 1.0773323
v 0.1583886 0.4639696 1.0736680
v 0.1480274 0.4474179 1.0773323
v 0.1207557 0.4498501 1.0762838
v 0.1465110 0.4358790 1.0675563
v 0.1540526 0.4327582 1.0760931
v 0.1649787 0.4094224 1.0240042
v 0.1366122 0.3966939 1.0482472
v 0.1394210 0.4169361 1.0083966
v 0.1366122 0.3966939 1.0482472
v 0.1714979 0.4526306 1.0206954
v 0.1695875 0.4297347 1.0120413
v 0.1720456 0.4637010 1.0587252
v 0.1347236 0.4678357 1.0308493
v 0.1255014 0.4687454 1.0527215
v 0.1591413 0.4733853 1.0465180
v 0.1109359 0.4531955 1.0465112
v 0.1142634 0.4322229 1.0275772
v 0.1481652 0.4585330 1.0109824
v 0.1277152 0.4069201 1.0711768
v 0.1385640 0.4660132 1.0727881
v 0.1347236 0.4678357 1.0308493
v 0.0383852 0.3178743 1.1814885
v 0.0161839 0.3042855 1.1832877
v 0.0226320 0.2946648 1.1771433
v 0.0503600 0.3202577 1.1531911
v 0.0396058 0.2964973 1.1589251
v 0.0470275 0.3372257 1.1688733
v 0.0226320 0.2946648 1.1771433
v 0.0161839 0.3042855 1.1832877
v -0.0068855 0.2968580 1.1759489
v -0.0241758 0.3228168 1.1691433
v -0.0230685 0.3070560 1.1571761
v -0.0090993 0.3586833 1.1574936
v 0.0039634 0.3559512 1.1775602
v 0.0245407 0.3633232 1.1512901
v 0.0135425 0.3251818 1.1171575
v 0.0231707 0.3136052 1.1110384
v 0.0048204 0.3068740 1.1131687
v 0.0048204 0.3068740 1.1131687
v -0.0082820 0.3141250 1.1150789
v -0.0034326 0.3379379 1.1132834
v 0.0272105 0.3348603 1.1136801
v -0.0034326 0.3379379 1.1132834
v 0.0135645 0.3484709 1.1157545
v 0.0135425 0.3251818 1.1171575
v 0.0119104 0.3258170 1.1723284
v 0.0002943 0.3261010 1.1815150
v 0.0134268 0.3373558 1.1821043
v 0.0237880 0.3539075 1.1784401
v 0.0134268 0.3373558 1.1821043
v -0.0138449 0.3397880 1.1810559
v 0.0119104 0.3258170 1.1723284
v 0.0194520 0.3226961 1.1808652
v 0.0303780 0.2993603 1.1287764
v 0.0020116 0.2866318 1.1530194
v 0.0048204 0.3068740 1.1131687
v 0.0020116 0.2866318 1.1530194
v 0.0368973 0.3425685 1.1254678
v 0.0349868 0.3196726 1.1168135
v 0.0374450 0.3536389 1.1634976
v 0.0001230 0.3577736 1.1356214
v -0.0090993 0.3586833 1.1574936
v 0.0245407 0.3633232 1.1512901
v -0.0236647 0.3431334 1.1512833
v -0.0203372 0.3221608 1.1323495
v 0.0135645 0.3484709 1.1157545
v -0.0068855 0.2968580 1.1759489
v 0.0039634 0.3559512 1.1775602
v 0.0001230 0.3577736 1.1356214
v 0.0295847 -0.2573047 1.5505710
v 0.0073834 -0.2708935 1.5523701
v 0.0138315 -0.2805142 1.5462257
v 0.0415595 -0.2549214 1.5222735
v 0.0308053 -0.2786817 1.5280076
v 0.0382271 -0.2379533 1.5379559
v 0.0138315 -0.2805142 1.5462257
v 0.0073834 -0.2708935 1.5523701
v -0.0156859 -0.2783210 1.5450314
v -0.0329762 -0.2523623 1.5382257
v -0.0318690 -0.2681230 1.5262587
v -0.0178997 -0.2164957 1.5265762
v -0.0048371 -0.2192279 1.5466428
v 0.0157402 -0.2118558 1.5203726
v 0.0047421 -0.2499972 1.4862400
v 0.0143702 -0.2615739 1.4801210
v -0.0039801 -0.2683050 1.4822513
v -0.0039801 -0.2683050 1.4822513
v -0.0170825 -0.2610540 1.4841615
v -0.0122331 -0.2372411 1.4823660
v 0.0184100 -0.2403187 1.4827627
v -0.0122331 -0.2372411 1.4823660
v 0.0047641 -0.2267081 1.4848371
v 0.0047421 -0.2499972 1.4862400
v 0.0031099 -0.2493621 1.5414109
v -0.0085062 -0.2490781 1.5505973
v 0.0046263 -0.2378232 1.5511869
v 0.0149875 -0.2212716 1.5475227
v 0.0046263 -0.2378232 1.5511869
v -0.0226454 -0.2353910 1.5501385
v 0.0031099 -0.2493621 1.5414109
v 0.0106515 -0.2524829 1.5499477
v 0.0215776 -0.2758187 1.4978590
v -0.0067889 -0.2885473 1.5221020
v -0.0039801 -0.2683050 1.4822513
v -0.0067889 -0.2885473 1.5221020
v 0.0280968 -0.2326105 1.4945501
v 0.0261864 -0.2555064 1.4858960
v 0.0286445 -0.2215402 1.5325799
v -0.0086775 -0.2174054 1.5047040
v -0.0178997 -0.2164957 1.5265762
v 0.0157402 -0.2118558 1.5203726
v -0.0324652 -0.2320456 1.5203658
v -0.0291377 -0.2530181 1.5014318
v 0.0047641 -0.2267081 1.4848371
v -0.0156859 -0.2783210 1.5450314
v -0.0048371 -0.2192279 1.5466428
v -0.0086775 -0.2174054 1.5047040
v -0.2083497 0.3718266 1.1919010
v -0.2305510 0.3582377 1.1937002
v -0.2241029 0.3486170 1.1875558
v -0.1963749 0.3742099 1.1636035
v -0.2071291 0.3504495 1.1693376
v -0.1997074 0.3911779 1.1792859
v -0.2241029 0.3486170 1.1875558
v -0.2305510 0.3582377 1.1937002
v -0.2536204 0.3508102 1.1863616
v -0.2709107 0.3767690 1.1795558
v -0.2698034 0.3610082 1.1675888
v -0.2558342 0.4126355 1.1679063
v -0.2427715 0.4099033 1.1879728
v -0.2221943 0.4172754 1.1617028
v -0.2331924 0.3791339 1.1275700
v -0.2235642 0.3675573 1.1214511
v -0.2419145 0.3608262 1.1235814
v -0.2419145 0.3608262 1.1235814
v -0.2550169 0.3680772 1.1254915
v -0.2501675 0.3918900 1.1236961
v -0.2195244 0.3888125 1.1240928
v -0.2501675 0.3918900 1.1236961
v -0.2331704 0.4024232 1.1261672
v -0.2331924 0.3791339 1.1275700
v -0.2348245 0.3797691 1.1827409
v -0.2464406 0.3800532 1.1919274
v -0.2333081 0.3913080 1.1925170
v -0.2229469 0.4078597 1.1888528
v -0.2333081 0.3913080 1.1925170
v -0.2605799 0.3937402 1.1914686
v -0.2348245 0.3797691 1.1827409
v -0.2272829 0.3766483 1.1912779
v -0.2163569 0.3533125 1.1391890
v -0.2447233 0.3405840 1.1634320
v -0.2419145 0.3608262 1.1235814
v -0.2447233 0.3405840 1.1634320
v -0.2098376 0.3965207 1.1358802
v -0.2117481 0.3736247 1.1272261
v -0.2092899 0.4075911 1.1739100
v -0.2466119 0.4117258 1.1460341
v -0.2558342 0.4126355 1.1679063
v -0.2221943 0.4172754 1.1617028
v -0.2703996 0.3970856 1.1616960
v -0.2670721 0.3761131 1.1427619
v -0.2331704 0.4024232 1.1261672
v -0.2536204 0.3508102 1.1863616
v -0.2427715 0.4099033 1.1879728
v -0.2466119 0.4117258 1.1460341
v 0.2592459 0.0992094 1.0864739
v 0.2370446 0.0856206 1.0882729
v 0.2434926 0.0759998 1.0821286
v 0.2712207 0.1015927 1.0581765
v 0.2604665 0.0778324 1.0639105
v 0.2678882 0.1185608 1.0738587
v 0.2434926 0.0759998 1.0821286
v 0.2370446 0.0856206 1.0882729
v 0.2139752 0.0781931 1.0809343
v 0.1966849 0.1041518 1.0741286
v 0.1977922 0.0883911 1.0621616
v 0.2117614 0.1400183 1.0624790
v 0.2248241 0.1372862 1.0825456
v 0.2454013 0.1446583 1.0562755
v 0.2344032 0.1065168 1.0221429
v 0.2440314 0.0949402 1.0160239
v 0.2256811 0.0882090 1.0181541
v 0.2256811 0.0882090 1.0181541
v 0.2125787 0.0954600 1.0200644
v 0.2174280 0.1192729 1.0182688
v 0.2480712 0.1161953 1.0186656
v 0.2174280 0.1192729 1.0182688
v 0.2344252 0.1298060 1.0207399
v 0.2344032 0.1065168 1.0221429
v 0.2327711 0.1071520 1.0773138
v 0.2211550 0.1074360 1.0865004
v 0.2342875 0.1186908 1.0870898
v 0.2446486 0.1352425 1.0834255
v 0.2342875 0.1186908 1.0870898
v 0.2070157 0.1211231 1.0860413
v 0.2327711 0.1071520 1.0773138
v 0.2403127 0.1040312 1.0858506
v 0.2512387 0.0806954 1.0337619
v 0.2228723 0.0679668 1.0580049
v 0.2256811 0.0882090 1.0181541
v 0.2228723 0.0679668 1.0580049
v 0.2577580 0.1239036 1.0304532
v 0.2558475 0.1010076 1.0217990
v 0.2583057 0.1349739 1.0684830
v 0.2209837 0.1391087 1.0406069
v 0.2117614 0.1400183 1.0624790
v 0.2454013 0.1446583 1.0562755
v 0.1971960 0.1244685 1.0562687
v 0.2005235 0.1034959 1.0373348
v 0.2344252 0.1298060 1.0207399
v 0.2139752 0.0781931 1.0809343
v 0.2248241 0.1372862 1.0825456
v 0.2209837 0.1391087 1.0406069
v 0.1163202 -0.2563229 2.0084169
v 0.0941189 -0.2699117 2.0102162
v 0.1005669 -0.2795324 2.0040717
v 0.1282950 -0.2539395 1.9801195
v 0.1175408 -0.2776999 1.9858536
v 0.1249625 -0.2369715 1.9958018
v 0.1005669 -0.2795324 2.0040717
v 0.0941189 -0.2699117 2.0102162
v 0.0710495 -0.2773392 2.0028772
v 0.0537592 -0.2513804 1.9960716
v 0.0548665 -0.2671411 1.9841045
v 0.0688357 -0.2155139 1.9844221
v 0.0818984 -0.2182461 2.0044887
v 0.1024757 -0.2108740 1.9782184
v 0.0914775 -0.2490154 1.9440860
v 0.1011057 -0.2605920 1.9379668
v 0.0827554 -0.2673232 1.9400972
v 0.0827554 -0.2673232 1.9400972
v 0.0696530 -0.2600722 1.9420074
v 0.0745024 -0.2362593 1.9402119
v 0.1051455 -0.2393369 1.9406086
v 0.0745024 -0.2362593 1.9402119
v 0.0914995 -0.2257263 1.9426829
v 0.0914775 -0.2490154 1.9440860
v 0.0898454 -0.2483803 1.9992568
v 0.0782293 -0.2480963 2.0084434
v 0.0913618 -0.2368414 2.0090330
v 0.1017229 -0.2202897 2.0053685
v 0.0913618 -0.2368414 2.0090330
v 0.0640900 -0.2344091 2.0079844
v 0.0898454 -0.2483803 1.9992568
v 0.0973870 -0.2515011 2.0077937
v 0.1083130 -0.2748369 1.9557049
v 0.0799466 -0.2875654 1.9799479
v 0.0827554 -0.2673232 1.9400972
v 0.0799466 -0.2875654 1.9799479
v 0.1148323 -0.2316287 1.9523960
v 0.1129218 -0.2545246 1.9437419
v 0.1153800 -0.2205583 1.9904258
v 0.0780580 -0.2164236 1.9625498
v 0.0688357 -0.2155139 1.9844221
v 0.1024757 -0.2108740 1.9782184
v 0.0542703 -0.2310638 1.9782118
v 0.0575978 -0.2520364 1.9592777
v 0.0914995 -0.2257263 1.9426829
v 0.0710495 -0.2773392 2.0028772
v 0.0818984 -0.2182461 2.0044887
v 0.0780580 -0.2164236 1.9625498
v -0.0279823 -0.3519883 1.3118533
v -0.0501836 -0.3655772 1.3136525
v -0.0437355 -0.3751979 1.3075079
v -0.0160075 -0.3496050 1.2835559
v -0.0267617 -0.3733653 1.2892900
v -0.0193400 -0.3326370 1.2992382
v -0.0437355 -0.3751979 1.3075079
v -0.0501836 -0.3655772 1.3136525
v -0.0732530 -0.3730046 1.3063136
v -0.0905433 -0.3470458 1.2995080
v -0.0894360 -0.3628066 1.2875409
v -0.0754668 -0.3111793 1.2878584
v -0.0624041 -0.3139115 1.3079251
v -0.0418268 -0.3065394 1.2816550
v -0.0528250 -0.3446808 1.2475222
v -0.0431968 -0.3562575 1.2414032
v -0.0615471 -0.3629886 1.2435335
v -0.0615471 -0.3629886 1.2435335
v -0.0746495 -0.3557376 1.2454437
v -0.0698001 -0.3319247 1.2436482
v -0.0391570 -0.3350024 1.2440449
v -0.0698001 -0.3319247 1.2436482
v -0.0528030 -0.3213917 1.2461193
v -0.0528250 -0.3446808 1.2475222
v -0.0544571 -0.3440457 1.3026931
v -0.0660732 -0.3437617 1.3118798
v -0.0529407 -0.3325069 1.3124691
v -0.0425795 -0.3159552 1.3088049
v -0.0529407 -0.3325069 1.3124691
v -0.0802124 -0.3300746 1.3114207
v -0.0544571 -0.3440457 1.3026931
v -0.0469155 -0.3471665 1.3112299
v -0.0359895 -0.3705023 1.2591412
v -0.0643559 -0.3832309 1.2833842
v -0.0615471 -0.3629886 1.2435335
v -0.0643559 -0.3832309 1.2833842
v -0.0294702 -0.3272941 1.2558324
v -0.0313807 -0.3501900 1.2471782
v -0.0289225 -0.3162237 1.2938622
v -0.0662445 -0.3120890 1.2659862
v -0.0754668 -0.3111793 1.2878584
v -0.0418268 -0.3065394 1.2816550
v -0.0900322 -0.3267292 1.2816480
v -0.0867047 -0.3477018 1.2627141
v -0.0528030 -0.3213917 1.2461193
v -0.0732530 -0.3730046 1.3063136
v -0.0624041 -0.3139115 1.3079251
v -0.0662445 -0.3120890 1.2659862
vt 0.4065440 0.2397203
vt 0.4369404 0.1054500
vt 0.3446164 0.1153607
vt 0.3162726 0.3037244
vt 0.2957206 0.2072645
vt 0.3922520 0.3221693
vt 0.9827151 0.6762113
vt 0.9496554 0.6038224
vt 0.9041960 0.7050147
vt 0.7767942 0.6616150
vt 0.7979625 0.7384627
vt 0.5029694 0.5560468
vt 0.5699680 0.4410239
vt 0.4067731 0.4847314
vt 0.0714163 0.4472684
vt 0.1032382 0.3506828
vt 0.0176180 0.3737655
vt 0.6975463 0.9523215
vt 0.6602556 0.8782748
vt 0.5488610 0.8353111
vt 0.1770251 0.4528978
vt 0.0891833 0.5204930
vt 0.2055595 0.5578768
vt 0.5422474 0.9613371
vt 0.9079467 0.4648466
vt 0.8580033 0.5289627
vt 0.5817510 0.2891667
vt 0.4954267 0.3868881
vt 0.8075827 0.4574285
vt 0.7540033 0.5814678
vt 0.6000413 0.1803572
vt 0.5169969 0.1872646
vt 0.1677170 0.2604853
vt 0.2261342 0.0887493
vt 0.0380776 0.2601824
vt 0.8999622 0.8334874
vt 0.2589089 0.4300147
vt 0.1870228 0.3608160
vt 0.4199209 0.3940187
vt 0.5223462 0.6651959
vt 0.6119355 0.5869893
vt 0.5128605 0.5941653
vt 0.6707397 0.6747861
vt 0.6826978 0.7826263
vt 0.4722467 0.8047531
vt 0.3086216 0.0127358
vt 0.6642598 0.4885998
vt 0.3366700 0.5911741
vt 0.4065440 0.2397203
vt 0.4369404 0.1054500
vt 0.3446164 0.1153607
vt 0.3162726 0.3037244
vt 0.2957206 0.2072645
vt 0.3922520 0.3221693
vt 0.9827151 0.6762113
vt 0.9496554 0.6038224
vt 0.9041960 0.7050147
vt 0.7767942 0.6616150
vt 0.7979625 0.7384627
vt 0.5029694 0.5560468
vt 0.5699680 0.4410239
vt 0.4067731 0.4847314
vt 0.0714163 0.4472684
vt 0.1032382 0.3506828
vt 0.0176180 0.3737655
vt 0.6975463 0.9523215
vt 0.6602556 0.8782748
vt 0.5488610 0.8353111
vt 0.1770251 0.4528978
vt 0.0891833 0.5204930
vt 0.2055595 0.5578768
vt 0.5422474 0.9613371
vt 0.9079467 0.4648466
vt 0.8580033 0.5289627
vt 0.5817510 0.2891667
vt 0.4954267 0.3868881
vt 0.8075827 0.4574285
vt 0.7540033 0.5814678
vt 0.6000413 0.1803572
vt 0.5169969 0.1872646
vt 0.1677170 0.2604853
vt 0.2261342 0.0887493
vt 0.0380776 0.2601824
vt 0.8999622 0.8334874
vt 0.2589089 0.4300147
vt 0.1870228 0.3608160
vt 0.4199209 0.3940187
vt 0.5223462 0.6651959
vt 0.6119355 0.5869893
vt 0.5128605 0.5941653
vt 0.6707397 0.6747861
vt 0.6826978 0.7826263
vt 0.4722467 0.8047531
vt 0.3086216 0.0127358
vt 0.6642598 0.4885998
vt 0.3366700 0.5911741
vt 0.4065440 0.2397203
vt 0.4369404 0.1054500
vt 0.3446164 0.1153607
vt 0.3162726 0.3037244
vt 0.2957206 0.2072645
vt 0.3922520 0.3221693
vt 0.9827151 0.6762113
vt 0.9496554 0.6038224
vt 0.9041960 0.7050147
vt 0.7767942 0.6616150
vt 0.7979625 0.7384627
vt 0.5029694 0.5560468
vt 0.5699680 0.4410239
vt 0.4067731 0.4847314
vt 0.0714163 0.4472684
vt 0.1032382 0.3506828
vt 0.0176180 0.3737655
vt 0.6975463 0.9523215
vt 0.6602556 0.8782748
vt 0.5488610 0.8353111
vt 0.1770251 0.4528978
vt 0.0891833 0.5204930
vt 0.2055595 0.5578768
vt 0.5422474 0.9613371
vt 0.9079467 0.4648466
vt 0.8580033 0.5289627
vt 0.5817510 0.2891667
vt 0.4954267 0.3868881
vt 0.8075827 0.4574285
vt 0.7540033 0.5814678
vt 0.6000413 0.1803572
vt 0.5169969 0.1872646
vt 0.1677170 0.2604853
vt 0.2261342 0.0887493
vt 0.0380776 0.2601824
vt 0.8999622 0.8334874
vt 0.2589089 0.4300147
vt 0.1870228 0.3608160
vt 0.4199209 0.3940187
vt 0.5223462 0.6651959
vt 0.6119355 0.5869893
vt 0.5128605 0.5941653
vt 0.6707397 0.6747861
vt 0.6826978 0.7826263
vt 0.4722467 0.8047531
vt 0.3086216 0.0127358
vt 0.6642598 0.4885998
vt 0.3366700 0.5911741
vt 0.4065440 0.2397203
vt 0.4369404 0.1054500
vt 0.3446164 0.1153607
vt 0.3162726 0.3037244
vt 0.2957206 0.2072645
vt 0.3922520 0.3221693
vt 0.9827151 0.6762113
vt 0.9496554 0.6038224
vt 0.9041960 0.7050147
vt 0.7767942 0.6616150
vt 0.7979625 0.7384627
vt 0.5029694 0.5560468
vt 0.5699680 0.4410239
vt 0.4067731 0.4847314
vt 0.0714163 0.4472684
vt 0.1032382 0.3506828
vt 0.0176180 0.3737655
vt 0.6975463 0.9523215
vt 0.6602556 0.8782748
vt 0.5488610 0.8353111
vt 0.1770251 0.4528978
vt 0.0891833 0.5204930
vt 0.2055595 0.5578768
vt 0.5422474 0.9613371
vt 0.9079467 0.4648466
vt 0.8580033 0.5289627
vt 0.5817510 0.2891667
vt 0.4954267 0.3868881
vt 0.8075827 0.4574285
vt 0.7540033 0.5814678
vt 0.6000413 0.1803572
vt 0.5169969 0.1872646
vt 0.1677170 0.2604853
vt 0.2261342 0.0887493
vt 0.0380776 0.2601824
vt 0.8999622 0.8334874
vt 0.2589089 0.4300147
vt 0.1870228 0.3608160
vt 0.4199209 0.3940187
vt 0.5223462 0.6651959
vt 0.6119355 0.5869893
vt 0.5128605 0.5941653
vt 0.6707397 0.6747861
vt 0.6826978 0.7826263
vt 0.4722467 0.8047531
vt 0.3086216 0.0127358
vt 0.6642598 0.4885998
vt 0.3366700 0.5911741
vt 0.4065440 0.2397203
vt 0.4369404 0.1054500
vt 0.3446164 0.1153607
vt 0.3162726 0.3037244
vt 0.2957206 0.2072645
vt 0.3922520 0.3221693
vt 0.9827151 0.6762113
vt 0.9496554 0.6038224
vt 0.9041960 0.7050147
vt 0.7767942 0.6616150
vt 0.7979625 0.7384627
vt 0.5029694 0.5560468
vt 0.5699680 0.4410239
vt 0.4067731 0.4847314
vt 0.0714163 0.4472684
vt 0.1032382 0.3506828
vt 0.0176180 0.3737655
vt 0.6975463 0.9523215
vt 0.6602556 0.8782748
vt 0.5488610 0.8353111
vt 0.1770251 0.4528978
vt 0.0891833 0.5204930
vt 0.2055595 0.5578768
vt 0.5422474 0.9613371
vt 0.9079467 0.4648466
vt 0.8580033 0.5289627
vt 0.5817510 0.2891667
vt 0.4954267 0.3868881
vt 0.8075827 0.4574285
vt 0.7540033 0.5814678
vt 0.6000413 0.1803572
vt 0.5169969 0.1872646
vt 0.1677170 0.2604853
vt 0.2261342 0.0887493
vt 0.0380776 0.2601824
vt 0.8999622 0.8334874
vt 0.2589089 0.4300147
vt 0.1870228 0.3608160
vt 0.4199209 0.3940187
vt 0.5223462 0.6651959
vt 0.6119355 0.5869893
vt 0.5128605 0.5941653
vt 0.6707397 0.6747861
vt 0.6826978 0.7826263
vt 0.4722467 0.8047531
vt 0.3086216 0.0127358
vt 0.6642598 0.4885998
vt 0.3366700 0.5911741
vt 0.4065440 0.2397203
vt 0.4369404 0.1054500
vt 0.3446164 0.1153607
vt 0.3162726 0.3037244
vt 0.2957206 0.2072645
vt 0.3922520 0.3221693
vt 0.9827151 0.6762113
vt 0.9496554 0.6038224
vt 0.9041960 0.7050147
vt 0.7767942 0.6616150
vt 0.7979625 0.7384627
vt 0.5029694 0.5560468
vt 0.5699680 0.4410239
vt 0.4067731 0.4847314
vt 0.0714163 0.4472684
vt 0.1032382 0.3506828
vt 0.0176180 0.3737655
vt 0.6975463 0.9523215
vt 0.6602556 0.8782748
vt 0.5488610 0.8353111
vt 0.1770251 0.4528978
vt 0.0891833 0.5204930
vt 0.2055595 0.5578768
vt 0.5422474 0.9613371
vt 0.9079467 0.4648466
vt 0.8580033 0.5289627
vt 0.5817510 0.2891667
vt 0.4954267 0.3868881
vt 0.8075827 0.4574285
vt 0.7540033 0.5814678
vt 0.6000413 0.1803572
vt 0.5169969 0.1872646
vt 0.1677170 0.2604853
vt 0.2261342 0.0887493
vt 0.0380776 0.2601824
vt 0.8999622 0.8334874
vt 0.2589089 0.4300147
vt 0.1870228 0.3608160
vt 0.4199209 0.3940187
vt 0.5223462 0.6651959
vt 0.6119355 0.5869893
vt 0.5128605 0.5941653
vt 0.6707397 0.6747861
vt 0.6826978 0.7826263
vt 0.4722467 0.8047531
vt 0.3086216 0.0127358
vt 0.6642598 0.4885998
vt 0.3366700 0.5911741
vt 0.4065440 0.2397203
vt 0.4369404 0.1054500
vt 0.3446164 0.1153607
vt 0.3162726 0.3037244
vt 0.2957206 0.2072645
vt 0.3922520 0.3221693
vt 0.9827151 0.6762113
vt 0.9496554 0.6038224
vt 0.9041960 0.7050147
vt 0.7767942 0.6616150
vt 0.7979625 0.7384627
vt 0.5029694 0.5560468
vt 0.5699680 0.4410239
vt 0.4067731 0.4847314
vt 0.0714163 0.4472684
vt 0.1032382 0.3506828
vt 0.0176180 0.3737655
vt 0.6975463 0.9523215
vt 0.6602556 0.8782748
vt 0.5488610 0.8353111
vt 0.1770251 0.4528978
vt 0.0891833 0.5204930
vt 0.2055595 0.5578768
vt 0.5422474 0.9613371
vt 0.9079467 0.4648466
vt 0.8580033 0.5289627
vt 0.5817510 0.2891667
vt 0.4954267 0.3868881
vt 0.8075827 0.4574285
vt 0.7540033 0.5814678
vt 0.6000413 0.1803572
vt 0.5169969 0.1872646
vt 0.1677170 0.2604853
vt 0.2261342 0.0887493
vt 0.0380776 0.2601824
vt 0.8999622 0.8334874
vt 0.2589089 0.4300147
vt 0.1870228 0.3608160
vt 0.4199209 0.3940187
vt 0.5223462 0.6651959
vt 0.6119355 0.5869893
vt 0.5128605 0.5941653
vt 0.6707397 0.6747861
vt 0.6826978 0.7826263
vt 0.4722467 0.8047531
vt 0.3086216 0.0127358
vt 0.6642598 0.4885998
vt 0.3366700 0.5911741
vt 0.4065440 0.2397203
vt 0.4369404 0.1054500
vt 0.3446164 0.1153607
vt 0.3162726 0.3037244
vt 0.2957206 0.2072645
vt 0.3922520 0.3221693
vt 0.9827151 0.6762113
vt 0.9496554 0.6038224
vt 0.9041960 0.7050147
vt 0.7767942 0.6616150
vt 0.7979625 0.7384627
vt 0.5029694 0.5560468
vt 0.5699680 0.4410239
vt 0.4067731 0.4847314
vt 0.0714163 0.4472684
vt 0.1032382 0.3506828
vt 0.0176180 0.3737655
vt 0.6975463 0.9523215
vt 0.6602556 0.8782748
vt 0.5488610 0.8353111
vt 0.1770251 0.4528978
vt 0.0891833 0.5204930
vt 0.2055595 0.5578768
vt 0.5422474 0.9613371
vt 0.9079467 0.4648466
vt 0.8580033 0.5289627
vt 0.5817510 0.2891667
vt 0.4954267 0.3868881
vt 0.8075827 0.4574285
vt 0.7540033 0.5814678
vt 0.6000413 0.1803572
vt 0.5169969 0.1872646
vt 0.1677170 0.2604853
vt 0.2261342 0.0887493
vt 0.0380776 0.2601824
vt 0.8999622 0.8334874
vt 0.2589089 0.4300147
vt 0.1870228 0.3608160
vt 0.4199209 0.3940187
vt 0.5223462 0.6651959
vt 0.6119355 0.5869893
vt 0.5128605 0.5941653
vt 0.6707397 0.6747861
vt 0.6826978 0.7826263
vt 0.4722467 0.8047531
vt 0.3086216 0.0127358
vt 0.6642598 0.4885998
vt 0.3366700 0.5911741
vt 0.4065440 0.2397203
vt 0.4369404 0.1054500
vt 0.3446164 0.1153607
vt 0.3162726 0.3037244
vt 0.2957206 0.2072645
vt 0.3922520 0.3221693
vt 0.9827151 0.6762113
vt 0.9496554 0.6038224
vt 0.9041960 0.7050147
vt 0.7767942 0.6616150
vt 0.7979625 0.7384627
vt 0.5029694 0.5560468
vt 0.5699680 0.4410239
vt 0.4067731 0.4847314
vt 0.0714163 0.4472684
vt 0.1032382 0.3506828
vt 0.0176180 0.3737655
vt 0.6975463 0.9523215
vt 0.6602556 0.8782748
vt 0.5488610 0.8353111
vt 0.1770251 0.4528978
vt 0.0891833 0.5204930
vt 0.2055595 0.5578768
vt 0.5422474 0.9613371
vt 0.9079467 0.4648466
vt 0.8580033 0.5289627
vt 0.5817510 0.2891667
vt 0.4954267 0.3868881
vt 0.8075827 0.4574285
vt 0.7540033 0.5814678
vt 0.6000413 0.1803572
vt 0.5169969 0.1872646
vt 0.1677170 0.2604853
vt 0.2261342 0.0887493
vt 0.0380776 0.2601824
vt 0.8999622 0.8334874
vt 0.2589089 0.4300147
vt 0.1870228 0.3608160
vt 0.4199209 0.3940187
vt 0.5223462 0.6651959
vt 0.6119355 0.5869893
vt 0.5128605 0.5941653
vt 0.6707397 0.6747861
vt 0.6826978 0.7826263
vt 0.4722467 0.8047531
vt 0.3086216 0.0127358
vt 0.6642598 0.4885998
vt 0.3366700 0.5911741
vt 0.4065440 0.2397203
vt 0.4369404 0.1054500
vt 0.3446164 0.1153607
vt 0.3162726 0.3037244
vt 0.2957206 0.2072645
vt 0.3922520 0.3221693
vt 0.9827151 0.6762113
vt 0.9496554 0.6038224
vt 0.9041960 0.7050147
vt 0.7767942 0.6616150
vt 0.7979625 0.7384627
vt 0.5029694 0.5560468
vt 0.5699680 0.4410239
vt 0.4067731 0.4847314
vt 0.0714163 0.4472684
vt 0.1032382 0.3506828
vt 0.0176180 0.3737655
vt 0.6975463 0.9523215
vt 0.6602556 0.8782748
vt 0.5488610 0.8353111
vt 0.1770251 0.4528978
vt 0.0891833 0.5204930
vt 0.2055595 0.5578768
vt 0.5422474 0.9613371
vt 0.9079467 0.4648466
vt 0.8580033 0.5289627
vt 0.5817510 0.2891667
vt 0.4954267 0.3868881
vt 0.8075827 0.4574285
vt 0.7540033 0.5814678
vt 0.6000413 0.1803572
vt 0.5169969 0.1872646
vt 0.1677170 0.2604853
vt 0.2261342 0.0887493
vt 0.0380776 0.2601824
vt 0.8999622 0.8334874
vt 0.2589089 0.4300147
vt 0.1870228 0.3608160
vt 0.4199209 0.3940187
vt 0.5223462 0.6651959
vt 0.6119355 0.5869893
vt 0.5128605 0.5941653
vt 0.6707397 0.6747861
vt 0.6826978 0.7826263
vt 0.4722467 0.8047531
vt 0.3086216 0.0127358
vt 0.6642598 0.4885998
vt 0.3366700 0.5911741
vt 0.4065440 0.2397203
vt 0.4369404 0.1054500
vt 0.3446164 0.1153607
vt 0.3162726 0.3037244
vt 0.2957206 0.2072645
vt 0.3922520 0.3221693
vt 0.9827151 0.6762113
vt 0.9496554 0.6038224
vt 0.9041960 0.7050147
vt 0.7767942 0.6616150
vt 0.7979625 0.7384627
vt 0.5029694 0.5560468
vt 0.5699680 0.4410239
vt 0.4067731 0.4847314
vt 0.0714163 0.4472684
vt 0.1032382 0.3506828
vt 0.0176180 0.3737655
vt 0.6975463 0.9523215
vt 0.6602556 0.8782748
vt 0.5488610 0.8353111
vt 0.1770251 0.4528978
vt 0.0891833 0.5204930
vt 0.2055595 0.5578768
vt 0.5422474 0.9613371
vt 0.9079467 0.4648466
vt 0.8580033 0.5289627
vt 0.5817510 0.2891667
vt 0.4954267 0.3868881
vt 0.8075827 0.4574285
vt 0.7540033 0.5814678
vt 0.6000413 0.1803572
vt 0.5169969 0.1872646
vt 0.1677170 0.2604853
vt 0.2261342 0.0887493
vt 0.0380776 0.2601824
vt 0.8999622 0.8334874
vt 0.2589089 0.4300147
vt 0.1870228 0.3608160
vt 0.4199209 0.3940187
vt 0.5223462 0.6651959
vt 0.6119355 0.5869893
vt 0.5128605 0.5941653
vt 0.6707397 0.6747861
vt 0.6826978 0.7826263
vt 0.4722467 0.8047531
vt 0.3086216 0.0127358
vt 0.6642598 0.4885998
vt 0.3366700 0.5911741
vt 0.4065440 0.2397203
vt 0.4369404 0.1054500
vt 0.3446164 0.1153607
vt 0.3162726 0.3037244
vt 0.2957206 0.2072645
vt 0.3922520 0.3221693
vt 0.9827151 0.6762113
vt 0.9496554 0.6038224
vt 0.9041960 0.7050147
vt 0.7767942 0.6616150
vt 0.7979625 0.7384627
vt 0.5029694 0.5560468
vt 0.5699680 0.4410239
vt 0.4067731 0.4847314
vt 0.0714163 0.4472684
vt 0.1032382 0.3506828
vt 0.0176180 0.3737655
vt 0.6975463 0.9523215
vt 0.6602556 0.8782748
vt 0.5488610 0.8353111
vt 0.1770251 0.4528978
vt 0.0891833 0.5204930
vt 0.2055595 0.5578768
vt 0.5422474 0.9613371
vt 0.9079467 0.4648466
vt 0.8580033 0.5289627
vt 0.5817510 0.2891667
vt 0.4954267 0.3868881
vt 0.8075827 0.4574285
vt 0.7540033 0.5814678
vt 0.6000413 0.1803572
vt 0.5169969 0.1872646
vt 0.1677170 0.2604853
vt 0.2261342 0.0887493
vt 0.0380776 0.2601824
vt 0.8999622 0.8334874
vt 0.2589089 0.4300147
vt 0.1870228 0.3608160
vt 0.4199209 0.3940187
vt 0.5223462 0.6651959
vt 0.6119355 0.5869893
vt 0.5128605 0.5941653
vt 0.6707397 0.6747861
vt 0.6826978 0.7826263
vt 0.4722467 0.8047531
vt 0.3086216 0.0127358
vt 0.6642598 0.4885998
vt 0.3366700 0.5911741
vt 0.4065440 0.2397203
vt 0.4369404 0.1054500
vt 0.3446164 0.1153607
vt 0.3162726 0.3037244
vt 0.2957206 0.2072645
vt 0.3922520 0.3221693
vt 0.9827151 0.6762113
vt 0.9496554 0.6038224
vt 0.9041960 0.7050147
vt 0.7767942 0.6616150
vt 0.7979625 0.7384627
vt 0.5029694 0.5560468
vt 0.5699680 0.4410239
vt 0.4067731 0.4847314
vt 0.0714163 0.4472684
vt 0.1032382 0.3506828
vt 0.0176180 0.3737655
vt 0.6975463 0.9523215
vt 0.6602556 0.8782748
vt 0.5488610 0.8353111
vt 0.1770251 0.4528978
vt 0.0891833 0.5204930
vt 0.2055595 0.5578768
vt 0.5422474 0.9613371
vt 0.9079467 0.4648466
vt 0.8580033 0.5289627
vt 0.5817510 0.2891667
vt 0.4954267 0.3868881
vt 0.8075827 0.4574285
vt 0.7540033 0.5814678
vt 0.6000413 0.1803572
vt 0.5169969 0.1872646
vt 0.1677170 0.2604853
vt 0.2261342 0.0887493
vt 0.0380776 0.2601824
vt 0.8999622 0.8334874
vt 0.2589089 0.4300147
vt 0.1870228 0.3608160
vt 0.4199209 0.3940187
vt 0.5223462 0.6651959
vt 0.6119355 0.5869893
vt 0.5128605 0.5941653
vt 0.6707397 0.6747861
vt 0.6826978 0.7826263
vt 0.4722467 0.8047531
vt 0.3086216 0.0127358
vt 0.6642598 0.4885998
vt 0.3366700 0.5911741
vt 0.4065440 0.2397203
vt 0.4369404 0.1054500
vt 0.3446164 0.1153607
vt 0.3162726 0.3037244
vt 0.2957206 0.2072645
vt 0.3922520 0.3221693
vt 0.9827151 0.6762113
vt 0.9496554 0.6038224
vt 0.9041960 0.7050147
vt 0.7767942 0.6616150
vt 0.7979625 0.7384627
vt 0.5029694 0.5560468
vt 0.5699680 0.4410239
vt 0.4067731 0.4847314
vt 0.0714163 0.4472684
vt 0.1032382 0.3506828
vt 0.0176180 0.3737655
vt 0.6975463 0.9523215
vt 0.6602556 0.8782748
vt 0.5488610 0.8353111
vt 0.1770251 0.4528978
vt 0.0891833 0.5204930
vt 0.2055595 0.5578768
vt 0.5422474 0.9613371
vt 0.9079467 0.4648466
vt 0.8580033 0.5289627
vt 0.5817510 0.2891667
vt 0.4954267 0.3868881
vt 0.8075827 0.4574285
vt 0.7540033 0.5814678
vt 0.6000413 0.1803572
vt 0.5169969 0.1872646
vt 0.1677170 0.2604853
vt 0.2261342 0.0887493
vt 0.0380776 0.2601824
vt 0.8999622 0.8334874
vt 0.2589089 0.4300147
vt 0.1870228 0.3608160
vt 0.4199209 0.3940187
vt 0.5223462 0.6651959
vt 0.6119355 0.5869893
vt 0.5128605 0.5941653
vt 0.6707397 0.6747861
vt 0.6826978 0.7826263
vt 0.4722467 0.8047531
vt 0.3086216 0.0127358
vt 0.6642598 0.4885998
vt 0.3366700 0.5911741
vt 0.4065440 0.2397203
vt 0.4369404 0.1054500
vt 0.3446164 0.1153607
vt 0.3162726 0.3037244
vt 0.2957206 0.2072645
vt 0.3922520 0.3221693
vt 0.9827151 0.6762113
vt 0.9496554 0.6038224
vt 0.9041960 0.7050147
vt 0.7767942 0.6616150
vt 0.7979625 0.7384627
vt 0.5029694 0.5560468
vt 0.5699680 0.4410239
vt 0.4067731 0.4847314
vt 0.0714163 0.4472684
vt 0.1032382 0.3506828
vt 0.0176180 0.3737655
vt 0.6975463 0.9523215
vt 0.6602556 0.8782748
vt 0.5488610 0.8353111
vt 0.1770251 0.4528978
vt 0.0891833 0.5204930
vt 0.2055595 0.5578768
vt 0.5422474 0.9613371
vt 0.9079467 0.4648466
vt 0.8580033 0.5289627
vt 0.5817510 0.2891667
vt 0.4954267 0.3868881
vt 0.8075827 0.4574285
vt 0.7540033 0.5814678
vt 0.6000413 0.1803572
vt 0.5169969 0.1872646
vt 0.1677170 0.2604853
vt 0.2261342 0.0887493
vt 0.0380776 0.2601824
vt 0.8999622 0.8334874
vt 0.2589089 0.4300147
vt 0.1870228 0.3608160
vt 0.4199209 0.3940187
vt 0.5223462 0.6651959
vt 0.6119355 0.5869893
vt 0.5128605 0.5941653
vt 0.6707397 0.6747861
vt 0.6826978 0.7826263
vt 0.4722467 0.8047531
vt 0.3086216 0.0127358
vt 0.6642598 0.4885998
vt 0.3366700 0.5911741
vt 0.4065440 0.2397203
vt 0.4369404 0.1054500
vt 0.3446164 0.1153607
vt 0.3162726 0.3037244
vt 0.2957206 0.2072645
vt 0.3922520 0.3221693
vt 0.9827151 0.6762113
vt 0.9496554 0.6038224
vt 0.9041960 0.7050147
vt 0.7767942 0.6616150
vt 0.7979625 0.7384627
vt 0.5029694 0.5560468
vt 0.5699680 0.4410239
vt 0.4067731 0.4847314
vt 0.0714163 0.4472684
vt 0.1032382 0.3506828
vt 0.0176180 0.3737655
vt 0.6975463 0.9523215
vt 0.6602556 0.8782748
vt 0.5488610 0.8353111
vt 0.1770251 0.4528978
vt 0.0891833 0.5204930
vt 0.2055595 0.5578768
vt 0.5422474 0.9613371
vt 0.9079467 0.4648466
vt 0.8580033 0.5289627
vt 0.5817510 0.2891667
vt 0.4954267 0.3868881
vt 0.8075827 0.4574285
vt 0.7540033 0.5814678
vt 0.6000413 0.1803572
vt 0.5169969 0.1872646
vt 0.1677170 0.2604853
vt 0.2261342 0.0887493
vt 0.0380776 0.2601824
vt 0.8999622 0.8334874
vt 0.2589089 0.4300147
vt 0.1870228 0.3608160
vt 0.4199209 0.3940187
vt 0.5223462 0.6651959
vt 0.6119355 0.5869893
vt 0.5128605 0.5941653
vt 0.6707397 0.6747861
vt 0.6826978 0.7826263
vt 0.4722467 0.8047531
vt 0.3086216 0.0127358
vt 0.6642598 0.4885998
vt 0.3366700 0.5911741
vt 0.4065440 0.2397203
vt 0.4369404 0.1054500
vt 0.3446164 0.1153607
vt 0.3162726 0.3037244
vt 0.2957206 0.2072645
vt 0.3922520 0.3221693
vt 0.9827151 0.6762113
vt 0.9496554 0.6038224
vt 0.9041960 0.7050147
vt 0.7767942 0.6616150
vt 0.7979625 0.7384627
vt 0.5029694 0.5560468
vt 0.5699680 0.4410239
vt 0.4067731 0.4847314
vt 0.0714163 0.4472684
vt 0.1032382 0.3506828
vt 0.0176180 0.3737655
vt 0.6975463 0.9523215
vt 0.6602556 0.8782748
vt 0.5488610 0.8353111
vt 0.1770251 0.4528978
vt 0.0891833 0.5204930
vt 0.2055595 0.5578768
vt 0.5422474 0.9613371
vt 0.9079467 0.4648466
vt 0.8580033 0.5289627
vt 0.5817510 0.2891667
vt 0.4954267 0.3868881
vt 0.8075827 0.4574285
vt 0.7540033 0.5814678
vt 0.6000413 0.1803572
vt 0.5169969 0.1872646
vt 0.1677170 0.2604853
vt 0.2261342 0.0887493
vt 0.0380776 0.2601824
vt 0.8999622 0.8334874
vt 0.2589089 0.4300147
vt 0.1870228 0.3608160
vt 0.4199209 0.3940187
vt 0.5223462 0.6651959
vt 0.6119355 0.5869893
vt 0.5128605 0.5941653
vt 0.6707397 0.6747861
vt 0.6826978 0.7826263
vt 0.4722467 0.8047531
vt 0.3086216 0.0127358
vt 0.6642598 0.4885998
vt 0.3366700 0.5911741
vt 0.4065440 0.2397203
vt 0.4369404 0.1054500
vt 0.3446164 0.1153607
vt 0.3162726 0.3037244
vt 0.2957206 0.2072645
vt 0.3922520 0.3221693
vt 0.9827151 0.6762113
vt 0.9496554 0.6038224
vt 0.9041960 0.7050147
vt 0.7767942 0.6616150
vt 0.7979625 0.7384627
vt 0.5029694 0.5560468
vt 0.5699680 0.4410239
vt 0.4067731 0.4847314
vt 0.0714163 0.4472684
vt 0.1032382 0.3506828
vt 0.0176180 0.3737655
vt 0.6975463 0.9523215
vt 0.6602556 0.8782748
vt 0.5488610 0.8353111
vt 0.1770251 0.4528978
vt 0.0891833 0.5204930
vt 0.2055595 0.5578768
vt 0.5422474 0.9613371
vt 0.9079467 0.4648466
vt 0.8580033 0.5289627
vt 0.5817510 0.2891667
vt 0.4954267 0.3868881
vt 0.8075827 0.4574285
vt 0.7540033 0.5814678
vt 0.6000413 0.1803572
vt 0.5169969 0.1872646
vt 0.1677170 0.2604853
vt 0.2261342 0.0887493
vt 0.0380776 0.2601824
vt 0.8999622 0.8334874
vt 0.2589089 0.4300147
vt 0.1870228 0.3608160
vt 0.4199209 0.3940187
vt 0.5223462 0.6651959
vt 0.6119355 0.5869893
vt 0.5128605 0.5941653
vt 0.6707397 0.6747861
vt 0.6826978 0.7826263
vt 0.4722467 0.8047531
vt 0.3086216 0.0127358
vt 0.6642598 0.4885998
vt 0.3366700 0.5911741
vt 0.4065440 0.2397203
vt 0.4369404 0.1054500
vt 0.3446164 0.1153607
vt 0.3162726 0.3037244
vt 0.2957206 0.2072645
vt 0.3922520 0.3221693
vt 0.9827151 0.6762113
vt 0.9496554 0.6038224
vt 0.9041960 0.7050147
vt 0.7767942 0.6616150
vt 0.7979625 0.7384627
vt 0.5029694 0.5560468
vt 0.5699680 0.4410239
vt 0.4067731 0.4847314
vt 0.0714163 0.4472684
vt 0.1032382 0.3506828
vt 0.0176180 0.3737655
vt 0.6975463 0.9523215
vt 0.6602556 0.8782748
vt 0.5488610 0.8353111
vt 0.1770251 0.4528978
vt 0.0891833 0.5204930
vt 0.2055595 0.5578768
vt 0.5422474 0.9613371
vt 0.9079467 0.4648466
vt 0.8580033 0.5289627
vt 0.5817510 0.2891667
vt 0.4954267 0.3868881
vt 0.8075827 0.4574285
vt 0.7540033 0.5814678
vt 0.6000413 0.1803572
vt 0.5169969 0.1872646
vt 0.1677170 0.2604853
vt 0.2261342 0.0887493
vt 0.0380776 0.2601824
vt 0.8999622 0.8334874
vt 0.2589089 0.4300147
vt 0.1870228 0.3608160
vt 0.4199209 0.3940187
vt 0.5223462 0.6651959
vt 0.6119355 0.5869893
vt 0.5128605 0.5941653
vt 0.6707397 0.6747861
vt 0.6826978 0.7826263
vt 0.4722467 0.8047531
vt 0.3086216 0.0127358
vt 0.6642598 0.4885998
vt 0.3366700 0.5911741
vt 0.4065440 0.2397203
vt 0.4369404 0.1054500
vt 0.3446164 0.1153607
vt 0.3162726 0.3037244
vt 0.2957206 0.2072645
vt 0.3922520 0.3221693
vt 0.9827151 0.6762113
vt 0.9496554 0.6038224
vt 0.9041960 0.7050147
vt 0.7767942 0.6616150
vt 0.7979625 0.7384627
vt 0.5029694 0.5560468
vt 0.5699680 0.4410239
vt 0.4067731 0.4847314
vt 0.0714163 0.4472684
vt 0.1032382 0.3506828
vt 0.0176180 0.3737655
vt 0.6975463 0.9523215
vt 0.6602556 0.8782748
vt 0.5488610 0.8353111
vt 0.1770251 0.4528978
vt 0.0891833 0.5204930
vt 0.2055595 0.5578768
vt 0.5422474 0.9613371
vt 0.9079467 0.4648466
vt 0.8580033 0.5289627
vt 0.5817510 0.2891667
vt 0.4954267 0.3868881
vt 0.8075827 0.4574285
vt 0.7540033 0.5814678
vt 0.6000413 0.1803572
vt 0.5169969 0.1872646
vt 0.1677170 0.2604853
vt 0.2261342 0.0887493
vt 0.0380776 0.2601824
vt 0.8999622 0.8334874
vt 0.2589089 0.4300147
vt 0.1870228 0.3608160
vt 0.4199209 0.3940187
vt 0.5223462 0.6651959
vt 0.6119355 0.5869893
vt 0.5128605 0.5941653
vt 0.6707397 0.6747861
vt 0.6826978 0.7826263
vt 0.4722467 0.8047531
vt 0.3086216 0.0127358
vt 0.6642598 0.4885998
vt 0.3366700 0.5911741
vt 0.4065440 0.2397203
vt 0.4369404 0.1054500
vt 0.3446164 0.1153607
vt 0.3162726 0.3037244
vt 0.2957206 0.2072645
vt 0.3922520 0.3221693
vt 0.9827151 0.6762113
vt 0.9496554 0.6038224
vt 0.9041960 0.7050147
vt 0.7767942 0.6616150
vt 0.7979625 0.7384627
vt 0.5029694 0.5560468
vt 0.5699680 0.4410239
vt 0.4067731 0.4847314
vt 0.0714163 0.4472684
vt 0.1032382 0.3506828
vt 0.0176180 0.3737655
vt 0.6975463 0.9523215
vt 0.6602556 0.8782748
vt 0.5488610 0.8353111
vt 0.1770251 0.4528978
vt 0.0891833 0.5204930
vt 0.2055595 0.5578768
vt 0.5422474 0.9613371
vt 0.9079467 0.4648466
vt 0.8580033 0.5289627
vt 0.5817510 0.2891667
vt 0.4954267 0.3868881
vt 0.8075827 0.4574285
vt 0.7540033 0.5814678
vt 0.6000413 0.1803572
vt 0.5169969 0.1872646
vt 0.1677170 0.2604853
vt 0.2261342 0.0887493
vt 0.0380776 0.2601824
vt 0.8999622 0.8334874
vt 0.2589089 0.4300147
vt 0.1870228 0.3608160
vt 0.4199209 0.3940187
vt 0.5223462 0.6651959
vt 0.6119355 0.5869893
vt 0.5128605 0.5941653
vt 0.6707397 0.6747861
vt 0.6826978 0.7826263
vt 0.4722467 0.8047531
vt 0.3086216 0.0127358
vt 0.6642598 0.4885998
vt 0.3366700 0.5911741
vt 0.4065440 0.2397203
vt 0.4369404 0.1054500
vt 0.3446164 0.1153607
vt 0.3162726 0.3037244
vt 0.2957206 0.2072645
vt 0.3922520 0.3221693
vt 0.9827151 0.6762113
vt 0.9496554 0.6038224
vt 0.9041960 0.7050147
vt 0.7767942 0.6616150
vt 0.7979625 0.7384627
vt 0.5029694 0.5560468
vt 0.5699680 0.4410239
vt 0.4067731 0.4847314
vt 0.0714163 0.4472684
vt 0.1032382 0.3506828
vt 0.0176180 0.3737655
vt 0.6975463 0.9523215
vt 0.6602556 0.8782748
vt 0.5488610 0.8353111
vt 0.1770251 0.4528978
vt 0.0891833 0.5204930
vt 0.2055595 0.5578768
vt 0.5422474 0.9613371
vt 0.9079467 0.4648466
vt 0.8580033 0.5289627
vt 0.5817510 0.2891667
vt 0.4954267 0.3868881
vt 0.8075827 0.4574285
vt 0.7540033 0.5814678
vt 0.6000413 0.1803572
vt 0.5169969 0.1872646
vt 0.1677170 0.2604853
vt 0.2261342 0.0887493
vt 0.0380776 0.2601824
vt 0.8999622 0.8334874
vt 0.2589089 0.4300147
vt 0.1870228 0.3608160
vt 0.4199209 0.3940187
vt 0.5223462 0.6651959
vt 0.6119355 0.5869893
vt 0.5128605 0.5941653
vt 0.6707397 0.6747861
vt 0.6826978 0.7826263
vt 0.4722467 0.8047531
vt 0.3086216 0.0127358
vt 0.6642598 0.4885998
vt 0.3366700 0.5911741
vt 0.4065440 0.2397203
vt 0.4369404 0.1054500
vt 0.3446164 0.1153607
vt 0.3162726 0.3037244
vt 0.2957206 0.2072645
vt 0.3922520 0.3221693
vt 0.9827151 0.6762113
vt 0.9496554 0.6038224
vt 0.9041960 0.7050147
vt 0.7767942 0.6616150
vt 0.7979625 0.7384627
vt 0.5029694 0.5560468
vt 0.5699680 0.4410239
vt 0.4067731 0.4847314
vt 0.0714163 0.4472684
vt 0.1032382 0.3506828
vt 0.0176180 0.3737655
vt 0.6975463 0.9523215
vt 0.6602556 0.8782748
vt 0.5488610 0.8353111
vt 0.1770251 0.4528978
vt 0.0891833 0.5204930
vt 0.2055595 0.5578768
vt 0.5422474 0.9613371
vt 0.9079467 0.4648466
vt 0.8580033 0.5289627
vt 0.5817510 0.2891667
vt 0.4954267 0.3868881
vt 0.8075827 0.4574285
vt 0.7540033 0.5814678
vt 0.6000413 0.1803572
vt 0.5169969 0.1872646
vt 0.1677170 0.2604853
vt 0.2261342 0.0887493
vt 0.0380776 0.2601824
vt 0.8999622 0.8334874
vt 0.2589089 0.4300147
vt 0.1870228 0.3608160
vt 0.4199209 0.3940187
vt 0.5223462 0.6651959
vt 0.6119355 0.5869893
vt 0.5128605 0.5941653
vt 0.6707397 0.6747861
vt 0.6826978 0.7826263
vt 0.4722467 0.8047531
vt 0.3086216 0.0127358
vt 0.6642598 0.4885998
vt 0.3366700 0.5911741
vt 0.4065440 0.2397203
vt 0.4369404 0.1054500
vt 0.3446164 0.1153607
vt 0.3162726 0.3037244
vt 0.2957206 0.2072645
vt 0.3922520 0.3221693
vt 0.9827151 0.6762113
vt 0.9496554 0.6038224
vt 0.9041960 0.7050147
vt 0.7767942 0.6616150
vt 0.7979625 0.7384627
vt 0.5029694 0.5560468
vt 0.5699680 0.4410239
vt 0.4067731 0.4847314
vt 0.0714163 0.4472684
vt 0.1032382 0.3506828
vt 0.0176180 0.3737655
vt 0.6975463 0.9523215
vt 0.6602556 0.8782748
vt 0.5488610 0.8353111
vt 0.1770251 0.4528978
vt 0.0891833 0.5204930
vt 0.2055595 0.5578768
vt 0.5422474 0.9613371
vt 0.9079467 0.4648466
vt 0.8580033 0.5289627
vt 0.5817510 0.2891667
vt 0.4954267 0.3868881
vt 0.8075827 0.4574285
vt 0.7540033 0.5814678
vt 0.6000413 0.1803572
vt 0.5169969 0.1872646
vt 0.1677170 0.2604853
vt 0.2261342 0.0887493
vt 0.0380776 0.2601824
vt 0.8999622 0.8334874
vt 0.2589089 0.4300147
vt 0.1870228 0.3608160
vt 0.4199209 0.3940187
vt 0.5223462 0.6651959
vt 0.6119355 0.5869893
vt 0.5128605 0.5941653
vt 0.6707397 0.6747861
vt 0.6826978 0.7826263
vt 0.4722467 0.8047531
vt 0.3086216 0.0127358
vt 0.6642598 0.4885998
vt 0.3366700 0.5911741
vt 0.4065440 0.2397203
vt 0.4369404 0.1054500
vt 0.3446164 0.1153607
vt 0.3162726 0.3037244
vt 0.2957206 0.2072645
vt 0.3922520 0.3221693
vt 0.9827151 0.6762113
vt 0.9496554 0.6038224
vt 0.9041960 0.7050147
vt 0.7767942 0.6616150
vt 0.7979625 0.7384627
vt 0.5029694 0.5560468
vt 0.5699680 0.4410239
vt 0.4067731 0.4847314
vt 0.0714163 0.4472684
vt 0.1032382 0.3506828
vt 0.0176180 0.3737655
vt 0.6975463 0.9523215
vt 0.6602556 0.8782748
vt 0.5488610 0.8353111
vt 0.1770251 0.4528978
vt 0.0891833 0.5204930
vt 0.2055595 0.5578768
vt 0.5422474 0.9613371
vt 0.9079467 0.4648466
vt 0.8580033 0.5289627
vt 0.5817510 0.2891667
vt 0.4954267 0.3868881
vt 0.8075827 0.4574285
vt 0.7540033 0.5814678
vt 0.6000413 0.1803572
vt 0.5169969 0.1872646
vt 0.1677170 0.2604853
vt 0.2261342 0.0887493
vt 0.0380776 0.2601824
vt 0.8999622 0.8334874
vt 0.2589089 0.4300147
vt 0.1870228 0.3608160
vt 0.4199209 0.3940187
vt 0.5223462 0.6651959
vt 0.6119355 0.5869893
vt 0.5128605 0.5941653
vt 0.6707397 0.6747861
vt 0.6826978 0.7826263
vt 0.4722467 0.8047531
vt 0.3086216 0.0127358
vt 0.6642598 0.4885998
vt 0.3366700 0.5911741
vt 0.4065440 0.2397203
vt 0.4369404 0.1054500
vt 0.3446164 0.1153607
vt 0.3162726 0.3037244
vt 0.2957206 0.2072645
vt 0.3922520 0.3221693
vt 0.9827151 0.6762113
vt 0.9496554 0.6038224
vt 0.9041960 0.7050147
vt 0.7767942 0.6616150
vt 0.7979625 0.7384627
vt 0.5029694 0.5560468
vt 0.5699680 0.4410239
vt 0.4067731 0.4847314
vt 0.0714163 0.4472684
vt 0.1032382 0.3506828
vt 0.0176180 0.3737655
vt 0.6975463 0.9523215
vt 0.6602556 0.8782748
vt 0.5488610 0.8353111
vt 0.1770251 0.4528978
vt 0.0891833 0.5204930
vt 0.2055595 0.5578768
vt 0.5422474 0.9613371
vt 0.9079467 0.4648466
vt 0.8580033 0.5289627
vt 0.5817510 0.2891667
vt 0.4954267 0.3868881
vt 0.8075827 0.4574285
vt 0.7540033 0.5814678
vt 0.6000413 0.1803572
vt 0.5169969 0.1872646
vt 0.1677170 0.2604853
vt 0.2261342 0.0887493
vt 0.0380776 0.2601824
vt 0.8999622 0.8334874
vt 0.2589089 0.4300147
vt 0.1870228 0.3608160
vt 0.4199209 0.3940187
vt 0.5223462 0.6651959
vt 0.6119355 0.5869893
vt 0.5128605 0.5941653
vt 0.6707397 0.6747861
vt 0.6826978 0.7826263
vt 0.4722467 0.8047531
vt 0.3086216 0.0127358
vt 0.6642598 0.4885998
vt 0.3366700 0.5911741
vt 0.4065440 0.2397203
vt 0.4369404 0.1054500
vt 0.3446164 0.1153607
vt 0.3162726 0.3037244
vt 0.2957206 0.2072645
vt 0.3922520 0.3221693
vt 0.9827151 0.6762113
vt 0.9496554 0.6038224
vt 0.9041960 0.7050147
vt 0.7767942 0.6616150
vt 0.7979625 0.7384627
vt 0.5029694 0.5560468
vt 0.5699680 0.4410239
vt 0.4067731 0.4847314
vt 0.0714163 0.4472684
vt 0.1032382 0.3506828
vt 0.0176180 0.3737655
vt 0.6975463 0.9523215
vt 0.6602556 0.8782748
vt 0.5488610 0.8353111
vt 0.1770251 0.4528978
vt 0.0891833 0.5204930
vt 0.2055595 0.5578768
vt 0.5422474 0.9613371
vt 0.9079467 0.4648466
vt 0.8580033 0.5289627
vt 0.5817510 0.2891667
vt 0.4954267 0.3868881
vt 0.8075827 0.4574285
vt 0.7540033 0.5814678
vt 0.6000413 0.1803572
vt 0.5169969 0.1872646
vt 0.1677170 0.2604853
vt 0.2261342 0.0887493
vt 0.0380776 0.2601824
vt 0.8999622 0.8334874
vt 0.2589089 0.4300147
vt 0.1870228 0.3608160
vt 0.4199209 0.3940187
vt 0.5223462 0.6651959
vt 0.6119355 0.5869893
vt 0.5128605 0.5941653
vt 0.6707397 0.6747861
vt 0.6826978 0.7826263
vt 0.4722467 0.8047531
vt 0.3086216 0.0127358
vt 0.6642598 0.4885998
vt 0.3366700 0.5911741
vt 0.4065440 0.2397203
vt 0.4369404 0.1054500
vt 0.3446164 0.1153607
vt 0.3162726 0.3037244
vt 0.2957206 0.2072645
vt 0.3922520 0.3221693
vt 0.9827151 0.6762113
vt 0.9496554 0.6038224
vt 0.9041960 0.7050147
vt 0.7767942 0.6616150
vt 0.7979625 0.7384627
vt 0.5029694 0.5560468
vt 0.5699680 0.4410239
vt 0.4067731 0.4847314
vt 0.0714163 0.4472684
vt 0.1032382 0.3506828
vt 0.0176180 0.3737655
vt 0.6975463 0.9523215
vt 0.6602556 0.8782748
vt 0.5488610 0.8353111
vt 0.1770251 0.4528978
vt 0.0891833 0.5204930
vt 0.2055595 0.5578768
vt 0.5422474 0.9613371
vt 0.9079467 0.4648466
vt 0.8580033 0.5289627
vt 0.5817510 0.2891667
vt 0.4954267 0.3868881
vt 0.8075827 0.4574285
vt 0.7540033 0.5814678
vt 0.6000413 0.1803572
vt 0.5169969 0.1872646
vt 0.1677170 0.2604853
vt 0.2261342 0.0887493
vt 0.0380776 0.2601824
vt 0.8999622 0.8334874
vt 0.2589089 0.4300147
vt 0.1870228 0.3608160
vt 0.4199209 0.3940187
vt 0.5223462 0.6651959
vt 0.6119355 0.5869893
vt 0.5128605 0.5941653
vt 0.6707397 0.6747861
vt 0.6826978 0.7826263
vt 0.4722467 0.8047531
vt 0.3086216 0.0127358
vt 0.6642598 0.4885998
vt 0.3366700 0.5911741
vt 0.4065440 0.2397203
vt 0.4369404 0.1054500
vt 0.3446164 0.1153607
vt 0.3162726 0.3037244
vt 0.2957206 0.2072645
vt 0.3922520 0.3221693
vt 0.9827151 0.6762113
vt 0.9496554 0.6038224
vt 0.9041960 0.7050147
vt 0.7767942 0.6616150
vt 0.7979625 0.7384627
vt 0.5029694 0.5560468
vt 0.5699680 0.4410239
vt 0.4067731 0.4847314
vt 0.0714163 0.4472684
vt 0.1032382 0.3506828
vt 0.0176180 0.3737655
vt 0.6975463 0.9523215
vt 0.6602556 0.8782748
vt 0.5488610 0.8353111
vt 0.1770251 0.4528978
vt 0.0891833 0.5204930
vt 0.2055595 0.5578768
vt 0.5422474 0.9613371
vt 0.9079467 0.4648466
vt 0.8580033 0.5289627
vt 0.5817510 0.2891667
vt 0.4954267 0.3868881
vt 0.8075827 0.4574285
vt 0.7540033 0.5814678
vt 0.6000413 0.1803572
vt 0.5169969 0.1872646
vt 0.1677170 0.2604853
vt 0.2261342 0.0887493
vt 0.0380776 0.2601824
vt 0.8999622 0.8334874
vt 0.2589089 0.4300147
vt 0.1870228 0.3608160
vt 0.4199209 0.3940187
vt 0.5223462 0.6651959
vt 0.6119355 0.5869893
vt 0.5128605 0.5941653
vt 0.6707397 0.6747861
vt 0.6826978 0.7826263
vt 0.4722467 0.8047531
vt 0.3086216 0.0127358
vt 0.6642598 0.4885998
vt 0.3366700 0.5911741
vt 0.4065440 0.2397203
vt 0.4369404 0.1054500
vt 0.3446164 0.1153607
vt 0.3162726 0.3037244
vt 0.2957206 0.2072645
vt 0.3922520 0.3221693
vt 0.9827151 0.6762113
vt 0.9496554 0.6038224
vt 0.9041960 0.7050147
vt 0.7767942 0.6616150
vt 0.7979625 0.7384627
vt 0.5029694 0.5560468
vt 0.5699680 0.4410239
vt 0.4067731 0.4847314
vt 0.0714163 0.4472684
vt 0.1032382 0.3506828
vt 0.0176180 0.3737655
vt 0.6975463 0.9523215
vt 0.6602556 0.8782748
vt 0.5488610 0.8353111
vt 0.1770251 0.4528978
vt 0.0891833 0.5204930
vt 0.2055595 0.5578768
vt 0.5422474 0.9613371
vt 0.9079467 0.4648466
vt 0.8580033 0.5289627
vt 0.5817510 0.2891667
vt 0.4954267 0.3868881
vt 0.8075827 0.4574285
vt 0.7540033 0.5814678
vt 0.6000413 0.1803572
vt 0.5169969 0.1872646
vt 0.1677170 0.2604853
vt 0.2261342 0.0887493
vt 0.0380776 0.2601824
vt 0.8999622 0.8334874
vt 0.2589089 0.4300147
vt 0.1870228 0.3608160
vt 0.4199209 0.3940187
vt 0.5223462 0.6651959
vt 0.6119355 0.5869893
vt 0.5128605 0.5941653
vt 0.6707397 0.6747861
vt 0.6826978 0.7826263
vt 0.4722467 0.8047531
vt 0.3086216 0.0127358
vt 0.6642598 0.4885998
vt 0.3366700 0.5911741
vt 0.4065440 0.2397203
vt 0.4369404 0.1054500
vt 0.3446164 0.1153607
vt 0.3162726 0.3037244
vt 0.2957206 0.2072645
vt 0.3922520 0.3221693
vt 0.9827151 0.6762113
vt 0.9496554 0.6038224
vt 0.9041960 0.7050147
vt 0.7767942 0.6616150
vt 0.7979625 0.7384627
vt 0.5029694 0.5560468
vt 0.5699680 0.4410239
vt 0.4067731 0.4847314
vt 0.0714163 0.4472684
vt 0.1032382 0.3506828
vt 0.0176180 0.3737655
vt 0.6975463 0.9523215
vt 0.6602556 0.8782748
vt 0.5488610 0.8353111
vt 0.1770251 0.4528978
vt 0.0891833 0.5204930
vt 0.2055595 0.5578768
vt 0.5422474 0.9613371
vt 0.9079467 0.4648466
vt 0.8580033 0.5289627
vt 0.5817510 0.2891667
vt 0.4954267 0.3868881
vt 0.8075827 0.4574285
vt 0.7540033 0.5814678
vt 0.6000413 0.1803572
vt 0.5169969 0.1872646
vt 0.1677170 0.2604853
vt 0.2261342 0.0887493
vt 0.0380776 0.2601824
vt 0.8999622 0.8334874
vt 0.2589089 0.4300147
vt 0.1870228 0.3608160
vt 0.4199209 0.3940187
vt 0.5223462 0.6651959
vt 0.6119355 0.5869893
vt 0.5128605 0.5941653
vt 0.6707397 0.6747861
vt 0.6826978 0.7826263
vt 0.4722467 0.8047531
vt 0.3086216 0.0127358
vt 0.6642598 0.4885998
vt 0.3366700 0.5911741
vt 0.4065440 0.2397203
vt 0.4369404 0.1054500
vt 0.3446164 0.1153607
vt 0.3162726 0.3037244
vt 0.2957206 0.2072645
vt 0.3922520 0.3221693
vt 0.9827151 0.6762113
vt 0.9496554 0.6038224
vt 0.9041960 0.7050147
vt 0.7767942 0.6616150
vt 0.7979625 0.7384627
vt 0.5029694 0.5560468
vt 0.5699680 0.4410239
vt 0.4067731 0.4847314
vt 0.0714163 0.4472684
vt 0.1032382 0.3506828
vt 0.0176180 0.3737655
vt 0.6975463 0.9523215
vt 0.6602556 0.8782748
vt 0.5488610 0.8353111
vt 0.1770251 0.4528978
vt 0.0891833 0.5204930
vt 0.2055595 0.5578768
vt 0.5422474 0.9613371
vt 0.9079467 0.4648466
vt 0.8580033 0.5289627
vt 0.5817510 0.2891667
vt 0.4954267 0.3868881
vt 0.8075827 0.4574285
vt 0.7540033 0.5814678
vt 0.6000413 0.1803572
vt 0.5169969 0.1872646
vt 0.1677170 0.2604853
vt 0.2261342 0.0887493
vt 0.0380776 0.2601824
vt 0.8999622 0.8334874
vt 0.2589089 0.4300147
vt 0.1870228 0.3608160
vt 0.4199209 0.3940187
vt 0.5223462 0.6651959
vt 0.6119355 0.5869893
vt 0.5128605 0.5941653
vt 0.6707397 0.6747861
vt 0.6826978 0.7826263
vt 0.4722467 0.8047531
vt 0.3086216 0.0127358
vt 0.6642598 0.4885998
vt 0.3366700 0.5911741
vt 0.4065440 0.2397203
vt 0.4369404 0.1054500
vt 0.3446164 0.1153607
vt 0.3162726 0.3037244
vt 0.2957206 0.2072645
vt 0.3922520 0.3221693
vt 0.9827151 0.6762113
vt 0.9496554 0.6038224
vt 0.9041960 0.7050147
vt 0.7767942 0.6616150
vt 0.7979625 0.7384627
vt 0.5029694 0.5560468
vt 0.5699680 0.4410239
vt 0.4067731 0.4847314
vt 0.0714163 0.4472684
vt 0.1032382 0.3506828
vt 0.0176180 0.3737655
vt 0.6975463 0.9523215
vt 0.6602556 0.8782748
vt 0.5488610 0.8353111
vt 0.1770251 0.4528978
vt 0.0891833 0.5204930
vt 0.2055595 0.5578768
vt 0.5422474 0.9613371
vt 0.9079467 0.4648466
vt 0.8580033 0.5289627
vt 0.5817510 0.2891667
vt 0.4954267 0.3868881
vt 0.8075827 0.4574285
vt 0.7540033 0.5814678
vt 0.6000413 0.1803572
vt 0.5169969 0.1872646
vt 0.1677170 0.2604853
vt 0.2261342 0.0887493
vt 0.0380776 0.2601824
vt 0.8999622 0.8334874
vt 0.2589089 0.4300147
vt 0.1870228 0.3608160
vt 0.4199209 0.3940187
vt 0.5223462 0.6651959
vt 0.6119355 0.5869893
vt 0.5128605 0.5941653
vt 0.6707397 0.6747861
vt 0.6826978 0.7826263
vt 0.4722467 0.8047531
vt 0.3086216 0.0127358
vt 0.6642598 0.4885998
vt 0.3366700 0.5911741
vt 0.4065440 0.2397203
vt 0.4369404 0.1054500
vt 0.3446164 0.1153607
vt 0.3162726 0.3037244
vt 0.2957206 0.2072645
vt 0.3922520 0.3221693
vt 0.9827151 0.6762113
vt 0.9496554 0.6038224
vt 0.9041960 0.7050147
vt 0.7767942 0.6616150
vt 0.7979625 0.7384627
vt 0.5029694 0.5560468
vt 0.5699680 0.4410239
vt 0.4067731 0.4847314
vt 0.0714163 0.4472684
vt 0.1032382 0.3506828
vt 0.0176180 0.3737655
vt 0.6975463 0.9523215
vt 0.6602556 0.8782748
vt 0.5488610 0.8353111
vt 0.1770251 0.4528978
vt 0.0891833 0.5204930
vt 0.2055595 0.5578768
vt 0.5422474 0.9613371
vt 0.9079467 0.4648466
vt 0.8580033 0.5289627
vt 0.5817510 0.2891667
vt 0.4954267 0.3868881
vt 0.8075827 0.4574285
vt 0.7540033 0.5814678
vt 0.6000413 0.1803572
vt 0.5169969 0.1872646
vt 0.1677170 0.2604853
vt 0.2261342 0.0887493
vt 0.0380776 0.2601824
vt 0.8999622 0.8334874
vt 0.2589089 0.4300147
vt 0.1870228 0.3608160
vt 0.4199209 0.3940187
vt 0.5223462 0.6651959
vt 0.6119355 0.5869893
vt 0.5128605 0.5941653
vt 0.6707397 0.6747861
vt 0.6826978 0.7826263
vt 0.4722467 0.8047531
vt 0.3086216 0.0127358
vt 0.6642598 0.4885998
vt 0.3366700 0.5911741
vt 0.4065440 0.2397203
vt 0.4369404 0.1054500
vt 0.3446164 0.1153607
vt 0.3162726 0.3037244
vt 0.2957206 0.2072645
vt 0.3922520 0.3221693
vt 0.9827151 0.6762113
vt 0.9496554 0.6038224
vt 0.9041960 0.7050147
vt 0.7767942 0.6616150
vt 0.7979625 0.7384627
vt 0.5029694 0.5560468
vt 0.5699680 0.4410239
vt 0.4067731 0.4847314
vt 0.0714163 0.4472684
vt 0.1032382 0.3506828
vt 0.0176180 0.3737655
vt 0.6975463 0.9523215
vt 0.6602556 0.8782748
vt 0.5488610 0.8353111
vt 0.1770251 0.4528978
vt 0.0891833 0.5204930
vt 0.2055595 0.5578768
vt 0.5422474 0.9613371
vt 0.9079467 0.4648466
vt 0.8580033 0.5289627
vt 0.5817510 0.2891667
vt 0.4954267 0.3868881
vt 0.8075827 0.4574285
vt 0.7540033 0.5814678
vt 0.6000413 0.1803572
vt 0.5169969 0.1872646
vt 0.1677170 0.2604853
vt 0.2261342 0.0887493
vt 0.0380776 0.2601824
vt 0.8999622 0.8334874
vt 0.2589089 0.4300147
vt 0.1870228 0.3608160
vt 0.4199209 0.3940187
vt 0.5223462 0.6651959
vt 0.6119355 0.5869893
vt 0.5128605 0.5941653
vt 0.6707397 0.6747861
vt 0.6826978 0.7826263
vt 0.4722467 0.8047531
vt 0.3086216 0.0127358
vt 0.6642598 0.4885998
vt 0.3366700 0.5911741
vt 0.4065440 0.2397203
vt 0.4369404 0.1054500
vt 0.3446164 0.1153607
vt 0.3162726 0.3037244
vt 0.2957206 0.2072645
vt 0.3922520 0.3221693
vt 0.9827151 0.6762113
vt 0.9496554 0.6038224
vt 0.9041960 0.7050147
vt 0.7767942 0.6616150
vt 0.7979625 0.7384627
vt 0.5029694 0.5560468
vt 0.5699680 0.4410239
vt 0.4067731 0.4847314
vt 0.0714163 0.4472684
vt 0.1032382 0.3506828
vt 0.0176180 0.3737655
vt 0.6975463 0.9523215
vt 0.6602556 0.8782748
vt 0.5488610 0.8353111
vt 0.1770251 0.4528978
vt 0.0891833 0.5204930
vt 0.2055595 0.5578768
vt 0.5422474 0.9613371
vt 0.9079467 0.4648466
vt 0.8580033 0.5289627
vt 0.5817510 0.2891667
vt 0.4954267 0.3868881
vt 0.8075827 0.4574285
vt 0.7540033 0.5814678
vt 0.6000413 0.1803572
vt 0.5169969 0.1872646
vt 0.1677170 0.2604853
vt 0.2261342 0.0887493
vt 0.0380776 0.2601824
vt 0.8999622 0.8334874
vt 0.2589089 0.4300147
vt 0.1870228 0.3608160
vt 0.4199209 0.3940187
vt 0.5223462 0.6651959
vt 0.6119355 0.5869893
vt 0.5128605 0.5941653
vt 0.6707397 0.6747861
vt 0.6826978 0.7826263
vt 0.4722467 0.8047531
vt 0.3086216 0.0127358
vt 0.6642598 0.4885998
vt 0.3366700 0.5911741
vt 0.4065440 0.2397203
vt 0.4369404 0.1054500
vt 0.3446164 0.1153607
vt 0.3162726 0.3037244
vt 0.2957206 0.2072645
vt 0.3922520 0.3221693
vt 0.9827151 0.6762113
vt 0.9496554 0.6038224
vt 0.9041960 0.7050147
vt 0.7767942 0.6616150
vt 0.7979625 0.7384627
vt 0.5029694 0.5560468
vt 0.5699680 0.4410239
vt 0.4067731 0.4847314
vt 0.0714163 0.4472684
vt 0.1032382 0.3506828
vt 0.0176180 0.3737655
vt 0.6975463 0.9523215
vt 0.6602556 0.8782748
vt 0.5488610 0.8353111
vt 0.1770251 0.4528978
vt 0.0891833 0.5204930
vt 0.2055595 0.5578768
vt 0.5422474 0.9613371
vt 0.9079467 0.4648466
vt 0.8580033 0.5289627
vt 0.5817510 0.2891667
vt 0.4954267 0.3868881
vt 0.8075827 0.4574285
vt 0.7540033 0.5814678
vt 0.6000413 0.1803572
vt 0.5169969 0.1872646
vt 0.1677170 0.2604853
vt 0.2261342 0.0887493
vt 0.0380776 0.2601824
vt 0.8999622 0.8334874
vt 0.2589089 0.4300147
vt 0.1870228 0.3608160
vt 0.4199209 0.3940187
vt 0.5223462 0.6651959
vt 0.6119355 0.5869893
vt 0.5128605 0.5941653
vt 0.6707397 0.6747861
vt 0.6826978 0.7826263
vt 0.4722467 0.8047531
vt 0.3086216 0.0127358
vt 0.6642598 0.4885998
vt 0.3366700 0.5911741
vt 0.4065440 0.2397203
vt 0.4369404 0.1054500
vt 0.3446164 0.1153607
vt 0.3162726 0.3037244
vt 0.2957206 0.2072645
vt 0.3922520 0.3221693
vt 0.9827151 0.6762113
vt 0.9496554 0.6038224
vt 0.9041960 0.7050147
vt 0.7767942 0.6616150
vt 0.7979625 0.7384627
vt 0.5029694 0.5560468
vt 0.5699680 0.4410239
vt 0.4067731 0.4847314
vt 0.0714163 0.4472684
vt 0.1032382 0.3506828
vt 0.0176180 0.3737655
vt 0.6975463 0.9523215
vt 0.6602556 0.8782748
vt 0.5488610 0.8353111
vt 0.1770251 0.4528978
vt 0.0891833 0.5204930
vt 0.2055595 0.5578768
vt 0.5422474 0.9613371
vt 0.9079467 0.4648466
vt 0.8580033 0.5289627
vt 0.5817510 0.2891667
vt 0.4954267 0.3868881
vt 0.8075827 0.4574285
vt 0.7540033 0.5814678
vt 0.6000413 0.1803572
vt 0.5169969 0.1872646
vt 0.1677170 0.2604853
vt 0.2261342 0.0887493
vt 0.0380776 0.2601824
vt 0.8999622 0.8334874
vt 0.2589089 0.4300147
vt 0.1870228 0.3608160
vt 0.4199209 0.3940187
vt 0.5223462 0.6651959
vt 0.6119355 0.5869893
vt 0.5128605 0.5941653
vt 0.6707397 0.6747861
vt 0.6826978 0.7826263
vt 0.4722467 0.8047531
vt 0.3086216 0.0127358
vt 0.6642598 0.4885998
vt 0.3366700 0.5911741
vt 0.4065440 0.2397203
vt 0.4369404 0.1054500
vt 0.3446164 0.1153607
vt 0.3162726 0.3037244
vt 0.2957206 0.2072645
vt 0.3922520 0.3221693
vt 0.9827151 0.6762113
vt 0.9496554 0.6038224
vt 0.9041960 0.7050147
vt 0.7767942 0.6616150
vt 0.7979625 0.7384627
vt 0.5029694 0.5560468
vt 0.5699680 0.4410239
vt 0.4067731 0.4847314
vt 0.0714163 0.4472684
vt 0.1032382 0.3506828
vt 0.0176180 0.3737655
vt 0.6975463 0.9523215
vt 0.6602556 0.8782748
vt 0.5488610 0.8353111
vt 0.1770251 0.4528978
vt 0.0891833 0.5204930
vt 0.2055595 0.5578768
vt 0.5422474 0.9613371
vt 0.9079467 0.4648466
vt 0.8580033 0.5289627
vt 0.5817510 0.2891667
vt 0.4954267 0.3868881
vt 0.8075827 0.4574285
vt 0.7540033 0.5814678
vt 0.6000413 0.1803572
vt 0.5169969 0.1872646
vt 0.1677170 0.2604853
vt 0.2261342 0.0887493
vt 0.0380776 0.2601824
vt 0.8999622 0.8334874
vt 0.2589089 0.4300147
vt 0.1870228 0.3608160
vt 0.4199209 0.3940187
vt 0.5223462 0.6651959
vt 0.6119355 0.5869893
vt 0.5128605 0.5941653
vt 0.6707397 0.6747861
vt 0.6826978 0.7826263
vt 0.4722467 0.8047531
vt 0.3086216 0.0127358
vt 0.6642598 0.4885998
vt 0.3366700 0.5911741
vt 0.4065440 0.2397203
vt 0.4369404 0.1054500
vt 0.3446164 0.1153607
vt 0.3162726 0.3037244
vt 0.2957206 0.2072645
vt 0.3922520 0.3221693
vt 0.9827151 0.6762113
vt 0.9496554 0.6038224
vt 0.9041960 0.7050147
vt 0.7767942 0.6616150
vt 0.7979625 0.7384627
vt 0.5029694 0.5560468
vt 0.5699680 0.4410239
vt 0.4067731 0.4847314
vt 0.0714163 0.4472684
vt 0.1032382 0.3506828
vt 0.0176180 0.3737655
vt 0.6975463 0.9523215
vt 0.6602556 0.8782748
vt 0.5488610 0.8353111
vt 0.1770251 0.4528978
vt 0.0891833 0.5204930
vt 0.2055595 0.5578768
vt 0.5422474 0.9613371
vt 0.9079467 0.4648466
vt 0.8580033 0.5289627
vt 0.5817510 0.2891667
vt 0.4954267 0.3868881
vt 0.8075827 0.4574285
vt 0.7540033 0.5814678
vt 0.6000413 0.1803572
vt 0.5169969 0.1872646
vt 0.1677170 0.2604853
vt 0.2261342 0.0887493
vt 0.0380776 0.2601824
vt 0.8999622 0.8334874
vt 0.2589089 0.4300147
vt 0.1870228 0.3608160
vt 0.4199209 0.3940187
vt 0.5223462 0.6651959
vt 0.6119355 0.5869893
vt 0.5128605 0.5941653
vt 0.6707397 0.6747861
vt 0.6826978 0.7826263
vt 0.4722467 0.8047531
vt 0.3086216 0.0127358
vt 0.6642598 0.4885998
vt 0.3366700 0.5911741
vt 0.4065440 0.2397203
vt 0.4369404 0.1054500
vt 0.3446164 0.1153607
vt 0.3162726 0.3037244
vt 0.2957206 0.2072645
vt 0.3922520 0.3221693
vt 0.9827151 0.6762113
vt 0.9496554 0.6038224
vt 0.9041960 0.7050147
vt 0.7767942 0.6616150
vt 0.7979625 0.7384627
vt 0.5029694 0.5560468
vt 0.5699680 0.4410239
vt 0.4067731 0.4847314
vt 0.0714163 0.4472684
vt 0.1032382 0.3506828
vt 0.0176180 0.3737655
vt 0.6975463 0.9523215
vt 0.6602556 0.8782748
vt 0.5488610 0.8353111
vt 0.1770251 0.4528978
vt 0.0891833 0.5204930
vt 0.2055595 0.5578768
vt 0.5422474 0.9613371
vt 0.9079467 0.4648466
vt 0.8580033 0.5289627
vt 0.5817510 0.2891667
vt 0.4954267 0.3868881
vt 0.8075827 0.4574285
vt 0.7540033 0.5814678
vt 0.6000413 0.1803572
vt 0.5169969 0.1872646
vt 0.1677170 0.2604853
vt 0.2261342 0.0887493
vt 0.0380776 0.2601824
vt 0.8999622 0.8334874
vt 0.2589089 0.4300147
vt 0.1870228 0.3608160
vt 0.4199209 0.3940187
vt 0.5223462 0.6651959
vt 0.6119355 0.5869893
vt 0.5128605 0.5941653
vt 0.6707397 0.6747861
vt 0.6826978 0.7826263
vt 0.4722467 0.8047531
vt 0.3086216 0.0127358
vt 0.6642598 0.4885998
vt 0.3366700 0.5911741
vt 0.4065440 0.2397203
vt 0.4369404 0.1054500
vt 0.3446164 0.1153607
vt 0.3162726 0.3037244
vt 0.2957206 0.2072645
vt 0.3922520 0.3221693
vt 0.9827151 0.6762113
vt 0.9496554 0.6038224
vt 0.9041960 0.7050147
vt 0.7767942 0.6616150
vt 0.7979625 0.7384627
vt 0.5029694 0.5560468
vt 0.5699680 0.4410239
vt 0.4067731 0.4847314
vt 0.0714163 0.4472684
vt 0.1032382 0.3506828
vt 0.0176180 0.3737655
vt 0.6975463 0.9523215
vt 0.6602556 0.8782748
vt 0.5488610 0.8353111
vt 0.1770251 0.4528978
vt 0.0891833 0.5204930
vt 0.2055595 0.5578768
vt 0.5422474 0.9613371
vt 0.9079467 0.4648466
vt 0.8580033 0.5289627
vt 0.5817510 0.2891667
vt 0.4954267 0.3868881
vt 0.8075827 0.4574285
vt 0.7540033 0.5814678
vt 0.6000413 0.1803572
vt 0.5169969 0.1872646
vt 0.1677170 0.2604853
vt 0.2261342 0.0887493
vt 0.0380776 0.2601824
vt 0.8999622 0.8334874
vt 0.2589089 0.4300147
vt 0.1870228 0.3608160
vt 0.4199209 0.3940187
vt 0.5223462 0.6651959
vt 0.6119355 0.5869893
vt 0.5128605 0.5941653
vt 0.6707397 0.6747861
vt 0.6826978 0.7826263
vt 0.4722467 0.8047531
vt 0.3086216 0.0127358
vt 0.6642598 0.4885998
vt 0.3366700 0.5911741
vt 0.4065440 0.2397203
vt 0.4369404 0.1054500
vt 0.3446164 0.1153607
vt 0.3162726 0.3037244
vt 0.2957206 0.2072645
vt 0.3922520 0.3221693
vt 0.9827151 0.6762113
vt 0.9496554 0.6038224
vt 0.9041960 0.7050147
vt 0.7767942 0.6616150
vt 0.7979625 0.7384627
vt 0.5029694 0.5560468
vt 0.5699680 0.4410239
vt 0.4067731 0.4847314
vt 0.0714163 0.4472684
vt 0.1032382 0.3506828
vt 0.0176180 0.3737655
vt 0.6975463 0.9523215
vt 0.6602556 0.8782748
vt 0.5488610 0.8353111
vt 0.1770251 0.4528978
vt 0.0891833 0.5204930
vt 0.2055595 0.5578768
vt 0.5422474 0.9613371
vt 0.9079467 0.4648466
vt 0.8580033 0.5289627
vt 0.5817510 0.2891667
vt 0.4954267 0.3868881
vt 0.8075827 0.4574285
vt 0.7540033 0.5814678
vt 0.6000413 0.1803572
vt 0.5169969 0.1872646
vt 0.1677170 0.2604853
vt 0.2261342 0.0887493
vt 0.0380776 0.2601824
vt 0.8999622 0.8334874
vt 0.2589089 0.4300147
vt 0.1870228 0.3608160
vt 0.4199209 0.3940187
vt 0.5223462 0.6651959
vt 0.6119355 0.5869893
vt 0.5128605 0.5941653
vt 0.6707397 0.6747861
vt 0.6826978 0.7826263
vt 0.4722467 0.8047531
vt 0.3086216 0.0127358
vt 0.6642598 0.4885998
vt 0.3366700 0.5911741
vt 0.4065440 0.2397203
vt 0.4369404 0.1054500
vt 0.3446164 0.1153607
vt 0.3162726 0.3037244
vt 0.2957206 0.2072645
vt 0.3922520 0.3221693
vt 0.9827151 0.6762113
vt 0.9496554 0.6038224
vt 0.9041960 0.7050147
vt 0.7767942 0.6616150
vt 0.7979625 0.7384627
vt 0.5029694 0.5560468
vt 0.5699680 0.4410239
vt 0.4067731 0.4847314
vt 0.0714163 0.4472684
vt 0.1032382 0.3506828
vt 0.0176180 0.3737655
vt 0.6975463 0.9523215
vt 0.6602556 0.8782748
vt 0.5488610 0.8353111
vt 0.1770251 0.4528978
vt 0.0891833 0.5204930
vt 0.2055595 0.5578768
vt 0.5422474 0.9613371
vt 0.9079467 0.4648466
vt 0.8580033 0.5289627
vt 0.5817510 0.2891667
vt 0.4954267 0.3868881
vt 0.8075827 0.4574285
vt 0.7540033 0.5814678
vt 0.6000413 0.1803572
vt 0.5169969 0.1872646
vt 0.1677170 0.2604853
vt 0.2261342 0.0887493
vt 0.0380776 0.2601824
vt 0.8999622 0.8334874
vt 0.2589089 0.4300147
vt 0.1870228 0.3608160
vt 0.4199209 0.3940187
vt 0.5223462 0.6651959
vt 0.6119355 0.5869893
vt 0.5128605 0.5941653
vt 0.6707397 0.6747861
vt 0.6826978 0.7826263
vt 0.4722467 0.8047531
vt 0.3086216 0.0127358
vt 0.6642598 0.4885998
vt 0.3366700 0.5911741
vt 0.4065440 0.2397203
vt 0.4369404 0.1054500
vt 0.3446164 0.1153607
vt 0.3162726 0.3037244
vt 0.2957206 0.2072645
vt 0.3922520 0.3221693
vt 0.9827151 0.6762113
vt 0.9496554 0.6038224
vt 0.9041960 0.7050147
vt 0.7767942 0.6616150
vt 0.7979625 0.7384627
vt 0.5029694 0.5560468
vt 0.5699680 0.4410239
vt 0.4067731 0.4847314
vt 0.0714163 0.4472684
vt 0.1032382 0.3506828
vt 0.0176180 0.3737655
vt 0.6975463 0.9523215
vt 0.6602556 0.8782748
vt 0.5488610 0.8353111
vt 0.1770251 0.4528978
vt 0.0891833 0.5204930
vt 0.2055595 0.5578768
vt 0.5422474 0.9613371
vt 0.9079467 0.4648466
vt 0.8580033 0.5289627
vt 0.5817510 0.2891667
vt 0.4954267 0.3868881
vt 0.8075827 0.4574285
vt 0.7540033 0.5814678
vt 0.6000413 0.1803572
vt 0.5169969 0.1872646
vt 0.1677170 0.2604853
vt 0.2261342 0.0887493
vt 0.0380776 0.2601824
vt 0.8999622 0.8334874
vt 0.2589089 0.4300147
vt 0.1870228 0.3608160
vt 0.4199209 0.3940187
vt 0.5223462 0.6651959
vt 0.6119355 0.5869893
vt 0.5128605 0.5941653
vt 0.6707397 0.6747861
vt 0.6826978 0.7826263
vt 0.4722467 0.8047531
vt 0.3086216 0.0127358
vt 0.6642598 0.4885998
vt 0.3366700 0.5911741
vt 0.4065440 0.2397203
vt 0.4369404 0.1054500
vt 0.3446164 0.1153607
vt 0.3162726 0.3037244
vt 0.2957206 0.2072645
vt 0.3922520 0.3221693
vt 0.9827151 0.6762113
vt 0.9496554 0.6038224
vt 0.9041960 0.7050147
vt 0.7767942 0.6616150
vt 0.7979625 0.7384627
vt 0.5029694 0.5560468
vt 0.5699680 0.4410239
vt 0.4067731 0.4847314
vt 0.0714163 0.4472684
vt 0.1032382 0.3506828
vt 0.0176180 0.3737655
vt 0.6975463 0.9523215
vt 0.6602556 0.8782748
vt 0.5488610 0.8353111
vt 0.1770251 0.4528978
vt 0.0891833 0.5204930
vt 0.2055595 0.5578768
vt 0.5422474 0.9613371
vt 0.9079467 0.4648466
vt 0.8580033 0.5289627
vt 0.5817510 0.2891667
vt 0.4954267 0.3868881
vt 0.8075827 0.4574285
vt 0.7540033 0.5814678
vt 0.6000413 0.1803572
vt 0.5169969 0.1872646
vt 0.1677170 0.2604853
vt 0.2261342 0.0887493
vt 0.0380776 0.2601824
vt 0.8999622 0.8334874
vt 0.2589089 0.4300147
vt 0.1870228 0.3608160
vt 0.4199209 0.3940187
vt 0.5223462 0.6651959
vt 0.6119355 0.5869893
vt 0.5128605 0.5941653
vt 0.6707397 0.6747861
vt 0.6826978 0.7826263
vt 0.4722467 0.8047531
vt 0.3086216 0.0127358
vt 0.6642598 0.4885998
vt 0.3366700 0.5911741
vt 0.4065440 0.2397203
vt 0.4369404 0.1054500
vt 0.3446164 0.1153607
vt 0.3162726 0.3037244
vt 0.2957206 0.2072645
vt 0.3922520 0.3221693
vt 0.9827151 0.6762113
vt 0.9496554 0.6038224
vt 0.9041960 0.7050147
vt 0.7767942 0.6616150
vt 0.7979625 0.7384627
vt 0.5029694 0.5560468
vt 0.5699680 0.4410239
vt 0.4067731 0.4847314
vt 0.0714163 0.4472684
vt 0.1032382 0.3506828
vt 0.0176180 0.3737655
vt 0.6975463 0.9523215
vt 0.6602556 0.8782748
vt 0.5488610 0.8353111
vt 0.1770251 0.4528978
vt 0.0891833 0.5204930
vt 0.2055595 0.5578768
vt 0.5422474 0.9613371
vt 0.9079467 0.4648466
vt 0.8580033 0.5289627
vt 0.5817510 0.2891667
vt 0.4954267 0.3868881
vt 0.8075827 0.4574285
vt 0.7540033 0.5814678
vt 0.6000413 0.1803572
vt 0.5169969 0.1872646
vt 0.1677170 0.2604853
vt 0.2261342 0.0887493
vt 0.0380776 0.2601824
vt 0.8999622 0.8334874
vt 0.2589089 0.4300147
vt 0.1870228 0.3608160
vt 0.4199209 0.3940187
vt 0.5223462 0.6651959
vt 0.6119355 0.5869893
vt 0.5128605 0.5941653
vt 0.6707397 0.6747861
vt 0.6826978 0.7826263
vt 0.4722467 0.8047531
vt 0.3086216 0.0127358
vt 0.6642598 0.4885998
vt 0.3366700 0.5911741
vt 0.4065440 0.2397203
vt 0.4369404 0.1054500
vt 0.3446164 0.1153607
vt 0.3162726 0.3037244
vt 0.2957206 0.2072645
vt 0.3922520 0.3221693
vt 0.9827151 0.6762113
vt 0.9496554 0.6038224
vt 0.9041960 0.7050147
vt 0.7767942 0.6616150
vt 0.7979625 0.7384627
vt 0.5029694 0.5560468
vt 0.5699680 0.4410239
vt 0.4067731 0.4847314
vt 0.0714163 0.4472684
vt 0.1032382 0.3506828
vt 0.0176180 0.3737655
vt 0.6975463 0.9523215
vt 0.6602556 0.8782748
vt 0.5488610 0.8353111
vt 0.1770251 0.4528978
vt 0.0891833 0.5204930
vt 0.2055595 0.5578768
vt 0.5422474 0.9613371
vt 0.9079467 0.4648466
vt 0.8580033 0.5289627
vt 0.5817510 0.2891667
vt 0.4954267 0.3868881
vt 0.8075827 0.4574285
vt 0.7540033 0.5814678
vt 0.6000413 0.1803572
vt 0.5169969 0.1872646
vt 0.1677170 0.2604853
vt 0.2261342 0.0887493
vt 0.0380776 0.2601824
vt 0.8999622 0.8334874
vt 0.2589089 0.4300147
vt 0.1870228 0.3608160
vt 0.4199209 0.3940187
vt 0.5223462 0.6651959
vt 0.6119355 0.5869893
vt 0.5128605 0.5941653
vt 0.6707397 0.6747861
vt 0.6826978 0.7826263
vt 0.4722467 0.8047531
vt 0.3086216 0.0127358
vt 0.6642598 0.4885998
vt 0.3366700 0.5911741
vt 0.4065440 0.2397203
vt 0.4369404 0.1054500
vt 0.3446164 0.1153607
vt 0.3162726 0.3037244
vt 0.2957206 0.2072645
vt 0.3922520 0.3221693
vt 0.9827151 0.6762113
vt 0.9496554 0.6038224
vt 0.9041960 0.7050147
vt 0.7767942 0.6616150
vt 0.7979625 0.7384627
vt 0.5029694 0.5560468
vt 0.5699680 0.4410239
vt 0.4067731 0.4847314
vt 0.0714163 0.4472684
vt 0.1032382 0.3506828
vt 0.0176180 0.3737655
vt 0.6975463 0.9523215
vt 0.6602556 0.8782748
vt 0.5488610 0.8353111
vt 0.1770251 0.4528978
vt 0.0891833 0.5204930
vt 0.2055595 0.5578768
vt 0.5422474 0.9613371
vt 0.9079467 0.4648466
vt 0.8580033 0.5289627
vt 0.5817510 0.2891667
vt 0.4954267 0.3868881
vt 0.8075827 0.4574285
vt 0.7540033 0.5814678
vt 0.6000413 0.1803572
vt 0.5169969 0.1872646
vt 0.1677170 0.2604853
vt 0.2261342 0.0887493
vt 0.0380776 0.2601824
vt 0.8999622 0.8334874
vt 0.2589089 0.4300147
vt 0.1870228 0.3608160
vt 0.4199209 0.3940187
vt 0.5223462 0.6651959
vt 0.6119355 0.5869893
vt 0.5128605 0.5941653
vt 0.6707397 0.6747861
vt 0.6826978 0.7826263
vt 0.4722467 0.8047531
vt 0.3086216 0.0127358
vt 0.6642598 0.4885998
vt 0.3366700 0.5911741
vt 0.4065440 0.2397203
vt 0.4369404 0.1054500
vt 0.3446164 0.1153607
vt 0.3162726 0.3037244
vt 0.2957206 0.2072645
vt 0.3922520 0.3221693
vt 0.9827151 0.6762113
vt 0.9496554 0.6038224
vt 0.9041960 0.7050147
vt 0.7767942 0.6616150
vt 0.7979625 0.7384627
vt 0.5029694 0.5560468
vt 0.5699680 0.4410239
vt 0.4067731 0.4847314
vt 0.0714163 0.4472684
vt 0.1032382 0.3506828
vt 0.0176180 0.3737655
vt 0.6975463 0.9523215
vt 0.6602556 0.8782748
vt 0.5488610 0.8353111
vt 0.1770251 0.4528978
vt 0.0891833 0.5204930
vt 0.2055595 0.5578768
vt 0.5422474 0.9613371
vt 0.9079467 0.4648466
vt 0.8580033 0.5289627
vt 0.5817510 0.2891667
vt 0.4954267 0.3868881
vt 0.8075827 0.4574285
vt 0.7540033 0.5814678
vt 0.6000413 0.1803572
vt 0.5169969 0.1872646
vt 0.1677170 0.2604853
vt 0.2261342 0.0887493
vt 0.0380776 0.2601824
vt 0.8999622 0.8334874
vt 0.2589089 0.4300147
vt 0.1870228 0.3608160
vt 0.4199209 0.3940187
vt 0.5223462 0.6651959
vt 0.6119355 0.5869893
vt 0.5128605 0.5941653
vt 0.6707397 0.6747861
vt 0.6826978 0.7826263
vt 0.4722467 0.8047531
vt 0.3086216 0.0127358
vt 0.6642598 0.4885998
vt 0.3366700 0.5911741
vt 0.4065440 0.2397203
vt 0.4369404 0.1054500
vt 0.3446164 0.1153607
vt 0.3162726 0.3037244
vt 0.2957206 0.2072645
vt 0.3922520 0.3221693
vt 0.9827151 0.6762113
vt 0.9496554 0.6038224
vt 0.9041960 0.7050147
vt 0.7767942 0.6616150
vt 0.7979625 0.7384627
vt 0.5029694 0.5560468
vt 0.5699680 0.4410239
vt 0.4067731 0.4847314
vt 0.0714163 0.4472684
vt 0.1032382 0.3506828
vt 0.0176180 0.3737655
vt 0.6975463 0.9523215
vt 0.6602556 0.8782748
vt 0.5488610 0.8353111
vt 0.1770251 0.4528978
vt 0.0891833 0.5204930
vt 0.2055595 0.5578768
vt 0.5422474 0.9613371
vt 0.9079467 0.4648466
vt 0.8580033 0.5289627
vt 0.5817510 0.2891667
vt 0.4954267 0.3868881
vt 0.8075827 0.4574285
vt 0.7540033 0.5814678
vt 0.6000413 0.1803572
vt 0.5169969 0.1872646
vt 0.1677170 0.2604853
vt 0.2261342 0.0887493
vt 0.0380776 0.2601824
vt 0.8999622 0.8334874
vt 0.2589089 0.4300147
vt 0.1870228 0.3608160
vt 0.4199209 0.3940187
vt 0.5223462 0.6651959
vt 0.6119355 0.5869893
vt 0.5128605 0.5941653
vt 0.6707397 0.6747861
vt 0.6826978 0.7826263
vt 0.4722467 0.8047531
vt 0.3086216 0.0127358
vt 0.6642598 0.4885998
vt 0.3366700 0.5911741
vt 0.4065440 0.2397203
vt 0.4369404 0.1054500
vt 0.3446164 0.1153607
vt 0.3162726 0.3037244
vt 0.2957206 0.2072645
vt 0.3922520 0.3221693
vt 0.9827151 0.6762113
vt 0.9496554 0.6038224
vt 0.9041960 0.7050147
vt 0.7767942 0.6616150
vt 0.7979625 0.7384627
vt 0.5029694 0.5560468
vt 0.5699680 0.4410239
vt 0.4067731 0.4847314
vt 0.0714163 0.4472684
vt 0.1032382 0.3506828
vt 0.0176180 0.3737655
vt 0.6975463 0.9523215
vt 0.6602556 0.8782748
vt 0.5488610 0.8353111
vt 0.1770251 0.4528978
vt 0.0891833 0.5204930
vt 0.2055595 0.5578768
vt 0.5422474 0.9613371
vt 0.9079467 0.4648466
vt 0.8580033 0.5289627
vt 0.5817510 0.2891667
vt 0.4954267 0.3868881
vt 0.8075827 0.4574285
vt 0.7540033 0.5814678
vt 0.6000413 0.1803572
vt 0.5169969 0.1872646
vt 0.1677170 0.2604853
vt 0.2261342 0.0887493
vt 0.0380776 0.2601824
vt 0.8999622 0.8334874
vt 0.2589089 0.4300147
vt 0.1870228 0.3608160
vt 0.4199209 0.3940187
vt 0.5223462 0.6651959
vt 0.6119355 0.5869893
vt 0.5128605 0.5941653
vt 0.6707397 0.6747861
vt 0.6826978 0.7826263
vt 0.4722467 0.8047531
vt 0.3086216 0.0127358
vt 0.6642598 0.4885998
vt 0.3366700 0.5911741
vt 0.4065440 0.2397203
vt 0.4369404 0.1054500
vt 0.3446164 0.1153607
vt 0.3162726 0.3037244
vt 0.2957206 0.2072645
vt 0.3922520 0.3221693
vt 0.9827151 0.6762113
vt 0.9496554 0.6038224
vt 0.9041960 0.7050147
vt 0.7767942 0.6616150
vt 0.7979625 0.7384627
vt 0.5029694 0.5560468
vt 0.5699680 0.4410239
vt 0.4067731 0.4847314
vt 0.0714163 0.4472684
vt 0.1032382 0.3506828
vt 0.0176180 0.3737655
vt 0.6975463 0.9523215
vt 0.6602556 0.8782748
vt 0.5488610 0.8353111
vt 0.1770251 0.4528978
vt 0.0891833 0.5204930
vt 0.2055595 0.5578768
vt 0.5422474 0.9613371
vt 0.9079467 0.4648466
vt 0.8580033 0.5289627
vt 0.5817510 0.2891667
vt 0.4954267 0.3868881
vt 0.8075827 0.4574285
vt 0.7540033 0.5814678
vt 0.6000413 0.1803572
vt 0.5169969 0.1872646
vt 0.1677170 0.2604853
vt 0.2261342 0.0887493
vt 0.0380776 0.2601824
vt 0.8999622 0.8334874
vt 0.2589089 0.4300147
vt 0.1870228 0.3608160
vt 0.4199209 0.3940187
vt 0.5223462 0.6651959
vt 0.6119355 0.5869893
vt 0.5128605 0.5941653
vt 0.6707397 0.6747861
vt 0.6826978 0.7826263
vt 0.4722467 0.8047531
vt 0.3086216 0.0127358
vt 0.6642598 0.4885998
vt 0.3366700 0.5911741
vt 0.4065440 0.2397203
vt 0.4369404 0.1054500
vt 0.3446164 0.1153607
vt 0.3162726 0.3037244
vt 0.2957206 0.2072645
vt 0.3922520 0.3221693
vt 0.9827151 0.6762113
vt 0.9496554 0.6038224
vt 0.9041960 0.7050147
vt 0.7767942 0.6616150
vt 0.7979625 0.7384627
vt 0.5029694 0.5560468
vt 0.5699680 0.4410239
vt 0.4067731 0.4847314
vt 0.0714163 0.4472684
vt 0.1032382 0.3506828
vt 0.0176180 0.3737655
vt 0.6975463 0.9523215
vt 0.6602556 0.8782748
vt 0.5488610 0.8353111
vt 0.1770251 0.4528978
vt 0.0891833 0.5204930
vt 0.2055595 0.5578768
vt 0.5422474 0.9613371
vt 0.9079467 0.4648466
vt 0.8580033 0.5289627
vt 0.5817510 0.2891667
vt 0.4954267 0.3868881
vt 0.8075827 0.4574285
vt 0.7540033 0.5814678
vt 0.6000413 0.1803572
vt 0.5169969 0.1872646
vt 0.1677170 0.2604853
vt 0.2261342 0.0887493
vt 0.0380776 0.2601824
vt 0.8999622 0.8334874
vt 0.2589089 0.4300147
vt 0.1870228 0.3608160
vt 0.4199209 0.3940187
vt 0.5223462 0.6651959
vt 0.6119355 0.5869893
vt 0.5128605 0.5941653
vt 0.6707397 0.6747861
vt 0.6826978 0.7826263
vt 0.4722467 0.8047531
vt 0.3086216 0.0127358
vt 0.6642598 0.4885998
vt 0.3366700 0.5911741
vt 0.4065440 0.2397203
vt 0.4369404 0.1054500
vt 0.3446164 0.1153607
vt 0.3162726 0.3037244
vt 0.2957206 0.2072645
vt 0.3922520 0.3221693
vt 0.9827151 0.6762113
vt 0.9496554 0.6038224
vt 0.9041960 0.7050147
vt 0.7767942 0.6616150
vt 0.7979625 0.7384627
vt 0.5029694 0.5560468
vt 0.5699680 0.4410239
vt 0.4067731 0.4847314
vt 0.0714163 0.4472684
vt 0.1032382 0.3506828
vt 0.0176180 0.3737655
vt 0.6975463 0.9523215
vt 0.6602556 0.8782748
vt 0.5488610 0.8353111
vt 0.1770251 0.4528978
vt 0.0891833 0.5204930
vt 0.2055595 0.5578768
vt 0.5422474 0.9613371
vt 0.9079467 0.4648466
vt 0.8580033 0.5289627
vt 0.5817510 0.2891667
vt 0.4954267 0.3868881
vt 0.8075827 0.4574285
vt 0.7540033 0.5814678
vt 0.6000413 0.1803572
vt 0.5169969 0.1872646
vt 0.1677170 0.2604853
vt 0.2261342 0.0887493
vt 0.0380776 0.2601824
vt 0.8999622 0.8334874
vt 0.2589089 0.4300147
vt 0.1870228 0.3608160
vt 0.4199209 0.3940187
vt 0.5223462 0.6651959
vt 0.6119355 0.5869893
vt 0.5128605 0.5941653
vt 0.6707397 0.6747861
vt 0.6826978 0.7826263
vt 0.4722467 0.8047531
vt 0.3086216 0.0127358
vt 0.6642598 0.4885998
vt 0.3366700 0.5911741
vt 0.4065440 0.2397203
vt 0.4369404 0.1054500
vt 0.3446164 0.1153607
vt 0.3162726 0.3037244
vt 0.2957206 0.2072645
vt 0.3922520 0.3221693
vt 0.9827151 0.6762113
vt 0.9496554 0.6038224
vt 0.9041960 0.7050147
vt 0.7767942 0.6616150
vt 0.7979625 0.7384627
vt 0.5029694 0.5560468
vt 0.5699680 0.4410239
vt 0.4067731 0.4847314
vt 0.0714163 0.4472684
vt 0.1032382 0.3506828
vt 0.0176180 0.3737655
vt 0.6975463 0.9523215
vt 0.6602556 0.8782748
vt 0.5488610 0.8353111
vt 0.1770251 0.4528978
vt 0.0891833 0.5204930
vt 0.2055595 0.5578768
vt 0.5422474 0.9613371
vt 0.9079467 0.4648466
vt 0.8580033 0.5289627
vt 0.5817510 0.2891667
vt 0.4954267 0.3868881
vt 0.8075827 0.4574285
vt 0.7540033 0.5814678
vt 0.6000413 0.1803572
vt 0.5169969 0.1872646
vt 0.1677170 0.2604853
vt 0.2261342 0.0887493
vt 0.0380776 0.2601824
vt 0.8999622 0.8334874
vt 0.2589089 0.4300147
vt 0.1870228 0.3608160
vt 0.4199209 0.3940187
vt 0.5223462 0.6651959
vt 0.6119355 0.5869893
vt 0.5128605 0.5941653
vt 0.6707397 0.6747861
vt 0.6826978 0.7826263
vt 0.4722467 0.8047531
vt 0.3086216 0.0127358
vt 0.6642598 0.4885998
vt 0.3366700 0.5911741
vt 0.4065440 0.2397203
vt 0.4369404 0.1054500
vt 0.3446164 0.1153607
vt 0.3162726 0.3037244
vt 0.2957206 0.2072645
vt 0.3922520 0.3221693
vt 0.9827151 0.6762113
vt 0.9496554 0.6038224
vt 0.9041960 0.7050147
vt 0.7767942 0.6616150
vt 0.7979625 0.7384627
vt 0.5029694 0.5560468
vt 0.5699680 0.4410239
vt 0.4067731 0.4847314
vt 0.0714163 0.4472684
vt 0.1032382 0.3506828
vt 0.0176180 0.3737655
vt 0.6975463 0.9523215
vt 0.6602556 0.8782748
vt 0.5488610 0.8353111
vt 0.1770251 0.4528978
vt 0.0891833 0.5204930
vt 0.2055595 0.5578768
vt 0.5422474 0.9613371
vt 0.9079467 0.4648466
vt 0.8580033 0.5289627
vt 0.5817510 0.2891667
vt 0.4954267 0.3868881
vt 0.8075827 0.4574285
vt 0.7540033 0.5814678
vt 0.6000413 0.1803572
vt 0.5169969 0.1872646
vt 0.1677170 0.2604853
vt 0.2261342 0.0887493
vt 0.0380776 0.2601824
vt 0.8999622 0.8334874
vt 0.2589089 0.4300147
vt 0.1870228 0.3608160
vt 0.4199209 0.3940187
vt 0.5223462 0.6651959
vt 0.6119355 0.5869893
vt 0.5128605 0.5941653
vt 0.6707397 0.6747861
vt 0.6826978 0.7826263
vt 0.4722467 0.8047531
vt 0.3086216 0.0127358
vt 0.6642598 0.4885998
vt 0.3366700 0.5911741
vt 0.4065440 0.2397203
vt 0.4369404 0.1054500
vt 0.3446164 0.1153607
vt 0.3162726 0.3037244
vt 0.2957206 0.2072645
vt 0.3922520 0.3221693
vt 0.9827151 0.6762113
vt 0.9496554 0.6038224
vt 0.9041960 0.7050147
vt 0.7767942 0.6616150
vt 0.7979625 0.7384627
vt 0.5029694 0.5560468
vt 0.5699680 0.4410239
vt 0.4067731 0.4847314
vt 0.0714163 0.4472684
vt 0.1032382 0.3506828
vt 0.0176180 0.3737655
vt 0.6975463 0.9523215
vt 0.6602556 0.8782748
vt 0.5488610 0.8353111
vt 0.1770251 0.4528978
vt 0.0891833 0.5204930
vt 0.2055595 0.5578768
vt 0.5422474 0.9613371
vt 0.9079467 0.4648466
vt 0.8580033 0.5289627
vt 0.5817510 0.2891667
vt 0.4954267 0.3868881
vt 0.8075827 0.4574285
vt 0.7540033 0.5814678
vt 0.6000413 0.1803572
vt 0.5169969 0.1872646
vt 0.1677170 0.2604853
vt 0.2261342 0.0887493
vt 0.0380776 0.2601824
vt 0.8999622 0.8334874
vt 0.2589089 0.4300147
vt 0.1870228 0.3608160
vt 0.4199209 0.3940187
vt 0.5223462 0.6651959
vt 0.6119355 0.5869893
vt 0.5128605 0.5941653
vt 0.6707397 0.6747861
vt 0.6826978 0.7826263
vt 0.4722467 0.8047531
vt 0.3086216 0.0127358
vt 0.6642598 0.4885998
vt 0.3366700 0.5911741
vt 0.4065440 0.2397203
vt 0.4369404 0.1054500
vt 0.3446164 0.1153607
vt 0.3162726 0.3037244
vt 0.2957206 0.2072645
vt 0.3922520 0.3221693
vt 0.9827151 0.6762113
vt 0.9496554 0.6038224
vt 0.9041960 0.7050147
vt 0.7767942 0.6616150
vt 0.7979625 0.7384627
vt 0.5029694 0.5560468
vt 0.5699680 0.4410239
vt 0.4067731 0.4847314
vt 0.0714163 0.4472684
vt 0.1032382 0.3506828
vt 0.0176180 0.3737655
vt 0.6975463 0.9523215
vt 0.6602556 0.8782748
vt 0.5488610 0.8353111
vt 0.1770251 0.4528978
vt 0.0891833 0.5204930
vt 0.2055595 0.5578768
vt 0.5422474 0.9613371
vt 0.9079467 0.4648466
vt 0.8580033 0.5289627
vt 0.5817510 0.2891667
vt 0.4954267 0.3868881
vt 0.8075827 0.4574285
vt 0.7540033 0.5814678
vt 0.6000413 0.1803572
vt 0.5169969 0.1872646
vt 0.1677170 0.2604853
vt 0.2261342 0.0887493
vt 0.0380776 0.2601824
vt 0.8999622 0.8334874
vt 0.2589089 0.4300147
vt 0.1870228 0.3608160
vt 0.4199209 0.3940187
vt 0.5223462 0.6651959
vt 0.6119355 0.5869893
vt 0.5128605 0.5941653
vt 0.6707397 0.6747861
vt 0.6826978 0.7826263
vt 0.4722467 0.8047531
vt 0.3086216 0.0127358
vt 0.6642598 0.4885998
vt 0.3366700 0.5911741
vt 0.4065440 0.2397203
vt 0.4369404 0.1054500
vt 0.3446164 0.1153607
vt 0.3162726 0.3037244
vt 0.2957206 0.2072645
vt 0.3922520 0.3221693
vt 0.9827151 0.6762113
vt 0.9496554 0.6038224
vt 0.9041960 0.7050147
vt 0.7767942 0.6616150
vt 0.7979625 0.7384627
vt 0.5029694 0.5560468
vt 0.5699680 0.4410239
vt 0.4067731 0.4847314
vt 0.0714163 0.4472684
vt 0.1032382 0.3506828
vt 0.0176180 0.3737655
vt 0.6975463 0.9523215
vt 0.6602556 0.8782748
vt 0.5488610 0.8353111
vt 0.1770251 0.4528978
vt 0.0891833 0.5204930
vt 0.2055595 0.5578768
vt 0.5422474 0.9613371
vt 0.9079467 0.4648466
vt 0.8580033 0.5289627
vt 0.5817510 0.2891667
vt 0.4954267 0.3868881
vt 0.8075827 0.4574285
vt 0.7540033 0.5814678
vt 0.6000413 0.1803572
vt 0.5169969 0.1872646
vt 0.1677170 0.2604853
vt 0.2261342 0.0887493
vt 0.0380776 0.2601824
vt 0.8999622 0.8334874
vt 0.2589089 0.4300147
vt 0.1870228 0.3608160
vt 0.4199209 0.3940187
vt 0.5223462 0.6651959
vt 0.6119355 0.5869893
vt 0.5128605 0.5941653
vt 0.6707397 0.6747861
vt 0.6826978 0.7826263
vt 0.4722467 0.8047531
vt 0.3086216 0.0127358
vt 0.6642598 0.4885998
vt 0.3366700 0.5911741
vt 0.4065440 0.2397203
vt 0.4369404 0.1054500
vt 0.3446164 0.1153607
vt 0.3162726 0.3037244
vt 0.2957206 0.2072645
vt 0.3922520 0.3221693
vt 0.9827151 0.6762113
vt 0.9496554 0.6038224
vt 0.9041960 0.7050147
vt 0.7767942 0.6616150
vt 0.7979625 0.7384627
vt 0.5029694 0.5560468
vt 0.5699680 0.4410239
vt 0.4067731 0.4847314
vt 0.0714163 0.4472684
vt 0.1032382 0.3506828
vt 0.0176180 0.3737655
vt 0.6975463 0.9523215
vt 0.6602556 0.8782748
vt 0.5488610 0.8353111
vt 0.1770251 0.4528978
vt 0.0891833 0.5204930
vt 0.2055595 0.5578768
vt 0.5422474 0.9613371
vt 0.9079467 0.4648466
vt 0.8580033 0.5289627
vt 0.5817510 0.2891667
vt 0.4954267 0.3868881
vt 0.8075827 0.4574285
vt 0.7540033 0.5814678
vt 0.6000413 0.1803572
vt 0.5169969 0.1872646
vt 0.1677170 0.2604853
vt 0.2261342 0.0887493
vt 0.0380776 0.2601824
vt 0.8999622 0.8334874
vt 0.2589089 0.4300147
vt 0.1870228 0.3608160
vt 0.4199209 0.3940187
vt 0.5223462 0.6651959
vt 0.6119355 0.5869893
vt 0.5128605 0.5941653
vt 0.6707397 0.6747861
vt 0.6826978 0.7826263
vt 0.4722467 0.8047531
vt 0.3086216 0.0127358
vt 0.6642598 0.4885998
vt 0.3366700 0.5911741
vt 0.4065440 0.2397203
vt 0.4369404 0.1054500
vt 0.3446164 0.1153607
vt 0.3162726 0.3037244
vt 0.2957206 0.2072645
vt 0.3922520 0.3221693
vt 0.9827151 0.6762113
vt 0.9496554 0.6038224
vt 0.9041960 0.7050147
vt 0.7767942 0.6616150
vt 0.7979625 0.7384627
vt 0.5029694 0.5560468
vt 0.5699680 0.4410239
vt 0.4067731 0.4847314
vt 0.0714163 0.4472684
vt 0.1032382 0.3506828
vt 0.0176180 0.3737655
vt 0.6975463 0.9523215
vt 0.6602556 0.8782748
vt 0.5488610 0.8353111
vt 0.1770251 0.4528978
vt 0.0891833 0.5204930
vt 0.2055595 0.5578768
vt 0.5422474 0.9613371
vt 0.9079467 0.4648466
vt 0.8580033 0.5289627
vt 0.5817510 0.2891667
vt 0.4954267 0.3868881
vt 0.8075827 0.4574285
vt 0.7540033 0.5814678
vt 0.6000413 0.1803572
vt 0.5169969 0.1872646
vt 0.1677170 0.2604853
vt 0.2261342 0.0887493
vt 0.0380776 0.2601824
vt 0.8999622 0.8334874
vt 0.2589089 0.4300147
vt 0.1870228 0.3608160
vt 0.4199209 0.3940187
vt 0.5223462 0.6651959
vt 0.6119355 0.5869893
vt 0.5128605 0.5941653
vt 0.6707397 0.6747861
vt 0.6826978 0.7826263
vt 0.4722467 0.8047531
vt 0.3086216 0.0127358
vt 0.6642598 0.4885998
vt 0.3366700 0.5911741
vt 0.4065440 0.2397203
vt 0.4369404 0.1054500
vt 0.3446164 0.1153607
vt 0.3162726 0.3037244
vt 0.2957206 0.2072645
vt 0.3922520 0.3221693
vt 0.9827151 0.6762113
vt 0.9496554 0.6038224
vt 0.9041960 0.7050147
vt 0.7767942 0.6616150
vt 0.7979625 0.7384627
vt 0.5029694 0.5560468
vt 0.5699680 0.4410239
vt 0.4067731 0.4847314
vt 0.0714163 0.4472684
vt 0.1032382 0.3506828
vt 0.0176180 0.3737655
vt 0.6975463 0.9523215
vt 0.6602556 0.8782748
vt 0.5488610 0.8353111
vt 0.1770251 0.4528978
vt 0.0891833 0.5204930
vt 0.2055595 0.5578768
vt 0.5422474 0.9613371
vt 0.9079467 0.4648466
vt 0.8580033 0.5289627
vt 0.5817510 0.2891667
vt 0.4954267 0.3868881
vt 0.8075827 0.4574285
vt 0.7540033 0.5814678
vt 0.6000413 0.1803572
vt 0.5169969 0.1872646
vt 0.1677170 0.2604853
vt 0.2261342 0.0887493
vt 0.0380776 0.2601824
vt 0.8999622 0.8334874
vt 0.2589089 0.4300147
vt 0.1870228 0.3608160
vt 0.4199209 0.3940187
vt 0.5223462 0.6651959
vt 0.6119355 0.5869893
vt 0.5128605 0.5941653
vt 0.6707397 0.6747861
vt 0.6826978 0.7826263
vt 0.4722467 0.8047531
vt 0.3086216 0.0127358
vt 0.6642598 0.4885998
vt 0.3366700 0.5911741
vt 0.4065440 0.2397203
vt 0.4369404 0.1054500
vt 0.3446164 0.1153607
vt 0.3162726 0.3037244
vt 0.2957206 0.2072645
vt 0.3922520 0.3221693
vt 0.9827151 0.6762113
vt 0.9496554 0.6038224
vt 0.9041960 0.7050147
vt 0.7767942 0.6616150
vt 0.7979625 0.7384627
vt 0.5029694 0.5560468
vt 0.5699680 0.4410239
vt 0.4067731 0.4847314
vt 0.0714163 0.4472684
vt 0.1032382 0.3506828
vt 0.0176180 0.3737655
vt 0.6975463 0.9523215
vt 0.6602556 0.8782748
vt 0.5488610 0.8353111
vt 0.1770251 0.4528978
vt 0.0891833 0.5204930
vt 0.2055595 0.5578768
vt 0.5422474 0.9613371
vt 0.9079467 0.4648466
vt 0.8580033 0.5289627
vt 0.5817510 0.2891667
vt 0.4954267 0.3868881
vt 0.8075827 0.4574285
vt 0.7540033 0.5814678
vt 0.6000413 0.1803572
vt 0.5169969 0.1872646
vt 0.1677170 0.2604853
vt 0.2261342 0.0887493
vt 0.0380776 0.2601824
vt 0.8999622 0.8334874
vt 0.2589089 0.4300147
vt 0.1870228 0.3608160
vt 0.4199209 0.3940187
vt 0.5223462 0.6651959
vt 0.6119355 0.5869893
vt 0.5128605 0.5941653
vt 0.6707397 0.6747861
vt 0.6826978 0.7826263
vt 0.4722467 0.8047531
vt 0.3086216 0.0127358
vt 0.6642598 0.4885998
vt 0.3366700 0.5911741
vt 0.4065440 0.2397203
vt 0.4369404 0.1054500
vt 0.3446164 0.1153607
vt 0.3162726 0.3037244
vt 0.2957206 0.2072645
vt 0.3922520 0.3221693
vt 0.9827151 0.6762113
vt 0.9496554 0.6038224
vt 0.9041960 0.7050147
vt 0.7767942 0.6616150
vt 0.7979625 0.7384627
vt 0.5029694 0.5560468
vt 0.5699680 0.4410239
vt 0.4067731 0.4847314
vt 0.0714163 0.4472684
vt 0.1032382 0.3506828
vt 0.0176180 0.3737655
vt 0.6975463 0.9523215
vt 0.6602556 0.8782748
vt 0.5488610 0.8353111
vt 0.1770251 0.4528978
vt 0.0891833 0.5204930
vt 0.2055595 0.5578768
vt 0.5422474 0.9613371
vt 0.9079467 0.4648466
vt 0.8580033 0.5289627
vt 0.5817510 0.2891667
vt 0.4954267 0.3868881
vt 0.8075827 0.4574285
vt 0.7540033 0.5814678
vt 0.6000413 0.1803572
vt 0.5169969 0.1872646
vt 0.1677170 0.2604853
vt 0.2261342 0.0887493
vt 0.0380776 0.2601824
vt 0.8999622 0.8334874
vt 0.2589089 0.4300147
vt 0.1870228 0.3608160
vt 0.4199209 0.3940187
vt 0.5223462 0.6651959
vt 0.6119355 0.5869893
vt 0.5128605 0.5941653
vt 0.6707397 0.6747861
vt 0.6826978 0.7826263
vt 0.4722467 0.8047531
vt 0.3086216 0.0127358
vt 0.6642598 0.4885998
vt 0.3366700 0.5911741
vt 0.4065440 0.2397203
vt 0.4369404 0.1054500
vt 0.3446164 0.1153607
vt 0.3162726 0.3037244
vt 0.2957206 0.2072645
vt 0.3922520 0.3221693
vt 0.9827151 0.6762113
vt 0.9496554 0.6038224
vt 0.9041960 0.7050147
vt 0.7767942 0.6616150
vt 0.7979625 0.7384627
vt 0.5029694 0.5560468
vt 0.5699680 0.4410239
vt 0.4067731 0.4847314
vt 0.0714163 0.4472684
vt 0.1032382 0.3506828
vt 0.0176180 0.3737655
vt 0.6975463 0.9523215
vt 0.6602556 0.8782748
vt 0.5488610 0.8353111
vt 0.1770251 0.4528978
vt 0.0891833 0.5204930
vt 0.2055595 0.5578768
vt 0.5422474 0.9613371
vt 0.9079467 0.4648466
vt 0.8580033 0.5289627
vt 0.5817510 0.2891667
vt 0.4954267 0.3868881
vt 0.8075827 0.4574285
vt 0.7540033 0.5814678
vt 0.6000413 0.1803572
vt 0.5169969 0.1872646
vt 0.1677170 0.2604853
vt 0.2261342 0.0887493
vt 0.0380776 0.2601824
vt 0.8999622 0.8334874
vt 0.2589089 0.4300147
vt 0.1870228 0.3608160
vt 0.4199209 0.3940187
vt 0.5223462 0.6651959
vt 0.6119355 0.5869893
vt 0.5128605 0.5941653
vt 0.6707397 0.6747861
vt 0.6826978 0.7826263
vt 0.4722467 0.8047531
vt 0.3086216 0.0127358
vt 0.6642598 0.4885998
vt 0.3366700 0.5911741
vt 0.4065440 0.2397203
vt 0.4369404 0.1054500
vt 0.3446164 0.1153607
vt 0.3162726 0.3037244
vt 0.2957206 0.2072645
vt 0.3922520 0.3221693
vt 0.9827151 0.6762113
vt 0.9496554 0.6038224
vt 0.9041960 0.7050147
vt 0.7767942 0.6616150
vt 0.7979625 0.7384627
vt 0.5029694 0.5560468
vt 0.5699680 0.4410239
vt 0.4067731 0.4847314
vt 0.0714163 0.4472684
vt 0.1032382 0.3506828
vt 0.0176180 0.3737655
vt 0.6975463 0.9523215
vt 0.6602556 0.8782748
vt 0.5488610 0.8353111
vt 0.1770251 0.4528978
vt 0.0891833 0.5204930
vt 0.2055595 0.5578768
vt 0.5422474 0.9613371
vt 0.9079467 0.4648466
vt 0.8580033 0.5289627
vt 0.5817510 0.2891667
vt 0.4954267 0.3868881
vt 0.8075827 0.4574285
vt 0.7540033 0.5814678
vt 0.6000413 0.1803572
vt 0.5169969 0.1872646
vt 0.1677170 0.2604853
vt 0.2261342 0.0887493
vt 0.0380776 0.2601824
vt 0.8999622 0.8334874
vt 0.2589089 0.4300147
vt 0.1870228 0.3608160
vt 0.4199209 0.3940187
vt 0.5223462 0.6651959
vt 0.6119355 0.5869893
vt 0.5128605 0.5941653
vt 0.6707397 0.6747861
vt 0.6826978 0.7826263
vt 0.4722467 0.8047531
vt 0.3086216 0.0127358
vt 0.6642598 0.4885998
vt 0.3366700 0.5911741
vn 0.5676211 -0.1390256 0.8114666
vn 0.0022552 -0.2136324 0.9769115
vn 0.2602976 -0.7620434 0.5929038
vn 0.9915591 -0.1159771 -0.0579644
vn 0.6829442 -0.7247950 0.0908815
vn 0.8835924 0.2900909 0.3675753
vn 0.2602976 -0.7620434 0.5929038
vn 0.0022552 -0.2136324 0.9769115
vn -0.4482612 -0.6290161 0.6351382
vn -0.9062700 -0.0695633 0.4169360
vn -0.8799238 -0.4750949 0.0043630
vn -0.5010950 0.8609940 0.0871378
vn -0.1647034 0.7176180 0.6766810
vn 0.2935648 0.9529051 -0.0761040
vn -0.0548902 0.0270874 -0.9981250
vn 0.1714659 -0.2522590 -0.9523470
vn -0.1505656 -0.5285817 -0.8354228
vn -0.1505656 -0.5285817 -0.8354228
vn -0.5913436 -0.3246932 -0.7381647
vn -0.4217686 0.3153664 -0.8500912
vn 0.3260936 0.2287135 -0.9172530
vn -0.4217686 0.3153664 -0.8500912
vn 0.0594324 0.6488354 -0.7586042
vn -0.0548902 0.0270874 -0.9981250
vn -0.0391729 -0.1095213 0.9932122
vn 0.2419504 0.0786201 0.9670982
vn -0.0029485 -0.0362398 0.9993387
vn 0.2622384 0.6163793 0.7425010
vn -0.0029485 -0.0362398 0.9993387
vn -0.5437641 0.2822195 0.7903624
vn -0.0391729 -0.1095213 0.9932122
vn -0.3761798 -0.0103099 0.9264893
vn 0.4866316 -0.7520030 -0.4446135
vn -0.2262509 -0.9702534 -0.0861319
vn -0.1505656 -0.5285817 -0.8354228
vn -0.2262509 -0.9702534 -0.0861319
vn 0.7330675 0.4831092 -0.4787666
vn 0.7356553 -0.1514589 -0.6602056
vn 0.6960600 0.6949837 0.1802723
vn -0.3392363 0.8626644 -0.3751384
vn -0.5010950 0.8609940 0.0871378
vn 0.2935648 0.9529051 -0.0761040
vn -0.9043712 0.4170845 -0.0902955
vn -0.9117485 -0.0677808 -0.4051175
vn 0.0594324 0.6488354 -0.7586042
vn -0.4482612 -0.6290161 0.6351382
vn -0.1647034 0.7176180 0.6766810
vn -0.3392363 0.8626644 -0.3751384
vn 0.5676210 -0.1390257 0.8114668
vn 0.0022520 -0.2136342 0.9769111
vn 0.2602948 -0.7620434 0.5929049
vn 0.9915591 -0.1159767 -0.0579647
vn 0.6829439 -0.7247950 0.0908823
vn 0.8835928 0.2900908 0.3675747
vn 0.2602948 -0.7620434 0.5929049
vn 0.0022520 -0.2136342 0.9769111
vn -0.4482633 -0.6290157 0.6351371
vn -0.9062702 -0.0695625 0.4169357
vn -0.8799242 -0.4750940 0.0043615
vn -0.5010949 0.8609942 0.0871369
vn -0.1647028 0.7176184 0.6766807
vn 0.2935656 0.9529046 -0.0761043
vn -0.0548895 0.0270875 -0.9981250
vn 0.1714701 -0.2522596 -0.9523461
vn -0.1505666 -0.5285820 -0.8354226
vn -0.1505666 -0.5285820 -0.8354226
vn -0.5913460 -0.3246934 -0.7381627
vn -0.4217689 0.3153660 -0.8500914
vn 0.3260964 0.2287135 -0.9172520
vn -0.4217689 0.3153660 -0.8500914
vn 0.0594338 0.6488356 -0.7586039
vn -0.0548895 0.0270875 -0.9981250
vn -0.0391689 -0.1095223 0.9932122
vn 0.2419702 0.0786169 0.9670935
vn -0.0029502 -0.0362395 0.9993387
vn 0.2622352 0.6163806 0.7425009
vn -0.0029502 -0.0362395 0.9993387
vn -0.5437639 0.2822197 0.7903625
vn -0.0391689 -0.1095223 0.9932122
vn -0.3761828 -0.0103109 0.9264881
vn 0.4866325 -0.7520025 -0.4446132
vn -0.2262511 -0.9702534 -0.0861314
vn -0.1505666 -0.5285820 -0.8354226
vn -0.2262511 -0.9702534 -0.0861314
vn 0.7330680 0.4831087 -0.4787664
vn 0.7356576 -0.1514579 -0.6602033
vn 0.6960573 0.6949856 0.1802752
vn -0.3392353 0.8626649 -0.3751379
vn -0.5010949 0.8609942 0.0871369
vn 0.2935656 0.9529046 -0.0761043
vn -0.9043710 0.4170850 -0.0902957
vn -0.9117479 -0.0677830 -0.4051187
vn 0.0594338 0.6488356 -0.7586039
vn -0.4482633 -0.6290157 0.6351371
vn -0.1647028 0.7176184 0.6766807
vn -0.3392353 0.8626649 -0.3751379
vn 0.5676219 -0.1390258 0.8114660
vn 0.0022555 -0.2136340 0.9769111
vn 0.2602979 -0.7620434 0.5929036
vn 0.9915590 -0.1159769 -0.0579648
vn 0.6829440 -0.7247952 0.0908813
vn 0.8835933 0.2900905 0.3675737
vn 0.2602979 -0.7620434 0.5929036
vn 0.0022555 -0.2136340 0.9769111
vn -0.4482619 -0.6290157 0.6351381
vn -0.9062700 -0.0695630 0.4169360
vn -0.8799241 -0.4750942 0.0043627
vn -0.5010961 0.8609935 0.0871373
vn -0.1647037 0.7176181 0.6766808
vn 0.2935642 0.9529051 -0.0761042
vn -0.0548919 0.0270872 -0.9981248
vn 0.1714681 -0.2522589 -0.9523466
vn -0.1505664 -0.5285818 -0.8354226
vn -0.1505664 -0.5285818 -0.8354226
vn -0.5913463 -0.3246929 -0.7381627
vn -0.4217683 0.3153661 -0.8500916
vn 0.3260967 0.2287136 -0.9172519
vn -0.4217683 0.3153661 -0.8500916
vn 0.0594320 0.6488351 -0.7586046
vn -0.0548919 0.0270872 -0.9981248
vn -0.0391617 -0.1095223 0.9932126
vn 0.2419547 0.0786193 0.9670973
vn -0.0029493 -0.0362394 0.9993387
vn 0.2622338 0.6163806 0.7425014
vn -0.0029493 -0.0362394 0.9993387
vn -0.5437636 0.2822196 0.7903628
vn -0.0391617 -0.1095223 0.9932126
vn -0.3761792 -0.0103115 0.9264895
vn 0.4866335 -0.7520022 -0.4446127
vn -0.2262510 -0.9702535 -0.0861313
vn -0.1505664 -0.5285818 -0.8354226
vn -0.2262510 -0.9702535 -0.0861313
vn 0.7330685 0.4831088 -0.4787655
vn 0.7356575 -0.1514580 -0.6602032
vn 0.6960583 0.6949850 0.1802740
vn -0.3392355 0.8626647 -0.3751386
vn -0.5010961 0.8609935 0.0871373
vn 0.2935642 0.9529051 -0.0761042
vn -0.9043705 0.4170856 -0.0902960
vn -0.9117484 -0.0677812 -0.4051177
vn 0.0594320 0.6488351 -0.7586046
vn -0.4482619 -0.6290157 0.6351381
vn -0.1647037 0.7176181 0.6766808
vn -0.3392355 0.8626647 -0.3751386
vn 0.5676195 -0.1390265 0.8114677
vn 0.0022530 -0.2136341 0.9769111
vn 0.2602969 -0.7620436 0.5929040
vn 0.9915592 -0.1159764 -0.0579644
vn 0.6829432 -0.7247956 0.0908832
vn 0.8835932 0.2900904 0.3675738
vn 0.2602969 -0.7620436 0.5929040
vn 0.0022530 -0.2136341 0.9769111
vn -0.4482664 -0.6290148 0.6351359
vn -0.9062677 -0.0695653 0.4169406
vn -0.8799238 -0.4750948 0.0043612
vn -0.5010942 0.8609946 0.0871372
vn -0.1647014 0.7176182 0.6766813
vn 0.2935666 0.9529044 -0.0761042
vn -0.0548867 0.0270875 -0.9981251
vn 0.1714659 -0.2522597 -0.9523467
vn -0.1505654 -0.5285815 -0.8354229
vn -0.1505654 -0.5285815 -0.8354229
vn -0.5913432 -0.3246936 -0.7381647
vn -0.4217699 0.3153651 -0.8500912
vn 0.3260939 0.2287133 -0.9172530
vn -0.4217699 0.3153651 -0.8500912
vn 0.0594326 0.6488350 -0.7586046
vn -0.0548867 0.0270875 -0.9981251
vn -0.0391654 -0.1095175 0.9932131
vn 0.2420253 0.0786177 0.9670796
vn -0.0029536 -0.0362384 0.9993388
vn 0.2622297 0.6163810 0.7425025
vn -0.0029536 -0.0362384 0.9993388
vn -0.5437614 0.2822191 0.7903644
vn -0.0391654 -0.1095175 0.9932131
vn -0.3761770 -0.0103109 0.9264904
vn 0.4866321 -0.7520030 -0.4446131
vn -0.2262504 -0.9702535 -0.0861326
vn -0.1505654 -0.5285815 -0.8354229
vn -0.2262504 -0.9702535 -0.0861326
vn 0.7330679 0.4831088 -0.4787665
vn 0.7356548 -0.1514583 -0.6602063
vn 0.6960587 0.6949845 0.1802743
vn -0.3392360 0.8626644 -0.3751386
vn -0.5010942 0.8609946 0.0871372
vn 0.2935666 0.9529044 -0.0761042
vn -0.9043719 0.4170828 -0.0902956
vn -0.9117486 -0.0677827 -0.4051171
vn 0.0594326 0.6488350 -0.7586046
vn -0.4482664 -0.6290148 0.6351359
vn -0.1647014 0.7176182 0.6766813
vn -0.3392360 0.8626644 -0.3751386
vn 0.5676211 -0.1390265 0.8114666
vn 0.0022524 -0.2136330 0.9769114
vn 0.2602967 -0.7620438 0.5929037
vn 0.9915591 -0.1159774 -0.0579641
vn 0.6829445 -0.7247945 0.0908821
vn 0.8835934 0.2900894 0.3675743
vn 0.2602967 -0.7620438 0.5929037
vn 0.0022524 -0.2136330 0.9769114
vn -0.4482630 -0.6290154 0.6351376
vn -0.9062700 -0.0695639 0.4169357
vn -0.8799238 -0.4750949 0.0043619
vn -0.5010963 0.8609934 0.0871373
vn -0.1647030 0.7176179 0.6766813
vn 0.2935639 0.9529052 -0.0761038
vn -0.0548878 0.0270871 -0.9981251
vn 0.1714695 -0.2522577 -0.9523467
vn -0.1505674 -0.5285819 -0.8354224
vn -0.1505674 -0.5285819 -0.8354224
vn -0.5913489 -0.3246924 -0.7381606
vn -0.4217685 0.3153661 -0.8500915
vn 0.3260930 0.2287133 -0.9172533
vn -0.4217685 0.3153661 -0.8500915
vn 0.0594322 0.6488351 -0.7586045
vn -0.0548878 0.0270871 -0.9981251
vn -0.0391745 -0.1095226 0.9932119
vn 0.2419514 0.0786199 0.9670980
vn -0.0029504 -0.0362407 0.9993387
vn 0.2622347 0.6163802 0.7425014
vn -0.0029504 -0.0362407 0.9993387
vn -0.5437624 0.2822205 0.7903631
vn -0.0391745 -0.1095226 0.9932119
vn -0.3761808 -0.0103108 0.9264889
vn 0.4866337 -0.7520021 -0.4446126
vn -0.2262513 -0.9702534 -0.0861312
vn -0.1505674 -0.5285819 -0.8354224
vn -0.2262513 -0.9702534 -0.0861312
vn 0.7330675 0.4831093 -0.4787667
vn 0.7356579 -0.1514577 -0.6602029
vn 0.6960583 0.6949850 0.1802741
vn -0.3392364 0.8626641 -0.3751391
vn -0.5010963 0.8609934 0.0871373
vn 0.2935639 0.9529052 -0.0761038
vn -0.9043710 0.4170851 -0.0902956
vn -0.9117479 -0.0677814 -0.4051191
vn 0.0594322 0.6488351 -0.7586045
vn -0.4482630 -0.6290154 0.6351376
vn -0.1647030 0.7176179 0.6766813
vn -0.3392364 0.8626641 -0.3751391
vn 0.5676214 -0.1390260 0.8114665
vn 0.0022503 -0.2136331 0.9769114
vn 0.2602963 -0.7620434 0.5929044
vn 0.9915591 -0.1159775 -0.0579633
vn 0.6829436 -0.7247955 0.0908824
vn 0.8835935 0.2900900 0.3675733
vn 0.2602963 -0.7620434 0.5929044
vn 0.0022503 -0.2136331 0.9769114
vn -0.4482684 -0.6290128 0.6351364
vn -0.9062672 -0.0695650 0.4169418
vn -0.8799244 -0.4750936 0.0043611
vn -0.5010949 0.8609944 0.0871359
vn -0.1647020 0.7176181 0.6766813
vn 0.2935664 0.9529045 -0.0761038
vn -0.0548875 0.0270873 -0.9981251
vn 0.1714635 -0.2522589 -0.9523475
vn -0.1505686 -0.5285817 -0.8354223
vn -0.1505686 -0.5285817 -0.8354223
vn -0.5913478 -0.3246928 -0.7381614
vn -0.4217701 0.3153654 -0.8500909
vn 0.3260918 0.2287132 -0.9172536
vn -0.4217701 0.3153654 -0.8500909
vn 0.0594321 0.6488354 -0.7586043
vn -0.0548875 0.0270873 -0.9981251
vn -0.0391708 -0.1095169 0.9932128
vn 0.2420436 0.0786181 0.9670750
vn -0.0029544 -0.0362384 0.9993388
vn 0.2622280 0.6163813 0.7425029
vn -0.0029544 -0.0362384 0.9993388
vn -0.5437592 0.2822195 0.7903658
vn -0.0391708 -0.1095169 0.9932128
vn -0.3761797 -0.0103117 0.9264894
vn 0.4866323 -0.7520028 -0.4446128
vn -0.2262519 -0.9702532 -0.0861316
vn -0.1505686 -0.5285817 -0.8354223
vn -0.2262519 -0.9702532 -0.0861316
vn 0.7330679 0.4831087 -0.4787664
vn 0.7356556 -0.1514579 -0.6602055
vn 0.6960568 0.6949865 0.1802739
vn -0.3392351 0.8626646 -0.3751390
vn -0.5010949 0.8609944 0.0871359
vn 0.2935664 0.9529045 -0.0761038
vn -0.9043717 0.4170833 -0.0902961
vn -0.9117484 -0.0677819 -0.4051179
vn 0.0594321 0.6488354 -0.7586043
vn -0.4482684 -0.6290128 0.6351364
vn -0.1647020 0.7176181 0.6766813
vn -0.3392351 0.8626646 -0.3751390
vn 0.5676214 -0.1390255 0.8114665
vn 0.0022537 -0.2136328 0.9769115
vn 0.2602974 -0.7620435 0.5929038
vn 0.9915591 -0.1159767 -0.0579643
vn 0.6829439 -0.7247952 0.0908818
vn 0.8835935 0.2900912 0.3675726
vn 0.2602974 -0.7620435 0.5929038
vn 0.0022537 -0.2136328 0.9769115
vn -0.4482659 -0.6290142 0.6351369
vn -0.9062685 -0.0695629 0.4169395
vn -0.8799247 -0.4750932 0.0043599
vn -0.5010968 0.8609930 0.0871374
vn -0.1647036 0.7176185 0.6766803
vn 0.2935656 0.9529047 -0.0761037
vn -0.0548907 0.0270854 -0.9981250
vn 0.1714642 -0.2522615 -0.9523466
vn -0.1505633 -0.5285829 -0.8354225
vn -0.1505633 -0.5285829 -0.8354225
vn -0.5913407 -0.3246933 -0.7381669
vn -0.4217689 0.3153663 -0.8500912
vn 0.3260947 0.2287140 -0.9172525
vn -0.4217689 0.3153663 -0.8500912
vn 0.0594326 0.6488359 -0.7586039
vn -0.0548907 0.0270854 -0.9981250
vn -0.0391673 -0.1095206 0.9932126
vn 0.2420073 0.0786126 0.9670846
vn -0.0029512 -0.0362392 0.9993387
vn 0.2622331 0.6163810 0.7425013
vn -0.0029512 -0.0362392 0.9993387
vn -0.5437614 0.2822201 0.7903640
vn -0.0391673 -0.1095206 0.9932126
vn -0.3761805 -0.0103142 0.9264889
vn 0.4866313 -0.7520032 -0.4446135
vn -0.2262513 -0.9702533 -0.0861323
vn -0.1505633 -0.5285829 -0.8354225
vn -0.2262513 -0.9702533 -0.0861323
vn 0.7330682 0.4831095 -0.4787654
vn 0.7356544 -0.1514599 -0.6602064
vn 0.6960592 0.6949842 0.1802733
vn -0.3392360 0.8626647 -0.3751379
vn -0.5010968 0.8609930 0.0871374
vn 0.2935656 0.9529047 -0.0761037
vn -0.9043716 0.4170835 -0.0902950
vn -0.9117485 -0.0677802 -0.4051181
vn 0.0594326 0.6488359 -0.7586039
vn -0.4482659 -0.6290142 0.6351369
vn -0.1647036 0.7176185 0.6766803
vn -0.3392360 0.8626647 -0.3751379
vn 0.5676214 -0.1390252 0.8114665
vn 0.0022545 -0.2136342 0.9769111
vn 0.2602970 -0.7620441 0.5929034
vn 0.9915591 -0.1159765 -0.0579646
vn 0.6829435 -0.7247958 0.0908809
vn 0.8835934 0.2900907 0.3675732
vn 0.2602970 -0.7620441 0.5929034
vn 0.0022545 -0.2136342 0.9769111
vn -0.4482643 -0.6290152 0.6351370
vn -0.9062687 -0.0695628 0.4169389
vn -0.8799245 -0.4750935 0.0043609
vn -0.5010960 0.8609934 0.0871385
vn -0.1647049 0.7176183 0.6766803
vn 0.2935651 0.9529049 -0.0761041
vn -0.0548878 0.0270851 -0.9981251
vn 0.1714650 -0.2522623 -0.9523463
vn -0.1505622 -0.5285840 -0.8354220
vn -0.1505622 -0.5285840 -0.8354220
vn -0.5913427 -0.3246936 -0.7381651
vn -0.4217683 0.3153662 -0.8500915
vn 0.3260942 0.2287143 -0.9172527
vn -0.4217683 0.3153662 -0.8500915
vn 0.0594346 0.6488354 -0.7586040
vn -0.0548878 0.0270851 -0.9981251
vn -0.0391655 -0.1095211 0.9932125
vn 0.2419988 0.0786124 0.9670866
vn -0.0029509 -0.0362389 0.9993388
vn 0.2622342 0.6163812 0.7425008
vn -0.0029509 -0.0362389 0.9993388
vn -0.5437627 0.2822203 0.7903631
vn -0.0391655 -0.1095211 0.9932125
vn -0.3761816 -0.0103134 0.9264886
vn 0.4866313 -0.7520033 -0.4446134
vn -0.2262506 -0.9702534 -0.0861327
vn -0.1505622 -0.5285840 -0.8354220
vn -0.2262506 -0.9702534 -0.0861327
vn 0.7330676 0.4831099 -0.4787658
vn 0.7356540 -0.1514596 -0.6602069
vn 0.6960590 0.6949842 0.1802742
vn -0.3392360 0.8626647 -0.3751380
vn -0.5010960 0.8609934 0.0871385
vn 0.2935651 0.9529049 -0.0761041
vn -0.9043714 0.4170843 -0.0902943
vn -0.9117485 -0.0677804 -0.4051178
vn 0.0594346 0.6488354 -0.7586040
vn -0.4482643 -0.6290152 0.6351370
vn -0.1647049 0.7176183 0.6766803
vn -0.3392360 0.8626647 -0.3751380
vn 0.5676220 -0.1390252 0.8114660
vn 0.0022511 -0.2136327 0.9769114
vn 0.2602958 -0.7620438 0.5929042
vn 0.9915592 -0.1159756 -0.0579663
vn 0.6829448 -0.7247945 0.0908801
vn 0.8835925 0.2900918 0.3675745
vn 0.2602958 -0.7620438 0.5929042
vn 0.0022511 -0.2136327 0.9769114
vn -0.4482637 -0.6290154 0.6351371
vn -0.9062692 -0.0695633 0.4169377
vn -0.8799236 -0.4750951 0.0043626
vn -0.5010957 0.8609938 0.0871365
vn -0.1647035 0.7176179 0.6766810
vn 0.2935659 0.9529046 -0.0761041
vn -0.0548926 0.0270872 -0.9981248
vn 0.1714683 -0.2522585 -0.9523467
vn -0.1505657 -0.5285817 -0.8354228
vn -0.1505657 -0.5285817 -0.8354228
vn -0.5913430 -0.3246936 -0.7381650
vn -0.4217676 0.3153663 -0.8500918
vn 0.3260973 0.2287138 -0.9172515
vn -0.4217676 0.3153663 -0.8500918
vn 0.0594341 0.6488355 -0.7586040
vn -0.0548926 0.0270872 -0.9981248
vn -0.0391673 -0.1095193 0.9932126
vn 0.2419887 0.0786177 0.9670888
vn -0.0029461 -0.0362394 0.9993387
vn 0.2622358 0.6163799 0.7425013
vn -0.0029461 -0.0362394 0.9993387
vn -0.5437629 0.2822195 0.7903632
vn -0.0391673 -0.1095193 0.9932126
vn -0.3761801 -0.0103100 0.9264892
vn 0.4866322 -0.7520028 -0.4446131
vn -0.2262511 -0.9702534 -0.0861316
vn -0.1505657 -0.5285817 -0.8354228
vn -0.2262511 -0.9702534 -0.0861316
vn 0.7330685 0.4831088 -0.4787654
vn 0.7356582 -0.1514586 -0.6602023
vn 0.6960592 0.6949840 0.1802741
vn -0.3392357 0.8626645 -0.3751387
vn -0.5010957 0.8609938 0.0871365
vn 0.2935659 0.9529046 -0.0761041
vn -0.9043710 0.4170849 -0.0902962
vn -0.9117480 -0.0677809 -0.4051189
vn 0.0594341 0.6488355 -0.7586040
vn -0.4482637 -0.6290154 0.6351371
vn -0.1647035 0.7176179 0.6766810
vn -0.3392357 0.8626645 -0.3751387
vn 0.5676196 -0.1390253 0.8114676
vn 0.0022493 -0.2136324 0.9769115
vn 0.2602961 -0.7620434 0.5929044
vn 0.9915591 -0.1159763 -0.0579659
vn 0.6829449 -0.7247945 0.0908802
vn 0.8835923 0.2900919 0.3675750
vn 0.2602961 -0.7620434 0.5929044
vn 0.0022493 -0.2136324 0.9769115
vn -0.4482636 -0.6290153 0.6351373
vn -0.9062686 -0.0695633 0.4169389
vn -0.8799246 -0.4750933 0.0043613
vn -0.5010961 0.8609935 0.0871376
vn -0.1647014 0.7176181 0.6766813
vn 0.2935648 0.9529049 -0.0761039
vn -0.0548899 0.0270877 -0.9981249
vn 0.1714688 -0.2522583 -0.9523466
vn -0.1505665 -0.5285826 -0.8354221
vn -0.1505665 -0.5285826 -0.8354221
vn -0.5913482 -0.3246929 -0.7381611
vn -0.4217698 0.3153664 -0.8500908
vn 0.3260925 0.2287144 -0.9172531
vn -0.4217698 0.3153664 -0.8500908
vn 0.0594339 0.6488357 -0.7586038
vn -0.0548899 0.0270877 -0.9981249
vn -0.0391727 -0.1095209 0.9932123
vn 0.2419493 0.0786198 0.9670985
vn -0.0029494 -0.0362398 0.9993387
vn 0.2622359 0.6163799 0.7425013
vn -0.0029494 -0.0362398 0.9993387
vn -0.5437620 0.2822198 0.7903637
vn -0.0391727 -0.1095209 0.9932123
vn -0.3761780 -0.0103099 0.9264900
vn 0.4866320 -0.7520030 -0.4446130
vn -0.2262514 -0.9702533 -0.0861316
vn -0.1505665 -0.5285826 -0.8354221
vn -0.2262514 -0.9702533 -0.0861316
vn 0.7330666 0.4831100 -0.4787672
vn 0.7356554 -0.1514588 -0.6602056
vn 0.6960584 0.6949851 0.1802733
vn -0.3392364 0.8626643 -0.3751384
vn -0.5010961 0.8609935 0.0871376
vn 0.2935648 0.9529049 -0.0761039
vn -0.9043710 0.4170851 -0.0902955
vn -0.9117480 -0.0677810 -0.4051188
vn 0.0594339 0.6488357 -0.7586038
vn -0.4482636 -0.6290153 0.6351373
vn -0.1647014 0.7176181 0.6766813
vn -0.3392364 0.8626643 -0.3751384
vn 0.5676212 -0.1390260 0.8114665
vn 0.0022518 -0.2136327 0.9769115
vn 0.2602966 -0.7620437 0.5929040
vn 0.9915591 -0.1159771 -0.0579642
vn 0.6829434 -0.7247956 0.0908819
vn 0.8835937 0.2900904 0.3675725
vn 0.2602966 -0.7620437 0.5929040
vn 0.0022518 -0.2136327 0.9769115
vn -0.4482648 -0.6290143 0.6351376
vn -0.9062674 -0.0695637 0.4169418
vn -0.8799244 -0.4750938 0.0043607
vn -0.5010960 0.8609936 0.0871370
vn -0.1647031 0.7176181 0.6766810
vn 0.2935654 0.9529048 -0.0761036
vn -0.0548878 0.0270854 -0.9981251
vn 0.1714647 -0.2522612 -0.9523466
vn -0.1505664 -0.5285838 -0.8354213
vn -0.1505664 -0.5285838 -0.8354213
vn -0.5913471 -0.3246918 -0.7381625
vn -0.4217694 0.3153661 -0.8500910
vn 0.3260932 0.2287142 -0.9172530
vn -0.4217694 0.3153661 -0.8500910
vn 0.0594330 0.6488355 -0.7586040
vn -0.0548878 0.0270854 -0.9981251
vn -0.0391685 -0.1095214 0.9932124
vn 0.2419601 0.0786140 0.9670962
vn -0.0029484 -0.0362398 0.9993387
vn 0.2622361 0.6163806 0.7425006
vn -0.0029484 -0.0362398 0.9993387
vn -0.5437630 0.2822188 0.7903634
vn -0.0391685 -0.1095214 0.9932124
vn -0.3761824 -0.0103148 0.9264883
vn 0.4866316 -0.7520032 -0.4446131
vn -0.2262510 -0.9702535 -0.0861323
vn -0.1505664 -0.5285838 -0.8354213
vn -0.2262510 -0.9702535 -0.0861323
vn 0.7330682 0.4831091 -0.4787656
vn 0.7356547 -0.1514595 -0.6602061
vn 0.6960584 0.6949847 0.1802740
vn -0.3392358 0.8626646 -0.3751383
vn -0.5010960 0.8609936 0.0871370
vn 0.2935654 0.9529048 -0.0761036
vn -0.9043713 0.4170845 -0.0902949
vn -0.9117483 -0.0677806 -0.4051182
vn 0.0594330 0.6488355 -0.7586040
vn -0.4482648 -0.6290143 0.6351376
vn -0.1647031 0.7176181 0.6766810
vn -0.3392358 0.8626646 -0.3751383
vn 0.5676218 -0.1390253 0.8114662
vn 0.0022539 -0.2136327 0.9769115
vn 0.2602971 -0.7620438 0.5929036
vn 0.9915591 -0.1159766 -0.0579650
vn 0.6829432 -0.7247958 0.0908813
vn 0.8835924 0.2900910 0.3675753
vn 0.2602971 -0.7620438 0.5929036
vn 0.0022539 -0.2136327 0.9769115
vn -0.4482633 -0.6290153 0.6351376
vn -0.9062703 -0.0695628 0.4169356
vn -0.8799246 -0.4750933 0.0043610
vn -0.5010972 0.8609928 0.0871367
vn -0.1647022 0.7176180 0.6766812
vn 0.2935635 0.9529054 -0.0761043
vn -0.0548892 0.0270870 -0.9981250
vn 0.1714662 -0.2522599 -0.9523467
vn -0.1505667 -0.5285819 -0.8354226
vn -0.1505667 -0.5285819 -0.8354226
vn -0.5913454 -0.3246941 -0.7381627
vn -0.4217681 0.3153662 -0.8500916
vn 0.3260931 0.2287129 -0.9172534
vn -0.4217681 0.3153662 -0.8500916
vn 0.0594343 0.6488358 -0.7586038
vn -0.0548892 0.0270870 -0.9981250
vn -0.0391654 -0.1095207 0.9932125
vn 0.2419522 0.0786175 0.9670978
vn -0.0029437 -0.0362394 0.9993387
vn 0.2622375 0.6163803 0.7425004
vn -0.0029437 -0.0362394 0.9993387
vn -0.5437643 0.2822184 0.7903625
vn -0.0391654 -0.1095207 0.9932125
vn -0.3761776 -0.0103097 0.9264902
vn 0.4866323 -0.7520028 -0.4446129
vn -0.2262511 -0.9702533 -0.0861319
vn -0.1505667 -0.5285819 -0.8354226
vn -0.2262511 -0.9702533 -0.0861319
vn 0.7330674 0.4831089 -0.4787671
vn 0.7356556 -0.1514590 -0.6602053
vn 0.6960579 0.6949854 0.1802737
vn -0.3392371 0.8626639 -0.3751388
vn -0.5010972 0.8609928 0.0871367
vn 0.2935635 0.9529054 -0.0761043
vn -0.9043716 0.4170834 -0.0902957
vn -0.9117486 -0.0677800 -0.4051175
vn 0.0594343 0.6488358 -0.7586038
vn -0.4482633 -0.6290153 0.6351376
vn -0.1647022 0.7176180 0.6766812
vn -0.3392371 0.8626639 -0.3751388
vn 0.5676208 -0.1390259 0.8114668
vn 0.0022527 -0.2136322 0.9769115
vn 0.2602964 -0.7620438 0.5929039
vn 0.9915591 -0.1159772 -0.0579649
vn 0.6829438 -0.7247953 0.0908819
vn 0.8835941 0.2900899 0.3675722
vn 0.2602964 -0.7620438 0.5929039
vn 0.0022527 -0.2136322 0.9769115
vn -0.4482644 -0.6290148 0.6351372
vn -0.9062681 -0.0695643 0.4169399
vn -0.8799240 -0.4750945 0.0043611
vn -0.5010953 0.8609940 0.0871360
vn -0.1647044 0.7176179 0.6766809
vn 0.2935650 0.9529051 -0.0761032
vn -0.0548882 0.0270855 -0.9981251
vn 0.1714650 -0.2522613 -0.9523466
vn -0.1505652 -0.5285833 -0.8354219
vn -0.1505652 -0.5285833 -0.8354219
vn -0.5913442 -0.3246919 -0.7381646
vn -0.4217684 0.3153663 -0.8500914
vn 0.3260973 0.2287133 -0.9172517
vn -0.4217684 0.3153663 -0.8500914
vn 0.0594331 0.6488357 -0.7586039
vn -0.0548882 0.0270855 -0.9981251
vn -0.0391638 -0.1095237 0.9932123
vn 0.2419874 0.0786136 0.9670894
vn -0.0029488 -0.0362408 0.9993387
vn 0.2622347 0.6163803 0.7425013
vn -0.0029488 -0.0362408 0.9993387
vn -0.5437633 0.2822198 0.7903628
vn -0.0391638 -0.1095237 0.9932123
vn -0.3761793 -0.0103149 0.9264894
vn 0.4866323 -0.7520030 -0.4446128
vn -0.2262507 -0.9702534 -0.0861323
vn -0.1505652 -0.5285833 -0.8354219
vn -0.2262507 -0.9702534 -0.0861323
vn 0.7330690 0.4831089 -0.4787647
vn 0.7356558 -0.1514598 -0.6602048
vn 0.6960594 0.6949838 0.1802739
vn -0.3392362 0.8626644 -0.3751386
vn -0.5010953 0.8609940 0.0871360
vn 0.2935650 0.9529051 -0.0761032
vn -0.9043708 0.4170853 -0.0902951
vn -0.9117485 -0.0677800 -0.4051178
vn 0.0594331 0.6488357 -0.7586039
vn -0.4482644 -0.6290148 0.6351372
vn -0.1647044 0.7176179 0.6766809
vn -0.3392362 0.8626644 -0.3751386
vn 0.5676214 -0.1390258 0.8114665
vn 0.0022490 -0.2136338 0.9769111
vn 0.2602934 -0.7620441 0.5929049
vn 0.9915591 -0.1159767 -0.0579655
vn 0.6829435 -0.7247958 0.0908807
vn 0.8835937 0.2900901 0.3675729
vn 0.2602934 -0.7620441 0.5929049
vn 0.0022490 -0.2136338 0.9769111
vn -0.4482647 -0.6290147 0.6351372
vn -0.9062691 -0.0695638 0.4169378
vn -0.8799241 -0.4750941 0.0043630
vn -0.5010960 0.8609936 0.0871371
vn -0.1647039 0.7176182 0.6766808
vn 0.2935645 0.9529050 -0.0761042
vn -0.0548936 0.0270870 -0.9981248
vn 0.1714669 -0.2522599 -0.9523466
vn -0.1505643 -0.5285825 -0.8354226
vn -0.1505643 -0.5285825 -0.8354226
vn -0.5913438 -0.3246936 -0.7381644
vn -0.4217678 0.3153666 -0.8500917
vn 0.3260934 0.2287134 -0.9172531
vn -0.4217678 0.3153666 -0.8500917
vn 0.0594335 0.6488357 -0.7586039
vn -0.0548936 0.0270870 -0.9981248
vn -0.0391723 -0.1095200 0.9932124
vn 0.2420060 0.0786178 0.9670845
vn -0.0029525 -0.0362389 0.9993387
vn 0.2622336 0.6163806 0.7425015
vn -0.0029525 -0.0362389 0.9993387
vn -0.5437633 0.2822194 0.7903630
vn -0.0391723 -0.1095200 0.9932124
vn -0.3761809 -0.0103107 0.9264888
vn 0.4866319 -0.7520030 -0.4446132
vn -0.2262518 -0.9702533 -0.0861314
vn -0.1505643 -0.5285825 -0.8354226
vn -0.2262518 -0.9702533 -0.0861314
vn 0.7330678 0.4831084 -0.4787669
vn 0.7356578 -0.1514590 -0.6602028
vn 0.6960586 0.6949847 0.1802737
vn -0.3392355 0.8626646 -0.3751387
vn -0.5010960 0.8609936 0.0871371
vn 0.2935645 0.9529050 -0.0761042
vn -0.9043710 0.4170846 -0.0902957
vn -0.9117486 -0.0677782 -0.4051179
vn 0.0594335 0.6488357 -0.7586039
vn -0.4482647 -0.6290147 0.6351372
vn -0.1647039 0.7176182 0.6766808
vn -0.3392355 0.8626646 -0.3751387
vn 0.5676209 -0.1390263 0.8114666
vn 0.0022555 -0.2136326 0.9769114
vn 0.2603000 -0.7620434 0.5929028
vn 0.9915592 -0.1159771 -0.0579631
vn 0.6829436 -0.7247952 0.0908843
vn 0.8835926 0.2900909 0.3675750
vn 0.2603000 -0.7620434 0.5929028
vn 0.0022555 -0.2136326 0.9769114
vn -0.4482681 -0.6290139 0.6351356
vn -0.9062679 -0.0695639 0.4169405
vn -0.8799243 -0.4750940 0.0043605
vn -0.5010949 0.8609942 0.0871365
vn -0.1647014 0.7176179 0.6766815
vn 0.2935660 0.9529046 -0.0761041
vn -0.0548887 0.0270874 -0.9981250
vn 0.1714672 -0.2522588 -0.9523468
vn -0.1505700 -0.5285812 -0.8354223
vn -0.1505700 -0.5285812 -0.8354223
vn -0.5913479 -0.3246918 -0.7381617
vn -0.4217696 0.3153657 -0.8500910
vn 0.3260936 0.2287134 -0.9172530
vn -0.4217696 0.3153657 -0.8500910
vn 0.0594327 0.6488356 -0.7586041
vn -0.0548887 0.0270874 -0.9981250
vn -0.0391713 -0.1095152 0.9932129
vn 0.2420419 0.0786180 0.9670754
vn -0.0029498 -0.0362384 0.9993388
vn 0.2622297 0.6163808 0.7425026
vn -0.0029498 -0.0362384 0.9993388
vn -0.5437598 0.2822196 0.7903653
vn -0.0391713 -0.1095152 0.9932129
vn -0.3761783 -0.0103109 0.9264898
vn 0.4866330 -0.7520026 -0.4446127
vn -0.2262510 -0.9702534 -0.0861315
vn -0.1505700 -0.5285812 -0.8354223
vn -0.2262510 -0.9702534 -0.0861315
vn 0.7330675 0.4831094 -0.4787664
vn 0.7356569 -0.1514584 -0.6602039
vn 0.6960576 0.6949856 0.1802745
vn -0.3392358 0.8626645 -0.3751386
vn -0.5010949 0.8609942 0.0871365
vn 0.2935660 0.9529046 -0.0761041
vn -0.9043715 0.4170838 -0.0902961
vn -0.9117479 -0.0677814 -0.4051189
vn 0.0594327 0.6488356 -0.7586041
vn -0.4482681 -0.6290139 0.6351356
vn -0.1647014 0.7176179 0.6766815
vn -0.3392358 0.8626645 -0.3751386
vn 0.5676228 -0.1390258 0.8114655
vn 0.0022550 -0.2136338 0.9769112
vn 0.2602967 -0.7620438 0.5929037
vn 0.9915591 -0.1159768 -0.0579647
vn 0.6829439 -0.7247953 0.0908812
vn 0.8835931 0.2900900 0.3675744
vn 0.2602967 -0.7620438 0.5929037
vn 0.0022550 -0.2136338 0.9769112
vn -0.4482644 -0.6290148 0.6351373
vn -0.9062698 -0.0695641 0.4169363
vn -0.8799247 -0.4750931 0.0043613
vn -0.5010968 0.8609930 0.0871378
vn -0.1647048 0.7176177 0.6766809
vn 0.2935649 0.9529049 -0.0761042
vn -0.0548904 0.0270873 -0.9981249
vn 0.1714665 -0.2522601 -0.9523466
vn -0.1505664 -0.5285822 -0.8354224
vn -0.1505664 -0.5285822 -0.8354224
vn -0.5913441 -0.3246932 -0.7381642
vn -0.4217672 0.3153666 -0.8500919
vn 0.3260929 0.2287140 -0.9172531
vn -0.4217672 0.3153666 -0.8500919
vn 0.0594331 0.6488359 -0.7586038
vn -0.0548904 0.0270873 -0.9981249
vn -0.0391691 -0.1095219 0.9932123
vn 0.2419889 0.0786175 0.9670888
vn -0.0029482 -0.0362395 0.9993387
vn 0.2622360 0.6163803 0.7425009
vn -0.0029482 -0.0362395 0.9993387
vn -0.5437633 0.2822193 0.7903630
vn -0.0391691 -0.1095219 0.9932123
vn -0.3761812 -0.0103102 0.9264887
vn 0.4866324 -0.7520028 -0.4446130
vn -0.2262513 -0.9702533 -0.0861316
vn -0.1505664 -0.5285822 -0.8354224
vn -0.2262513 -0.9702533 -0.0861316
vn 0.7330672 0.4831088 -0.4787675
vn 0.7356567 -0.1514588 -0.6602039
vn 0.6960592 0.6949841 0.1802740
vn -0.3392357 0.8626645 -0.3751386
vn -0.5010968 0.8609930 0.0871378
vn 0.2935649 0.9529049 -0.0761042
vn -0.9043713 0.4170842 -0.0902957
vn -0.9117485 -0.0677791 -0.4051178
vn 0.0594331 0.6488359 -0.7586038
vn -0.4482644 -0.6290148 0.6351373
vn -0.1647048 0.7176177 0.6766809
vn -0.3392357 0.8626645 -0.3751386
vn 0.5676217 -0.1390258 0.8114663
vn 0.0022529 -0.2136329 0.9769115
vn 0.2602971 -0.7620435 0.5929040
vn 0.9915592 -0.1159765 -0.0579638
vn 0.6829442 -0.7247949 0.0908819
vn 0.8835934 0.2900906 0.3675733
vn 0.2602971 -0.7620435 0.5929040
vn 0.0022529 -0.2136329 0.9769115
vn -0.4482674 -0.6290132 0.6351367
vn -0.9062676 -0.0695644 0.4169409
vn -0.8799248 -0.4750929 0.0043614
vn -0.5010949 0.8609942 0.0871367
vn -0.1647009 0.7176183 0.6766813
vn 0.2935657 0.9529046 -0.0761043
vn -0.0548912 0.0270871 -0.9981248
vn 0.1714600 -0.2522610 -0.9523476
vn -0.1505651 -0.5285825 -0.8354224
vn -0.1505651 -0.5285825 -0.8354224
vn -0.5913421 -0.3246945 -0.7381653
vn -0.4217690 0.3153658 -0.8500913
vn 0.3260945 0.2287141 -0.9172525
vn -0.4217690 0.3153658 -0.8500913
vn 0.0594313 0.6488356 -0.7586042
vn -0.0548912 0.0270871 -0.9981248
vn -0.0391662 -0.1095157 0.9932131
vn 0.2420269 0.0786183 0.9670792
vn -0.0029512 -0.0362378 0.9993388
vn 0.2622327 0.6163802 0.7425021
vn -0.0029512 -0.0362378 0.9993388
vn -0.5437602 0.2822195 0.7903650
vn -0.0391662 -0.1095157 0.9932131
vn -0.3761757 -0.0103091 0.9264909
vn 0.4866315 -0.7520030 -0.4446135
vn -0.2262517 -0.9702533 -0.0861319
vn -0.1505651 -0.5285825 -0.8354224
vn -0.2262517 -0.9702533 -0.0861319
vn 0.7330674 0.4831094 -0.4787666
vn 0.7356543 -0.1514601 -0.6602066
vn 0.6960588 0.6949846 0.1802735
vn -0.3392365 0.8626642 -0.3751386
vn -0.5010949 0.8609942 0.0871367
vn 0.2935657 0.9529046 -0.0761043
vn -0.9043717 0.4170832 -0.0902961
vn -0.9117484 -0.0677815 -0.4051177
vn 0.0594313 0.6488356 -0.7586042
vn -0.4482674 -0.6290132 0.6351367
vn -0.1647009 0.7176183 0.6766813
vn -0.3392365 0.8626642 -0.3751386
vn 0.5676200 -0.1390262 0.8114673
vn 0.0022529 -0.2136329 0.9769115
vn 0.2602977 -0.7620434 0.5929037
vn 0.9915592 -0.1159765 -0.0579634
vn 0.6829434 -0.7247955 0.0908830
vn 0.8835921 0.2900912 0.3675758
vn 0.2602977 -0.7620434 0.5929037
vn 0.0022529 -0.2136329 0.9769115
vn -0.4482681 -0.6290132 0.6351362
vn -0.9062682 -0.0695643 0.4169398
vn -0.8799242 -0.4750939 0.0043611
vn -0.5010960 0.8609936 0.0871364
vn -0.1647038 0.7176179 0.6766810
vn 0.2935662 0.9529045 -0.0761039
vn -0.0548873 0.0270872 -0.9981251
vn 0.1714601 -0.2522594 -0.9523480
vn -0.1505695 -0.5285828 -0.8354214
vn -0.1505695 -0.5285828 -0.8354214
vn -0.5913478 -0.3246936 -0.7381612
vn -0.4217697 0.3153660 -0.8500909
vn 0.3260941 0.2287131 -0.9172530
vn -0.4217697 0.3153660 -0.8500909
vn 0.0594322 0.6488357 -0.7586039
vn -0.0548873 0.0270872 -0.9981251
vn -0.0391710 -0.1095153 0.9932131
vn 0.2420623 0.0786185 0.9670703
vn -0.0029464 -0.0362384 0.9993388
vn 0.2622324 0.6163805 0.7425020
vn -0.0029464 -0.0362384 0.9993388
vn -0.5437605 0.2822194 0.7903648
vn -0.0391710 -0.1095153 0.9932131
vn -0.3761766 -0.0103106 0.9264906
vn 0.4866315 -0.7520035 -0.4446129
vn -0.2262515 -0.9702533 -0.0861320
vn -0.1505695 -0.5285828 -0.8354214
vn -0.2262515 -0.9702533 -0.0861320
vn 0.7330688 0.4831085 -0.4787653
vn 0.7356547 -0.1514589 -0.6602062
vn 0.6960589 0.6949845 0.1802736
vn -0.3392375 0.8626640 -0.3751382
vn -0.5010960 0.8609936 0.0871364
vn 0.2935662 0.9529045 -0.0761039
vn -0.9043716 0.4170837 -0.0902959
vn -0.9117478 -0.0677822 -0.4051192
vn 0.0594322 0.6488357 -0.7586039
vn -0.4482681 -0.6290132 0.6351362
vn -0.1647038 0.7176179 0.6766810
vn -0.3392375 0.8626640 -0.3751382
vn 0.5676203 -0.1390261 0.8114671
vn 0.0022524 -0.2136323 0.9769115
vn 0.2602969 -0.7620434 0.5929041
vn 0.9915591 -0.1159776 -0.0579638
vn 0.6829437 -0.7247953 0.0908827
vn 0.8835938 0.2900900 0.3675728
vn 0.2602969 -0.7620434 0.5929041
vn 0.0022524 -0.2136323 0.9769115
vn -0.4482673 -0.6290135 0.6351365
vn -0.9062678 -0.0695648 0.4169406
vn -0.8799246 -0.4750934 0.0043608
vn -0.5010948 0.8609942 0.0871366
vn -0.1647033 0.7176179 0.6766810
vn 0.2935655 0.9529047 -0.0761040
vn -0.0548906 0.0270873 -0.9981249
vn 0.1714622 -0.2522589 -0.9523476
vn -0.1505675 -0.5285825 -0.8354220
vn -0.1505675 -0.5285825 -0.8354220
vn -0.5913455 -0.3246941 -0.7381626
vn -0.4217698 0.3153660 -0.8500909
vn 0.3260935 0.2287132 -0.9172532
vn -0.4217698 0.3153660 -0.8500909
vn 0.0594310 0.6488355 -0.7586042
vn -0.0548906 0.0270873 -0.9981249
vn -0.0391666 -0.1095176 0.9932129
vn 0.2420223 0.0786202 0.9670801
vn -0.0029544 -0.0362392 0.9993387
vn 0.2622291 0.6163809 0.7425029
vn -0.0029544 -0.0362392 0.9993387
vn -0.5437609 0.2822200 0.7903644
vn -0.0391666 -0.1095176 0.9932129
vn -0.3761742 -0.0103123 0.9264915
vn 0.4866327 -0.7520027 -0.4446129
vn -0.2262512 -0.9702533 -0.0861319
vn -0.1505675 -0.5285825 -0.8354220
vn -0.2262512 -0.9702533 -0.0861319
vn 0.7330685 0.4831087 -0.4787658
vn 0.7356560 -0.1514580 -0.6602050
vn 0.6960595 0.6949842 0.1802725
vn -0.3392364 0.8626643 -0.3751385
vn -0.5010948 0.8609942 0.0871366
vn 0.2935655 0.9529047 -0.0761040
vn -0.9043711 0.4170844 -0.0902959
vn -0.9117484 -0.0677822 -0.4051178
vn 0.0594310 0.6488355 -0.7586042
vn -0.4482673 -0.6290135 0.6351365
vn -0.1647033 0.7176179 0.6766810
vn -0.3392364 0.8626643 -0.3751385
vn 0.5676205 -0.1390257 0.8114671
vn 0.0022510 -0.2136329 0.9769114
vn 0.2602963 -0.7620437 0.5929040
vn 0.9915592 -0.1159764 -0.0579639
vn 0.6829435 -0.7247956 0.0908818
vn 0.8835929 0.2900910 0.3675740
vn 0.2602963 -0.7620437 0.5929040
vn 0.0022510 -0.2136329 0.9769114
vn -0.4482676 -0.6290135 0.6351363
vn -0.9062677 -0.0695647 0.4169406
vn -0.8799250 -0.4750926 0.0043600
vn -0.5010955 0.8609938 0.0871373
vn -0.1647028 0.7176176 0.6766815
vn 0.2935662 0.9529045 -0.0761039
vn -0.0548886 0.0270873 -0.9981250
vn 0.1714606 -0.2522598 -0.9523477
vn -0.1505672 -0.5285823 -0.8354222
vn -0.1505672 -0.5285823 -0.8354222
vn -0.5913445 -0.3246934 -0.7381638
vn -0.4217684 0.3153659 -0.8500916
vn 0.3260916 0.2287138 -0.9172536
vn -0.4217684 0.3153659 -0.8500916
vn 0.0594338 0.6488356 -0.7586039
vn -0.0548886 0.0270873 -0.9981250
vn -0.0391706 -0.1095170 0.9932128
vn 0.2420430 0.0786166 0.9670753
vn -0.0029509 -0.0362384 0.9993388
vn 0.2622313 0.6163802 0.7425025
vn -0.0029509 -0.0362384 0.9993388
vn -0.5437598 0.2822191 0.7903655
vn -0.0391706 -0.1095170 0.9932128
vn -0.3761822 -0.0103120 0.9264882
vn 0.4866317 -0.7520031 -0.4446134
vn -0.2262514 -0.9702533 -0.0861324
vn -0.1505672 -0.5285823 -0.8354222
vn -0.2262514 -0.9702533 -0.0861324
vn 0.7330672 0.4831095 -0.4787669
vn 0.7356551 -0.1514587 -0.6602058
vn 0.6960591 0.6949841 0.1802740
vn -0.3392363 0.8626644 -0.3751383
vn -0.5010955 0.8609938 0.0871373
vn 0.2935662 0.9529045 -0.0761039
vn -0.9043719 0.4170828 -0.0902959
vn -0.9117481 -0.0677811 -0.4051186
vn 0.0594338 0.6488356 -0.7586039
vn -0.4482676 -0.6290135 0.6351363
vn -0.1647028 0.7176176 0.6766815
vn -0.3392363 0.8626644 -0.3751383
vn 0.5676211 -0.1390246 0.8114668
vn 0.0022516 -0.2136333 0.9769113
vn 0.2602965 -0.7620434 0.5929042
vn 0.9915592 -0.1159756 -0.0579654
vn 0.6829462 -0.7247932 0.0908806
vn 0.8835913 0.2900926 0.3675766
vn 0.2602965 -0.7620434 0.5929042
vn 0.0022516 -0.2136333 0.9769113
vn -0.4482637 -0.6290154 0.6351372
vn -0.9062704 -0.0695631 0.4169353
vn -0.8799241 -0.4750941 0.0043614
vn -0.5010962 0.8609935 0.0871368
vn -0.1647056 0.7176176 0.6766810
vn 0.2935649 0.9529049 -0.0761039
vn -0.0548901 0.0270874 -0.9981250
vn 0.1714679 -0.2522585 -0.9523468
vn -0.1505674 -0.5285816 -0.8354226
vn -0.1505674 -0.5285816 -0.8354226
vn -0.5913487 -0.3246924 -0.7381608
vn -0.4217697 0.3153662 -0.8500909
vn 0.3260918 0.2287138 -0.9172536
vn -0.4217697 0.3153662 -0.8500909
vn 0.0594308 0.6488358 -0.7586040
vn -0.0548901 0.0270874 -0.9981250
vn -0.0391696 -0.1095210 0.9932124
vn 0.2419731 0.0786214 0.9670923
vn -0.0029469 -0.0362397 0.9993387
vn 0.2622334 0.6163799 0.7425020
vn -0.0029469 -0.0362397 0.9993387
vn -0.5437642 0.2822193 0.7903623
vn -0.0391696 -0.1095210 0.9932124
vn -0.3761737 -0.0103119 0.9264917
vn 0.4866326 -0.7520026 -0.4446130
vn -0.2262508 -0.9702535 -0.0861318
vn -0.1505674 -0.5285816 -0.8354226
vn -0.2262508 -0.9702535 -0.0861318
vn 0.7330669 0.4831103 -0.4787666
vn 0.7356560 -0.1514587 -0.6602048
vn 0.6960588 0.6949845 0.1802736
vn -0.3392372 0.8626640 -0.3751385
vn -0.5010962 0.8609935 0.0871368
vn 0.2935649 0.9529049 -0.0761039
vn -0.9043709 0.4170850 -0.0902953
vn -0.9117479 -0.0677823 -0.4051187
vn 0.0594308 0.6488358 -0.7586040
vn -0.4482637 -0.6290154 0.6351372
vn -0.1647056 0.7176176 0.6766810
vn -0.3392372 0.8626640 -0.3751385
vn 0.5676219 -0.1390256 0.8114660
vn 0.0022492 -0.2136322 0.9769115
vn 0.2602953 -0.7620436 0.5929046
vn 0.9915591 -0.1159765 -0.0579643
vn 0.6829437 -0.7247953 0.0908822
vn 0.8835930 0.2900911 0.3675738
vn 0.2602953 -0.7620436 0.5929046
vn 0.0022492 -0.2136322 0.9769115
vn -0.4482681 -0.6290129 0.6351365
vn -0.9062681 -0.0695636 0.4169400
vn -0.8799255 -0.4750916 0.0043597
vn -0.5010947 0.8609945 0.0871353
vn -0.1647020 0.7176182 0.6766810
vn 0.2935652 0.9529048 -0.0761044
vn -0.0548919 0.0270871 -0.9981248
vn 0.1714660 -0.2522590 -0.9523470
vn -0.1505645 -0.5285812 -0.8354234
vn -0.1505645 -0.5285812 -0.8354234
vn -0.5913426 -0.3246941 -0.7381650
vn -0.4217702 0.3153653 -0.8500909
vn 0.3260933 0.2287132 -0.9172531
vn -0.4217702 0.3153653 -0.8500909
vn 0.0594331 0.6488354 -0.7586041
vn -0.0548919 0.0270871 -0.9981248
vn -0.0391701 -0.1095170 0.9932129
vn 0.2420416 0.0786181 0.9670756
vn -0.0029486 -0.0362391 0.9993387
vn 0.2622309 0.6163809 0.7425022
vn -0.0029486 -0.0362391 0.9993387
vn -0.5437597 0.2822196 0.7903653
vn -0.0391701 -0.1095170 0.9932129
vn -0.3761764 -0.0103128 0.9264906
vn 0.4866322 -0.7520030 -0.4446128
vn -0.2262520 -0.9702533 -0.0861316
vn -0.1505645 -0.5285812 -0.8354234
vn -0.2262520 -0.9702533 -0.0861316
vn 0.7330689 0.4831082 -0.4787656
vn 0.7356571 -0.1514578 -0.6602038
vn 0.6960567 0.6949864 0.1802744
vn -0.3392372 0.8626637 -0.3751391
vn -0.5010947 0.8609945 0.0871353
vn 0.2935652 0.9529048 -0.0761044
vn -0.9043714 0.4170839 -0.0902960
vn -0.9117482 -0.0677814 -0.4051182
vn 0.0594331 0.6488354 -0.7586041
vn -0.4482681 -0.6290129 0.6351365
vn -0.1647020 0.7176182 0.6766810
vn -0.3392372 0.8626637 -0.3751391
vn 0.5676214 -0.1390262 0.8114665
vn 0.0022540 -0.2136323 0.9769115
vn 0.2602964 -0.7620441 0.5929035
vn 0.9915591 -0.1159772 -0.0579649
vn 0.6829428 -0.7247964 0.0908813
vn 0.8835931 0.2900914 0.3675733
vn 0.2602964 -0.7620441 0.5929035
vn 0.0022540 -0.2136323 0.9769115
vn -0.4482644 -0.6290148 0.6351374
vn -0.9062684 -0.0695638 0.4169395
vn -0.8799247 -0.4750931 0.0043612
vn -0.5010955 0.8609938 0.0871373
vn -0.1647044 0.7176179 0.6766809
vn 0.2935649 0.9529049 -0.0761037
vn -0.0548904 0.0270853 -0.9981250
vn 0.1714621 -0.2522618 -0.9523469
vn -0.1505631 -0.5285833 -0.8354223
vn -0.1505631 -0.5285833 -0.8354223
vn -0.5913408 -0.3246936 -0.7381669
vn -0.4217680 0.3153666 -0.8500916
vn 0.3260945 0.2287136 -0.9172527
vn -0.4217680 0.3153666 -0.8500916
vn 0.0594334 0.6488358 -0.7586039
vn -0.0548904 0.0270853 -0.9981250
vn -0.0391669 -0.1095198 0.9932125
vn 0.2419788 0.0786130 0.9670917
vn -0.0029501 -0.0362393 0.9993387
vn 0.2622328 0.6163809 0.7425014
vn -0.0029501 -0.0362393 0.9993387
vn -0.5437626 0.2822203 0.7903632
vn -0.0391669 -0.1095198 0.9932125
vn -0.3761758 -0.0103119 0.9264908
vn 0.4866315 -0.7520031 -0.4446135
vn -0.2262513 -0.9702533 -0.0861324
vn -0.1505631 -0.5285833 -0.8354223
vn -0.2262513 -0.9702533 -0.0861324
vn 0.7330685 0.4831086 -0.4787658
vn 0.7356548 -0.1514592 -0.6602061
vn 0.6960570 0.6949861 0.1802749
vn -0.3392363 0.8626644 -0.3751383
vn -0.5010955 0.8609938 0.0871373
vn 0.2935649 0.9529049 -0.0761037
vn -0.9043713 0.4170845 -0.0902948
vn -0.9117484 -0.0677793 -0.4051182
vn 0.0594334 0.6488358 -0.7586039
vn -0.4482644 -0.6290148 0.6351374
vn -0.1647044 0.7176179 0.6766809
vn -0.3392363 0.8626644 -0.3751383
vn 0.5676203 -0.1390258 0.8114672
vn 0.0022533 -0.2136326 0.9769114
vn 0.2602971 -0.7620432 0.5929042
vn 0.9915590 -0.1159769 -0.0579641
vn 0.6829436 -0.7247955 0.0908816
vn 0.8835934 0.2900904 0.3675734
vn 0.2602971 -0.7620432 0.5929042
vn 0.0022533 -0.2136326 0.9769114
vn -0.4482659 -0.6290138 0.6351371
vn -0.9062676 -0.0695648 0.4169410
vn -0.8799249 -0.4750929 0.0043601
vn -0.5010942 0.8609947 0.0871367
vn -0.1647015 0.7176183 0.6766812
vn 0.2935659 0.9529046 -0.0761043
vn -0.0548919 0.0270874 -0.9981248
vn 0.1714664 -0.2522606 -0.9523465
vn -0.1505636 -0.5285822 -0.8354229
vn -0.1505636 -0.5285822 -0.8354229
vn -0.5913418 -0.3246951 -0.7381653
vn -0.4217690 0.3153655 -0.8500915
vn 0.3260942 0.2287142 -0.9172527
vn -0.4217690 0.3153655 -0.8500915
vn 0.0594356 0.6488351 -0.7586042
vn -0.0548919 0.0270874 -0.9981248
vn -0.0391654 -0.1095122 0.9932135
vn 0.2420234 0.0786181 0.9670801
vn -0.0029548 -0.0362381 0.9993388
vn 0.2622270 0.6163811 0.7425033
vn -0.0029548 -0.0362381 0.9993388
vn -0.5437587 0.2822192 0.7903662
vn -0.0391654 -0.1095122 0.9932135
vn -0.3761699 -0.0103094 0.9264933
vn 0.4866318 -0.7520028 -0.4446136
vn -0.2262514 -0.9702533 -0.0861321
vn -0.1505636 -0.5285822 -0.8354229
vn -0.2262514 -0.9702533 -0.0861321
vn 0.7330675 0.4831090 -0.4787668
vn 0.7356582 -0.1514585 -0.6602023
vn 0.6960577 0.6949856 0.1802741
vn -0.3392366 0.8626643 -0.3751383
vn -0.5010942 0.8609947 0.0871367
vn 0.2935659 0.9529046 -0.0761043
vn -0.9043720 0.4170824 -0.0902964
vn -0.9117478 -0.0677821 -0.4051191
vn 0.0594356 0.6488351 -0.7586042
vn -0.4482659 -0.6290138 0.6351371
vn -0.1647015 0.7176183 0.6766812
vn -0.3392366 0.8626643 -0.3751383
vn 0.5676229 -0.1390251 0.8114656
vn 0.0022552 -0.2136344 0.9769111
vn 0.2602980 -0.7620432 0.5929039
vn 0.9915591 -0.1159770 -0.0579648
vn 0.6829441 -0.7247950 0.0908816
vn 0.8835927 0.2900904 0.3675750
vn 0.2602980 -0.7620432 0.5929039
vn 0.0022552 -0.2136344 0.9769111
vn -0.4482631 -0.6290151 0.6351379
vn -0.9062698 -0.0695631 0.4169364
vn -0.8799246 -0.4750934 0.0043615
vn -0.5010973 0.8609927 0.0871376
vn -0.1647025 0.7176185 0.6766808
vn 0.2935643 0.9529051 -0.0761041
vn -0.0548903 0.0270868 -0.9981249
vn 0.1714676 -0.2522592 -0.9523467
vn -0.1505675 -0.5285820 -0.8354223
vn -0.1505675 -0.5285820 -0.8354223
vn -0.5913489 -0.3246922 -0.7381607
vn -0.4217687 0.3153660 -0.8500914
vn 0.3260939 0.2287131 -0.9172530
vn -0.4217687 0.3153660 -0.8500914
vn 0.0594330 0.6488350 -0.7586045
vn -0.0548903 0.0270868 -0.9981249
vn -0.0391667 -0.1095207 0.9932125
vn 0.2419550 0.0786189 0.9670972
vn -0.0029450 -0.0362389 0.9993387
vn 0.2622368 0.6163803 0.7425005
vn -0.0029450 -0.0362389 0.9993387
vn -0.5437627 0.2822191 0.7903634
vn -0.0391667 -0.1095207 0.9932125
vn -0.3761801 -0.0103102 0.9264892
vn 0.4866324 -0.7520030 -0.4446125
vn -0.2262515 -0.9702535 -0.0861311
vn -0.1505675 -0.5285820 -0.8354223
vn -0.2262515 -0.9702535 -0.0861311
vn 0.7330673 0.4831095 -0.4787667
vn 0.7356554 -0.1514579 -0.6602058
vn 0.6960590 0.6949842 0.1802745
vn -0.3392356 0.8626647 -0.3751385
vn -0.5010973 0.8609927 0.0871376
vn 0.2935643 0.9529051 -0.0761041
vn -0.9043713 0.4170839 -0.0902959
vn -0.9117480 -0.0677808 -0.4051186
vn 0.0594330 0.6488350 -0.7586045
vn -0.4482631 -0.6290151 0.6351379
vn -0.1647025 0.7176185 0.6766808
vn -0.3392356 0.8626647 -0.3751385
vn 0.5676202 -0.1390273 0.8114671
vn 0.0022499 -0.2136326 0.9769114
vn 0.2602957 -0.7620440 0.5929040
vn 0.9915591 -0.1159775 -0.0579631
vn 0.6829420 -0.7247969 0.0908832
vn 0.8835943 0.2900894 0.3675719
vn 0.2602957 -0.7620440 0.5929040
vn 0.0022499 -0.2136326 0.9769114
vn -0.4482669 -0.6290138 0.6351364
vn -0.9062675 -0.0695648 0.4169414
vn -0.8799246 -0.4750933 0.0043602
vn -0.5010951 0.8609942 0.0871366
vn -0.1647022 0.7176181 0.6766812
vn 0.2935650 0.9529049 -0.0761039
vn -0.0548895 0.0270872 -0.9981250
vn 0.1714644 -0.2522601 -0.9523470
vn -0.1505663 -0.5285820 -0.8354226
vn -0.1505663 -0.5285820 -0.8354226
vn -0.5913430 -0.3246938 -0.7381648
vn -0.4217685 0.3153658 -0.8500916
vn 0.3260920 0.2287135 -0.9172536
vn -0.4217685 0.3153658 -0.8500916
vn 0.0594337 0.6488354 -0.7586042
vn -0.0548895 0.0270872 -0.9981250
vn -0.0391676 -0.1095172 0.9932129
vn 0.2420245 0.0786189 0.9670797
vn -0.0029516 -0.0362390 0.9993387
vn 0.2622304 0.6163809 0.7425023
vn -0.0029516 -0.0362390 0.9993387
vn -0.5437601 0.2822193 0.7903653
vn -0.0391676 -0.1095172 0.9932129
vn -0.3761750 -0.0103119 0.9264912
vn 0.4866321 -0.7520030 -0.4446130
vn -0.2262503 -0.9702536 -0.0861318
vn -0.1505663 -0.5285820 -0.8354226
vn -0.2262503 -0.9702536 -0.0861318
vn 0.7330664 0.4831094 -0.4787681
vn 0.7356555 -0.1514581 -0.6602055
vn 0.6960576 0.6949857 0.1802735
vn -0.3392365 0.8626643 -0.3751385
vn -0.5010951 0.8609942 0.0871366
vn 0.2935650 0.9529049 -0.0761039
vn -0.9043718 0.4170830 -0.0902964
vn -0.9117487 -0.0677802 -0.4051173
vn 0.0594337 0.6488354 -0.7586042
vn -0.4482669 -0.6290138 0.6351364
vn -0.1647022 0.7176181 0.6766812
vn -0.3392365 0.8626643 -0.3751385
vn 0.5676212 -0.1390254 0.8114666
vn 0.0022549 -0.2136342 0.9769111
vn 0.2602963 -0.7620440 0.5929036
vn 0.9915591 -0.1159765 -0.0579651
vn 0.6829436 -0.7247956 0.0908814
vn 0.8835922 0.2900917 0.3675753
vn 0.2602963 -0.7620440 0.5929036
vn 0.0022549 -0.2136342 0.9769111
vn -0.4482642 -0.6290147 0.6351375
vn -0.9062709 -0.0695628 0.4169342
vn -0.8799248 -0.4750929 0.0043613
vn -0.5010957 0.8609937 0.0871368
vn -0.1647033 0.7176182 0.6766809
vn 0.2935648 0.9529049 -0.0761043
vn -0.0548898 0.0270874 -0.9981250
vn 0.1714637 -0.2522598 -0.9523473
vn -0.1505670 -0.5285820 -0.8354224
vn -0.1505670 -0.5285820 -0.8354224
vn -0.5913469 -0.3246926 -0.7381622
vn -0.4217683 0.3153662 -0.8500915
vn 0.3260952 0.2287136 -0.9172524
vn -0.4217683 0.3153662 -0.8500915
vn 0.0594342 0.6488358 -0.7586038
vn -0.0548898 0.0270874 -0.9981250
vn -0.0391690 -0.1095212 0.9932124
vn 0.2419917 0.0786164 0.9670882
vn -0.0029492 -0.0362386 0.9993387
vn 0.2622335 0.6163804 0.7425017
vn -0.0029492 -0.0362386 0.9993387
vn -0.5437627 0.2822200 0.7903631
vn -0.0391690 -0.1095212 0.9932124
vn -0.3761770 -0.0103091 0.9264905
vn 0.4866322 -0.7520028 -0.4446131
vn -0.2262511 -0.9702535 -0.0861314
vn -0.1505670 -0.5285820 -0.8354224
vn -0.2262511 -0.9702535 -0.0861314
vn 0.7330685 0.4831083 -0.4787661
vn 0.7356544 -0.1514600 -0.6602064
vn 0.6960591 0.6949844 0.1802731
vn -0.3392359 0.8626645 -0.3751386
vn -0.5010957 0.8609937 0.0871368
vn 0.2935648 0.9529049 -0.0761043
vn -0.9043716 0.4170837 -0.0902958
vn -0.9117482 -0.0677801 -0.4051184
vn 0.0594342 0.6488358 -0.7586038
vn -0.4482642 -0.6290147 0.6351375
vn -0.1647033 0.7176182 0.6766809
vn -0.3392359 0.8626645 -0.3751386
vn 0.5676205 -0.1390255 0.8114671
vn 0.0022528 -0.2136325 0.9769114
vn 0.2602971 -0.7620436 0.5929039
vn 0.9915592 -0.1159760 -0.0579645
vn 0.6829440 -0.7247950 0.0908819
vn 0.8835932 0.2900910 0.3675732
vn 0.2602971 -0.7620436 0.5929039
vn 0.0022528 -0.2136325 0.9769114
vn -0.4482649 -0.6290144 0.6351373
vn -0.9062676 -0.0695640 0.4169410
vn -0.8799244 -0.4750936 0.0043611
vn -0.5010955 0.8609939 0.0871371
vn -0.1647032 0.7176181 0.6766809
vn 0.2935655 0.9529047 -0.0761037
vn -0.0548888 0.0270854 -0.9981250
vn 0.1714658 -0.2522618 -0.9523463
vn -0.1505650 -0.5285833 -0.8354220
vn -0.1505650 -0.5285833 -0.8354220
vn -0.5913448 -0.3246929 -0.7381638
vn -0.4217693 0.3153657 -0.8500912
vn 0.3260943 0.2287140 -0.9172526
vn -0.4217693 0.3153657 -0.8500912
vn 0.0594339 0.6488354 -0.7586041
vn -0.0548888 0.0270854 -0.9981250
vn -0.0391694 -0.1095197 0.9932126
vn 0.2419853 0.0786135 0.9670900
vn -0.0029490 -0.0362396 0.9993388
vn 0.2622346 0.6163811 0.7425007
vn -0.0029490 -0.0362396 0.9993388
vn -0.5437625 0.2822192 0.7903636
vn -0.0391694 -0.1095197 0.9932126
vn -0.3761793 -0.0103137 0.9264895
vn 0.4866318 -0.7520027 -0.4446137
vn -0.2262508 -0.9702535 -0.0861327
vn -0.1505650 -0.5285833 -0.8354220
vn -0.2262508 -0.9702535 -0.0861327
vn 0.7330678 0.4831092 -0.4787661
vn 0.7356557 -0.1514593 -0.6602052
vn 0.6960592 0.6949840 0.1802743
vn -0.3392365 0.8626640 -0.3751391
vn -0.5010955 0.8609939 0.0871371
vn 0.2935655 0.9529047 -0.0761037
vn -0.9043713 0.4170844 -0.0902948
vn -0.9117487 -0.0677798 -0.4051174
vn 0.0594339 0.6488354 -0.7586041
vn -0.4482649 -0.6290144 0.6351373
vn -0.1647032 0.7176181 0.6766809
vn -0.3392365 0.8626640 -0.3751391
vn 0.5676208 -0.1390254 0.8114669
vn 0.0022542 -0.2136348 0.9769110
vn 0.2602984 -0.7620450 0.5929014
vn 0.9915591 -0.1159766 -0.0579652
vn 0.6829440 -0.7247952 0.0908811
vn 0.8835928 0.2900910 0.3675742
vn 0.2602984 -0.7620450 0.5929014
vn 0.0022542 -0.2136348 0.9769110
vn -0.4482657 -0.6290161 0.6351351
vn -0.9062706 -0.0695642 0.4169344
vn -0.8799244 -0.4750937 0.0043619
vn -0.5010963 0.8609934 0.0871375
vn -0.1647027 0.7176190 0.6766801
vn 0.2935648 0.9529051 -0.0761037
vn -0.0548894 0.0270875 -0.9981250
vn 0.1714682 -0.2522590 -0.9523466
vn -0.1505643 -0.5285819 -0.8354229
vn -0.1505643 -0.5285819 -0.8354229
vn -0.5913453 -0.3246944 -0.7381627
vn -0.4217695 0.3153664 -0.8500909
vn 0.3260932 0.2287139 -0.9172531
vn -0.4217695 0.3153664 -0.8500909
vn 0.0594318 0.6488357 -0.7586041
vn -0.0548894 0.0270875 -0.9981250
vn -0.0391660 -0.1095144 0.9932132
vn 0.2420541 0.0786246 0.9670718
vn -0.0029503 -0.0362366 0.9993389
vn 0.2622348 0.6163830 0.7424991
vn -0.0029503 -0.0362366 0.9993389
vn -0.5437657 0.2822189 0.7903615
vn -0.0391660 -0.1095144 0.9932132
vn -0.3761783 -0.0103109 0.9264899
vn 0.4866324 -0.7520028 -0.4446130
vn -0.2262517 -0.9702533 -0.0861311
vn -0.1505643 -0.5285819 -0.8354229
vn -0.2262517 -0.9702533 -0.0861311
vn 0.7330675 0.4831090 -0.4787669
vn 0.7356557 -0.1514589 -0.6602051
vn 0.6960564 0.6949864 0.1802759
vn -0.3392364 0.8626642 -0.3751387
vn -0.5010963 0.8609934 0.0871375
vn 0.2935648 0.9529051 -0.0761037
vn -0.9043713 0.4170842 -0.0902964
vn -0.9117487 -0.0677804 -0.4051175
vn 0.0594318 0.6488357 -0.7586041
vn -0.4482657 -0.6290161 0.6351351
vn -0.1647027 0.7176190 0.6766801
vn -0.3392364 0.8626642 -0.3751387
vn 0.5676218 -0.1390260 0.8114661
vn 0.0022498 -0.2136344 0.9769111
vn 0.2602933 -0.7620443 0.5929046
vn 0.9915591 -0.1159766 -0.0579651
vn 0.6829438 -0.7247953 0.0908818
vn 0.8835931 0.2900913 0.3675734
vn 0.2602933 -0.7620443 0.5929046
vn 0.0022498 -0.2136344 0.9769111
vn -0.4482646 -0.6290148 0.6351372
vn -0.9062693 -0.0695632 0.4169375
vn -0.8799248 -0.4750930 0.0043609
vn -0.5010959 0.8609936 0.0871374
vn -0.1647039 0.7176179 0.6766811
vn 0.2935648 0.9529049 -0.0761038
vn -0.0548885 0.0270873 -0.9981250
vn 0.1714681 -0.2522586 -0.9523467
vn -0.1505622 -0.5285827 -0.8354229
vn -0.1505622 -0.5285827 -0.8354229
vn -0.5913426 -0.3246942 -0.7381650
vn -0.4217679 0.3153667 -0.8500915
vn 0.3260957 0.2287131 -0.9172523
vn -0.4217679 0.3153667 -0.8500915
vn 0.0594319 0.6488356 -0.7586040
vn -0.0548885 0.0270873 -0.9981250
vn -0.0391658 -0.1095237 0.9932123
vn 0.2419737 0.0786182 0.9670925
vn -0.0029486 -0.0362390 0.9993387
vn 0.2622344 0.6163805 0.7425014
vn -0.0029486 -0.0362390 0.9993387
vn -0.5437626 0.2822195 0.7903634
vn -0.0391658 -0.1095237 0.9932123
vn -0.3761830 -0.0103114 0.9264879
vn 0.4866324 -0.7520028 -0.4446129
vn -0.2262515 -0.9702533 -0.0861316
vn -0.1505622 -0.5285827 -0.8354229
vn -0.2262515 -0.9702533 -0.0861316
vn 0.7330688 0.4831084 -0.4787654
vn 0.7356568 -0.1514590 -0.6602039
vn 0.6960580 0.6949854 0.1802735
vn -0.3392373 0.8626640 -0.3751385
vn -0.5010959 0.8609936 0.0871374
vn 0.2935648 0.9529049 -0.0761038
vn -0.9043708 0.4170854 -0.0902955
vn -0.9117481 -0.0677807 -0.4051185
vn 0.0594319 0.6488356 -0.7586040
vn -0.4482646 -0.6290148 0.6351372
vn -0.1647039 0.7176179 0.6766811
vn -0.3392373 0.8626640 -0.3751385
vn 0.5676220 -0.1390257 0.8114660
vn 0.0022538 -0.2136333 0.9769113
vn 0.2602971 -0.7620440 0.5929034
vn 0.9915591 -0.1159777 -0.0579643
vn 0.6829432 -0.7247958 0.0908819
vn 0.8835921 0.2900912 0.3675758
vn 0.2602971 -0.7620440 0.5929034
vn 0.0022538 -0.2136333 0.9769113
vn -0.4482630 -0.6290151 0.6351380
vn -0.9062706 -0.0695631 0.4169346
vn -0.8799246 -0.4750932 0.0043621
vn -0.5010954 0.8609938 0.0871377
vn -0.1647029 0.7176181 0.6766810
vn 0.2935650 0.9529049 -0.0761043
vn -0.0548861 0.0270873 -0.9981251
vn 0.1714653 -0.2522597 -0.9523469
vn -0.1505661 -0.5285832 -0.8354217
vn -0.1505661 -0.5285832 -0.8354217
vn -0.5913487 -0.3246927 -0.7381607
vn -0.4217678 0.3153667 -0.8500916
vn 0.3260948 0.2287136 -0.9172527
vn -0.4217678 0.3153667 -0.8500916
vn 0.0594332 0.6488358 -0.7586039
vn -0.0548861 0.0270873 -0.9981251
vn -0.0391658 -0.1095212 0.9932125
vn 0.2419534 0.0786193 0.9670975
vn -0.0029452 -0.0362391 0.9993387
vn 0.2622358 0.6163802 0.7425011
vn -0.0029452 -0.0362391 0.9993387
vn -0.5437633 0.2822205 0.7903626
vn -0.0391658 -0.1095212 0.9932125
vn -0.3761773 -0.0103105 0.9264903
vn 0.4866314 -0.7520033 -0.4446133
vn -0.2262516 -0.9702533 -0.0861316
vn -0.1505661 -0.5285832 -0.8354217
vn -0.2262516 -0.9702533 -0.0861316
vn 0.7330678 0.4831090 -0.4787664
vn 0.7356544 -0.1514600 -0.6602062
vn 0.6960584 0.6949849 0.1802739
vn -0.3392352 0.8626647 -0.3751386
vn -0.5010954 0.8609938 0.0871377
vn 0.2935650 0.9529049 -0.0761043
vn -0.9043710 0.4170847 -0.0902957
vn -0.9117486 -0.0677790 -0.4051177
vn 0.0594332 0.6488358 -0.7586039
vn -0.4482630 -0.6290151 0.6351380
vn -0.1647029 0.7176181 0.6766810
vn -0.3392352 0.8626647 -0.3751386
vn 0.5676216 -0.1390263 0.8114662
vn 0.0022514 -0.2136329 0.9769115
vn 0.2602960 -0.7620439 0.5929039
vn 0.9915591 -0.1159765 -0.0579642
vn 0.6829432 -0.7247958 0.0908822
vn 0.8835942 0.2900902 0.3675717
vn 0.2602960 -0.7620439 0.5929039
vn 0.0022514 -0.2136329 0.9769115
vn -0.4482682 -0.6290133 0.6351361
vn -0.9062676 -0.0695646 0.4169409
vn -0.8799245 -0.4750934 0.0043601
vn -0.5010949 0.8609942 0.0871368
vn -0.1647026 0.7176182 0.6766809
vn 0.2935658 0.9529046 -0.0761041
vn -0.0548878 0.0270855 -0.9981251
vn 0.1714643 -0.2522607 -0.9523469
vn -0.1505657 -0.5285833 -0.8354218
vn -0.1505657 -0.5285833 -0.8354218
vn -0.5913443 -0.3246925 -0.7381644
vn -0.4217689 0.3153660 -0.8500912
vn 0.3260931 0.2287131 -0.9172533
vn -0.4217689 0.3153660 -0.8500912
vn 0.0594330 0.6488359 -0.7586038
vn -0.0548878 0.0270855 -0.9981251
vn -0.0391713 -0.1095149 0.9932129
vn 0.2420509 0.0786179 0.9670732
vn -0.0029553 -0.0362382 0.9993388
vn 0.2622292 0.6163810 0.7425027
vn -0.0029553 -0.0362382 0.9993388
vn -0.5437598 0.2822194 0.7903655
vn -0.0391713 -0.1095149 0.9932129
vn -0.3761774 -0.0103105 0.9264902
vn 0.4866321 -0.7520025 -0.4446137
vn -0.2262510 -0.9702535 -0.0861318
vn -0.1505657 -0.5285833 -0.8354218
vn -0.2262510 -0.9702535 -0.0861318
vn 0.7330680 0.4831090 -0.4787662
vn 0.7356549 -0.1514597 -0.6602059
vn 0.6960582 0.6949852 0.1802732
vn -0.3392360 0.8626645 -0.3751383
vn -0.5010949 0.8609942 0.0871368
vn 0.2935658 0.9529046 -0.0761041
vn -0.9043719 0.4170827 -0.0902964
vn -0.9117484 -0.0677802 -0.4051181
vn 0.0594330 0.6488359 -0.7586038
vn -0.4482682 -0.6290133 0.6351361
vn -0.1647026 0.7176182 0.6766809
vn -0.3392360 0.8626645 -0.3751383
vn 0.5676207 -0.1390259 0.8114668
vn 0.0022540 -0.2136329 0.9769115
vn 0.2602968 -0.7620434 0.5929041
vn 0.9915592 -0.1159759 -0.0579640
vn 0.6829439 -0.7247950 0.0908824
vn 0.8835928 0.2900912 0.3675742
vn 0.2602968 -0.7620434 0.5929041
vn 0.0022540 -0.2136329 0.9769115
vn -0.4482675 -0.6290132 0.6351367
vn -0.9062688 -0.0695629 0.4169389
vn -0.8799250 -0.4750926 0.0043600
vn -0.5010954 0.8609939 0.0871371
vn -0.1647015 0.7176181 0.6766813
vn 0.2935651 0.9529049 -0.0761039
vn -0.0548890 0.0270874 -0.9981250
vn 0.1714625 -0.2522595 -0.9523475
vn -0.1505671 -0.5285820 -0.8354224
vn -0.1505671 -0.5285820 -0.8354224
vn -0.5913453 -0.3246936 -0.7381632
vn -0.4217690 0.3153659 -0.8500913
vn 0.3260933 0.2287135 -0.9172531
vn -0.4217690 0.3153659 -0.8500913
vn 0.0594335 0.6488353 -0.7586043
vn -0.0548890 0.0270874 -0.9981250
vn -0.0391659 -0.1095176 0.9932129
vn 0.2420272 0.0786200 0.9670789
vn -0.0029502 -0.0362387 0.9993387
vn 0.2622306 0.6163808 0.7425023
vn -0.0029502 -0.0362387 0.9993387
vn -0.5437592 0.2822206 0.7903653
vn -0.0391659 -0.1095176 0.9932129
vn -0.3761770 -0.0103110 0.9264904
vn 0.4866312 -0.7520035 -0.4446132
vn -0.2262516 -0.9702533 -0.0861319
vn -0.1505671 -0.5285820 -0.8354224
vn -0.2262516 -0.9702533 -0.0861319
vn 0.7330673 0.4831097 -0.4787665
vn 0.7356557 -0.1514591 -0.6602050
vn 0.6960582 0.6949853 0.1802731
vn -0.3392358 0.8626645 -0.3751387
vn -0.5010954 0.8609939 0.0871371
vn 0.2935651 0.9529049 -0.0761039
vn -0.9043714 0.4170836 -0.0902958
vn -0.9117483 -0.0677814 -0.4051180
vn 0.0594335 0.6488353 -0.7586043
vn -0.4482675 -0.6290132 0.6351367
vn -0.1647015 0.7176181 0.6766813
vn -0.3392358 0.8626645 -0.3751387
vn 0.5676191 -0.1390257 0.8114680
vn 0.0022546 -0.2136317 0.9769117
vn 0.2602994 -0.7620431 0.5929035
vn 0.9915592 -0.1159757 -0.0579646
vn 0.6829445 -0.7247946 0.0908823
vn 0.8835936 0.2900910 0.3675723
vn 0.2602994 -0.7620431 0.5929035
vn 0.0022546 -0.2136317 0.9769117
vn -0.4482656 -0.6290139 0.6351374
vn -0.9062677 -0.0695656 0.4169405
vn -0.8799248 -0.4750931 0.0043607
vn -0.5010957 0.8609939 0.0871359
vn -0.1646996 0.7176185 0.6766813
vn 0.2935657 0.9529047 -0.0761038
vn -0.0548842 0.0270874 -0.9981252
vn 0.1714641 -0.2522586 -0.9523474
vn -0.1505673 -0.5285832 -0.8354216
vn -0.1505673 -0.5285832 -0.8354216
vn -0.5913528 -0.3246925 -0.7381576
vn -0.4217701 0.3153660 -0.8500907
vn 0.3260977 0.2287136 -0.9172515
vn -0.4217701 0.3153660 -0.8500907
vn 0.0594354 0.6488353 -0.7586040
vn -0.0548842 0.0270874 -0.9981252
vn -0.0391610 -0.1095163 0.9932132
vn 0.2420251 0.0786197 0.9670795
vn -0.0029508 -0.0362396 0.9993387
vn 0.2622287 0.6163808 0.7425030
vn -0.0029508 -0.0362396 0.9993387
vn -0.5437587 0.2822187 0.7903664
vn -0.0391610 -0.1095163 0.9932132
vn -0.3761744 -0.0103112 0.9264916
vn 0.4866321 -0.7520031 -0.4446129
vn -0.2262517 -0.9702533 -0.0861317
vn -0.1505673 -0.5285832 -0.8354216
vn -0.2262517 -0.9702533 -0.0861317
vn 0.7330698 0.4831084 -0.4787638
vn 0.7356560 -0.1514594 -0.6602046
vn 0.6960602 0.6949836 0.1802723
vn -0.3392370 0.8626642 -0.3751383
vn -0.5010957 0.8609939 0.0871359
vn 0.2935657 0.9529047 -0.0761038
vn -0.9043722 0.4170820 -0.0902969
vn -0.9117484 -0.0677816 -0.4051178
vn 0.0594354 0.6488353 -0.7586040
vn -0.4482656 -0.6290139 0.6351374
vn -0.1646996 0.7176185 0.6766813
vn -0.3392370 0.8626642 -0.3751383
vn 0.5676222 -0.1390257 0.8114658
vn 0.0022525 -0.2136344 0.9769111
vn 0.2602942 -0.7620442 0.5929043
vn 0.9915591 -0.1159771 -0.0579645
vn 0.6829433 -0.7247956 0.0908821
vn 0.8835927 0.2900903 0.3675752
vn 0.2602942 -0.7620442 0.5929043
vn 0.0022525 -0.2136344 0.9769111
vn -0.4482647 -0.6290144 0.6351375
vn -0.9062696 -0.0695636 0.4169369
vn -0.8799245 -0.4750933 0.0043617
vn -0.5010966 0.8609931 0.0871375
vn -0.1647055 0.7176178 0.6766807
vn 0.2935653 0.9529047 -0.0761046
vn -0.0548904 0.0270870 -0.9981249
vn 0.1714664 -0.2522601 -0.9523466
vn -0.1505668 -0.5285817 -0.8354226
vn -0.1505668 -0.5285817 -0.8354226
vn -0.5913466 -0.3246927 -0.7381625
vn -0.4217676 0.3153663 -0.8500918
vn 0.3260938 0.2287137 -0.9172528
vn -0.4217676 0.3153663 -0.8500918
vn 0.0594336 0.6488351 -0.7586044
vn -0.0548904 0.0270870 -0.9981249
vn -0.0391701 -0.1095184 0.9932126
vn 0.2419716 0.0786173 0.9670931
vn -0.0029473 -0.0362383 0.9993388
vn 0.2622347 0.6163805 0.7425011
vn -0.0029473 -0.0362383 0.9993388
vn -0.5437627 0.2822192 0.7903634
vn -0.0391701 -0.1095184 0.9932126
vn -0.3761802 -0.0103096 0.9264892
vn 0.4866325 -0.7520025 -0.4446133
vn -0.2262511 -0.9702534 -0.0861314
vn -0.1505668 -0.5285817 -0.8354226
vn -0.2262511 -0.9702534 -0.0861314
vn 0.7330672 0.4831091 -0.4787672
vn 0.7356560 -0.1514588 -0.6602048
vn 0.6960593 0.6949837 0.1802747
vn -0.3392359 0.8626644 -0.3751387
vn -0.5010966 0.8609931 0.0871375
vn 0.2935653 0.9529047 -0.0761046
vn -0.9043711 0.4170845 -0.0902956
vn -0.9117486 -0.0677804 -0.4051177
vn 0.0594336 0.6488351 -0.7586044
vn -0.4482647 -0.6290144 0.6351375
vn -0.1647055 0.7176178 0.6766807
vn -0.3392359 0.8626644 -0.3751387
vn 0.5676209 -0.1390265 0.8114668
vn 0.0022525 -0.2136324 0.9769115
vn 0.2602960 -0.7620441 0.5929037
vn 0.9915591 -0.1159772 -0.0579644
vn 0.6829431 -0.7247959 0.0908822
vn 0.8835939 0.2900905 0.3675724
vn 0.2602960 -0.7620441 0.5929037
vn 0.0022525 -0.2136324 0.9769115
vn -0.4482647 -0.6290142 0.6351377
vn -0.9062673 -0.0695646 0.4169416
vn -0.8799244 -0.4750936 0.0043622
vn -0.5010955 0.8609939 0.0871366
vn -0.1647049 0.7176182 0.6766804
vn 0.2935658 0.9529046 -0.0761038
vn -0.0548914 0.0270852 -0.9981249
vn 0.1714678 -0.2522617 -0.9523460
vn -0.1505652 -0.5285832 -0.8354220
vn -0.1505652 -0.5285832 -0.8354220
vn -0.5913443 -0.3246913 -0.7381649
vn -0.4217690 0.3153669 -0.8500910
vn 0.3260939 0.2287139 -0.9172528
vn -0.4217690 0.3153669 -0.8500910
vn 0.0594338 0.6488361 -0.7586035
vn -0.0548914 0.0270852 -0.9981249
vn -0.0391700 -0.1095195 0.9932126
vn 0.2419859 0.0786132 0.9670897
vn -0.0029519 -0.0362394 0.9993387
vn 0.2622349 0.6163807 0.7425009
vn -0.0029519 -0.0362394 0.9993387
vn -0.5437642 0.2822191 0.7903625
vn -0.0391700 -0.1095195 0.9932126
vn -0.3761791 -0.0103137 0.9264895
vn 0.4866325 -0.7520030 -0.4446125
vn -0.2262511 -0.9702533 -0.0861324
vn -0.1505652 -0.5285832 -0.8354220
vn -0.2262511 -0.9702533 -0.0861324
vn 0.7330685 0.4831089 -0.4787655
vn 0.7356578 -0.1514586 -0.6602030
vn 0.6960594 0.6949840 0.1802736
vn -0.3392360 0.8626645 -0.3751385
vn -0.5010955 0.8609939 0.0871366
vn 0.2935658 0.9529046 -0.0761038
vn -0.9043716 0.4170836 -0.0902952
vn -0.9117488 -0.0677782 -0.4051175
vn 0.0594338 0.6488361 -0.7586035
vn -0.4482647 -0.6290142 0.6351377
vn -0.1647049 0.7176182 0.6766804
vn -0.3392360 0.8626645 -0.3751385
vn 0.5676192 -0.1390261 0.8114679
vn 0.0022541 -0.2136365 0.9769107
vn 0.2602972 -0.7620460 0.5929006
vn 0.9915590 -0.1159777 -0.0579660
vn 0.6829446 -0.7247947 0.0908810
vn 0.8835937 0.2900893 0.3675734
vn 0.2602972 -0.7620460 0.5929006
vn 0.0022541 -0.2136365 0.9769107
vn -0.4482695 -0.6290129 0.6351356
vn -0.9062679 -0.0695638 0.4169405
vn -0.8799233 -0.4750957 0.0043613
vn -0.5010954 0.8609939 0.0871365
vn -0.1647016 0.7176155 0.6766840
vn 0.2935644 0.9529051 -0.0761034
vn -0.0548930 0.0270868 -0.9981247
vn 0.1714679 -0.2522604 -0.9523463
vn -0.1505613 -0.5285833 -0.8354226
vn -0.1505613 -0.5285833 -0.8354226
vn -0.5913437 -0.3246943 -0.7381641
vn -0.4217660 0.3153682 -0.8500918
vn 0.3260836 0.2287185 -0.9172553
vn -0.4217660 0.3153682 -0.8500918
vn 0.0594343 0.6488389 -0.7586011
vn -0.0548930 0.0270868 -0.9981247
vn -0.0391834 -0.1095268 0.9932112
vn 0.2420568 0.0786216 0.9670715
vn -0.0029549 -0.0362437 0.9993387
vn 0.2622414 0.6163794 0.7424996
vn -0.0029549 -0.0362437 0.9993387
vn -0.5437628 0.2822199 0.7903631
vn -0.0391834 -0.1095268 0.9932112
vn -0.3761904 -0.0103154 0.9264849
vn 0.4866335 -0.7520033 -0.4446110
vn -0.2262518 -0.9702533 -0.0861318
vn -0.1505613 -0.5285833 -0.8354226
vn -0.2262518 -0.9702533 -0.0861318
vn 0.7330661 0.4831112 -0.4787666
vn 0.7356598 -0.1514566 -0.6602010
vn 0.6960589 0.6949847 0.1802723
vn -0.3392329 0.8626657 -0.3751386
vn -0.5010954 0.8609939 0.0871365
vn 0.2935644 0.9529051 -0.0761034
vn -0.9043713 0.4170841 -0.0902966
vn -0.9117489 -0.0677794 -0.4051171
vn 0.0594343 0.6488389 -0.7586011
vn -0.4482695 -0.6290129 0.6351356
vn -0.1647016 0.7176155 0.6766840
vn -0.3392329 0.8626657 -0.3751386
vn 0.5676232 -0.1390258 0.8114651
vn 0.0022568 -0.2136325 0.9769114
vn 0.2602994 -0.7620433 0.5929032
vn 0.9915591 -0.1159783 -0.0579625
vn 0.6829434 -0.7247956 0.0908825
vn 0.8835927 0.2900907 0.3675749
vn 0.2602994 -0.7620433 0.5929032
vn 0.0022568 -0.2136325 0.9769114
vn -0.4482664 -0.6290144 0.6351362
vn -0.9062697 -0.0695640 0.4169363
vn -0.8799238 -0.4750947 0.0043613
vn -0.5010941 0.8609947 0.0871368
vn -0.1647027 0.7176184 0.6766807
vn 0.2935665 0.9529045 -0.0761039
vn -0.0548857 0.0270873 -0.9981251
vn 0.1714641 -0.2522587 -0.9523473
vn -0.1505681 -0.5285824 -0.8354220
vn -0.1505681 -0.5285824 -0.8354220
vn -0.5913484 -0.3246931 -0.7381608
vn -0.4217698 0.3153655 -0.8500911
vn 0.3260898 0.2287140 -0.9172543
vn -0.4217698 0.3153655 -0.8500911
vn 0.0594322 0.6488356 -0.7586040
vn -0.0548857 0.0270873 -0.9981251
vn -0.0391713 -0.1095149 0.9932129
vn 0.2420612 0.0786170 0.9670707
vn -0.0029503 -0.0362382 0.9993388
vn 0.2622285 0.6163815 0.7425025
vn -0.0029503 -0.0362382 0.9993388
vn -0.5437604 0.2822204 0.7903647
vn -0.0391713 -0.1095149 0.9932129
vn -0.3761725 -0.0103108 0.9264922
vn 0.4866325 -0.7520028 -0.4446127
vn -0.2262514 -0.9702535 -0.0861317
vn -0.1505681 -0.5285824 -0.8354220
vn -0.2262514 -0.9702535 -0.0861317
vn 0.7330669 0.4831088 -0.4787678
vn 0.7356547 -0.1514570 -0.6602067
vn 0.6960571 0.6949860 0.1802746
vn -0.3392369 0.8626643 -0.3751381
vn -0.5010941 0.8609947 0.0871368
vn 0.2935665 0.9529045 -0.0761039
vn -0.9043718 0.4170830 -0.0902964
vn -0.9117482 -0.0677824 -0.4051179
vn 0.0594322 0.6488356 -0.7586040
vn -0.4482664 -0.6290144 0.6351362
vn -0.1647027 0.7176184 0.6766807
vn -0.3392369 0.8626643 -0.3751381
vn 0.5676206 -0.1390263 0.8114669
vn 0.0022529 -0.2136329 0.9769114
vn 0.2602962 -0.7620440 0.5929038
vn 0.9915592 -0.1159765 -0.0579637
vn 0.6829426 -0.7247963 0.0908824
vn 0.8835940 0.2900898 0.3675723
vn 0.2602962 -0.7620440 0.5929038
vn 0.0022529 -0.2136329 0.9769114
vn -0.4482663 -0.6290138 0.6351370
vn -0.9062688 -0.0695640 0.4169383
vn -0.8799248 -0.4750928 0.0043606
vn -0.5010944 0.8609946 0.0871368
vn -0.1647014 0.7176183 0.6766812
vn 0.2935650 0.9529049 -0.0761041
vn -0.0548876 0.0270871 -0.9981250
vn 0.1714610 -0.2522605 -0.9523475
vn -0.1505674 -0.5285832 -0.8354216
vn -0.1505674 -0.5285832 -0.8354216
vn -0.5913473 -0.3246924 -0.7381619
vn -0.4217689 0.3153664 -0.8500912
vn 0.3260907 0.2287137 -0.9172539
vn -0.4217689 0.3153664 -0.8500912
vn 0.0594323 0.6488359 -0.7586038
vn -0.0548876 0.0270871 -0.9981250
vn -0.0391707 -0.1095146 0.9932131
vn 0.2420434 0.0786181 0.9670751
vn -0.0029538 -0.0362381 0.9993388
vn 0.2622299 0.6163810 0.7425025
vn -0.0029538 -0.0362381 0.9993388
vn -0.5437599 0.2822197 0.7903653
vn -0.0391707 -0.1095146 0.9932131
vn -0.3761763 -0.0103102 0.9264907
vn 0.4866315 -0.7520034 -0.4446130
vn -0.2262512 -0.9702533 -0.0861316
vn -0.1505674 -0.5285832 -0.8354216
vn -0.2262512 -0.9702533 -0.0861316
vn 0.7330675 0.4831091 -0.4787669
vn 0.7356552 -0.1514591 -0.6602056
vn 0.6960592 0.6949846 0.1802724
vn -0.3392361 0.8626644 -0.3751384
vn -0.5010944 0.8609946 0.0871368
vn 0.2935650 0.9529049 -0.0761041
vn -0.9043719 0.4170828 -0.0902961
vn -0.9117480 -0.0677802 -0.4051188
vn 0.0594323 0.6488359 -0.7586038
vn -0.4482663 -0.6290138 0.6351370
vn -0.1647014 0.7176183 0.6766812
vn -0.3392361 0.8626644 -0.3751384
vn 0.5676224 -0.1390264 0.8114657
vn 0.0022503 -0.2136328 0.9769114
vn 0.2602956 -0.7620438 0.5929042
vn 0.9915590 -0.1159778 -0.0579636
vn 0.6829443 -0.7247948 0.0908820
vn 0.8835942 0.2900885 0.3675730
vn 0.2602956 -0.7620438 0.5929042
vn 0.0022503 -0.2136328 0.9769114
vn -0.4482662 -0.6290137 0.6351370
vn -0.9062685 -0.0695650 0.4169392
vn -0.8799240 -0.4750944 0.0043619
vn -0.5010932 0.8609952 0.0871369
vn -0.1647032 0.7176182 0.6766808
vn 0.2935659 0.9529046 -0.0761040
vn -0.0548911 0.0270871 -0.9981249
vn 0.1714662 -0.2522585 -0.9523470
vn -0.1505638 -0.5285816 -0.8354232
vn -0.1505638 -0.5285816 -0.8354232
vn -0.5913423 -0.3246948 -0.7381650
vn -0.4217708 0.3153652 -0.8500907
vn 0.3260931 0.2287132 -0.9172533
vn -0.4217708 0.3153652 -0.8500907
vn 0.0594320 0.6488353 -0.7586043
vn -0.0548911 0.0270871 -0.9981249
vn -0.0391716 -0.1095157 0.9932129
vn 0.2420069 0.0786195 0.9670841
vn -0.0029529 -0.0362383 0.9993388
vn 0.2622286 0.6163814 0.7425026
vn -0.0029529 -0.0362383 0.9993388
vn -0.5437611 0.2822195 0.7903645
vn -0.0391716 -0.1095157 0.9932129
vn -0.3761727 -0.0103109 0.9264922
vn 0.4866322 -0.7520030 -0.4446130
vn -0.2262516 -0.9702532 -0.0861322
vn -0.1505638 -0.5285816 -0.8354232
vn -0.2262516 -0.9702532 -0.0861322
vn 0.7330688 0.4831081 -0.4787659
vn 0.7356557 -0.1514583 -0.6602053
vn 0.6960585 0.6949849 0.1802738
vn -0.3392360 0.8626645 -0.3751383
vn -0.5010932 0.8609952 0.0871369
vn 0.2935659 0.9529046 -0.0761040
vn -0.9043712 0.4170844 -0.0902958
vn -0.9117485 -0.0677826 -0.4051174
vn 0.0594320 0.6488353 -0.7586043
vn -0.4482662 -0.6290137 0.6351370
vn -0.1647032 0.7176182 0.6766808
vn -0.3392360 0.8626645 -0.3751383
vn 0.5676203 -0.1390263 0.8114671
vn 0.0022550 -0.2136329 0.9769114
vn 0.2602946 -0.7620445 0.5929039
vn 0.9915592 -0.1159760 -0.0579650
vn 0.6829428 -0.7247962 0.0908825
vn 0.8835940 0.2900907 0.3675716
vn 0.2602946 -0.7620445 0.5929039
vn 0.0022550 -0.2136329 0.9769114
vn -0.4482651 -0.6290140 0.6351376
vn -0.9062684 -0.0695643 0.4169391
vn -0.8799248 -0.4750929 0.0043606
vn -0.5010948 0.8609943 0.0871364
vn -0.1647011 0.7176183 0.6766813
vn 0.2935654 0.9529048 -0.0761040
vn -0.0548916 0.0270870 -0.9981248
vn 0.1714617 -0.2522597 -0.9523475
vn -0.1505713 -0.5285823 -0.8354214
vn -0.1505713 -0.5285823 -0.8354214
vn -0.5913488 -0.3246926 -0.7381606
vn -0.4217707 0.3153657 -0.8500906
vn 0.3260959 0.2287130 -0.9172522
vn -0.4217707 0.3153657 -0.8500906
vn 0.0594334 0.6488356 -0.7586039
vn -0.0548916 0.0270870 -0.9981248
vn -0.0391711 -0.1095155 0.9932129
vn 0.2420249 0.0786200 0.9670795
vn -0.0029541 -0.0362382 0.9993388
vn 0.2622322 0.6163803 0.7425022
vn -0.0029541 -0.0362382 0.9993388
vn -0.5437599 0.2822196 0.7903652
vn -0.0391711 -0.1095155 0.9932129
vn -0.3761793 -0.0103105 0.9264894
vn 0.4866321 -0.7520031 -0.4446127
vn -0.2262515 -0.9702533 -0.0861321
vn -0.1505713 -0.5285823 -0.8354214
vn -0.2262515 -0.9702533 -0.0861321
vn 0.7330688 0.4831086 -0.4787653
vn 0.7356571 -0.1514589 -0.6602036
vn 0.6960597 0.6949840 0.1802724
vn -0.3392360 0.8626645 -0.3751383
vn -0.5010948 0.8609943 0.0871364
vn 0.2935654 0.9529048 -0.0761040
vn -0.9043716 0.4170836 -0.0902960
vn -0.9117487 -0.0677811 -0.4051172
vn 0.0594334 0.6488356 -0.7586039
vn -0.4482651 -0.6290140 0.6351376
vn -0.1647011 0.7176183 0.6766813
vn -0.3392360 0.8626645 -0.3751383
vn 0.5676203 -0.1390267 0.8114671
vn 0.0022522 -0.2136330 0.9769114
vn 0.2602973 -0.7620437 0.5929037
vn 0.9915591 -0.1159770 -0.0579636
vn 0.6829432 -0.7247958 0.0908828
vn 0.8835934 0.2900895 0.3675741
vn 0.2602973 -0.7620437 0.5929037
vn 0.0022522 -0.2136330 0.9769114
vn -0.4482675 -0.6290139 0.6351361
vn -0.9062675 -0.0695655 0.4169410
vn -0.8799238 -0.4750948 0.0043614
vn -0.5010956 0.8609938 0.0871371
vn -0.1647019 0.7176182 0.6766810
vn 0.2935658 0.9529046 -0.0761038
vn -0.0548896 0.0270872 -0.9981250
vn 0.1714611 -0.2522592 -0.9523478
vn -0.1505694 -0.5285818 -0.8354221
vn -0.1505694 -0.5285818 -0.8354221
vn -0.5913450 -0.3246922 -0.7381639
vn -0.4217685 0.3153658 -0.8500915
vn 0.3260911 0.2287145 -0.9172537
vn -0.4217685 0.3153658 -0.8500915
vn 0.0594335 0.6488353 -0.7586043
vn -0.0548896 0.0270872 -0.9981250
vn -0.0391676 -0.1095175 0.9932128
vn 0.2420451 0.0786201 0.9670745
vn -0.0029509 -0.0362386 0.9993387
vn 0.2622305 0.6163807 0.7425025
vn -0.0029509 -0.0362386 0.9993387
vn -0.5437598 0.2822197 0.7903653
vn -0.0391676 -0.1095175 0.9932128
vn -0.3761781 -0.0103112 0.9264899
vn 0.4866312 -0.7520035 -0.4446131
vn -0.2262513 -0.9702533 -0.0861319
vn -0.1505694 -0.5285818 -0.8354221
vn -0.2262513 -0.9702533 -0.0861319
vn 0.7330670 0.4831097 -0.4787669
vn 0.7356539 -0.1514589 -0.6602072
vn 0.6960591 0.6949843 0.1802736
vn -0.3392363 0.8626645 -0.3751383
vn -0.5010956 0.8609938 0.0871371
vn 0.2935658 0.9529046 -0.0761038
vn -0.9043722 0.4170823 -0.0902958
vn -0.9117481 -0.0677825 -0.4051184
vn 0.0594335 0.6488353 -0.7586043
vn -0.4482675 -0.6290139 0.6351361
vn -0.1647019 0.7176182 0.6766810
vn -0.3392363 0.8626645 -0.3751383
vn 0.5676217 -0.1390256 0.8114662
vn 0.0022526 -0.2136326 0.9769115
vn 0.2602963 -0.7620439 0.5929039
vn 0.9915590 -0.1159771 -0.0579641
vn 0.6829439 -0.7247952 0.0908816
vn 0.8835933 0.2900910 0.3675732
vn 0.2602963 -0.7620439 0.5929039
vn 0.0022526 -0.2136326 0.9769115
vn -0.4482656 -0.6290147 0.6351366
vn -0.9062684 -0.0695630 0.4169397
vn -0.8799246 -0.4750934 0.0043603
vn -0.5010965 0.8609931 0.0871374
vn -0.1647043 0.7176177 0.6766811
vn 0.2935654 0.9529049 -0.0761033
vn -0.0548892 0.0270853 -0.9981250
vn 0.1714628 -0.2522613 -0.9523469
vn -0.1505628 -0.5285833 -0.8354223
vn -0.1505628 -0.5285833 -0.8354223
vn -0.5913414 -0.3246932 -0.7381664
vn -0.4217683 0.3153664 -0.8500915
vn 0.3260941 0.2287137 -0.9172528
vn -0.4217683 0.3153664 -0.8500915
vn 0.0594327 0.6488358 -0.7586039
vn -0.0548892 0.0270853 -0.9981250
vn -0.0391705 -0.1095200 0.9932125
vn 0.2420154 0.0786139 0.9670823
vn -0.0029504 -0.0362391 0.9993387
vn 0.2622335 0.6163804 0.7425017
vn -0.0029504 -0.0362391 0.9993387
vn -0.5437617 0.2822203 0.7903637
vn -0.0391705 -0.1095200 0.9932125
vn -0.3761792 -0.0103137 0.9264895
vn 0.4866312 -0.7520033 -0.4446134
vn -0.2262510 -0.9702535 -0.0861325
vn -0.1505628 -0.5285833 -0.8354223
vn -0.2262510 -0.9702535 -0.0861325
vn 0.7330685 0.4831095 -0.4787650
vn 0.7356545 -0.1514601 -0.6602063
vn 0.6960585 0.6949849 0.1802736
vn -0.3392365 0.8626644 -0.3751382
vn -0.5010965 0.8609931 0.0871374
vn 0.2935654 0.9529049 -0.0761033
vn -0.9043716 0.4170838 -0.0902951
vn -0.9117482 -0.0677804 -0.4051183
vn 0.0594327 0.6488358 -0.7586039
vn -0.4482656 -0.6290147 0.6351366
vn -0.1647043 0.7176177 0.6766811
vn -0.3392365 0.8626644 -0.3751382
vn 0.5676201 -0.1390261 0.8114673
vn 0.0022478 -0.2136321 0.9769116
vn 0.2602943 -0.7620434 0.5929053
vn 0.9915592 -0.1159768 -0.0579632
vn 0.6829444 -0.7247946 0.0908823
vn 0.8835933 0.2900898 0.3675739
vn 0.2602943 -0.7620434 0.5929053
vn 0.0022478 -0.2136321 0.9769116
vn -0.4482674 -0.6290137 0.6351364
vn -0.9062676 -0.0695644 0.4169409
vn -0.8799241 -0.4750942 0.0043607
vn -0.5010934 0.8609950 0.0871371
vn -0.1647027 0.7176181 0.6766810
vn 0.2935656 0.9529048 -0.0761036
vn -0.0548888 0.0270868 -0.9981250
vn 0.1714607 -0.2522604 -0.9523475
vn -0.1505680 -0.5285826 -0.8354218
vn -0.1505680 -0.5285826 -0.8354218
vn -0.5913480 -0.3246936 -0.7381610
vn -0.4217697 0.3153655 -0.8500910
vn 0.3260921 0.2287129 -0.9172537
vn -0.4217697 0.3153655 -0.8500910
vn 0.0594334 0.6488352 -0.7586043
vn -0.0548888 0.0270868 -0.9981250
vn -0.0391717 -0.1095145 0.9932130
vn 0.2420244 0.0786188 0.9670798
vn -0.0029539 -0.0362382 0.9993388
vn 0.2622297 0.6163810 0.7425025
vn -0.0029539 -0.0362382 0.9993388
vn -0.5437601 0.2822200 0.7903650
vn -0.0391717 -0.1095145 0.9932130
vn -0.3761751 -0.0103108 0.9264913
vn 0.4866315 -0.7520030 -0.4446136
vn -0.2262510 -0.9702535 -0.0861319
vn -0.1505680 -0.5285826 -0.8354218
vn -0.2262510 -0.9702535 -0.0861319
vn 0.7330680 0.4831086 -0.4787664
vn 0.7356551 -0.1514588 -0.6602058
vn 0.6960585 0.6949850 0.1802733
vn -0.3392362 0.8626642 -0.3751388
vn -0.5010934 0.8609950 0.0871371
vn 0.2935656 0.9529048 -0.0761036
vn -0.9043714 0.4170839 -0.0902961
vn -0.9117482 -0.0677814 -0.4051181
vn 0.0594334 0.6488352 -0.7586043
vn -0.4482674 -0.6290137 0.6351364
vn -0.1647027 0.7176181 0.6766810
vn -0.3392362 0.8626642 -0.3751388
vn 0.5676228 -0.1390254 0.8114655
vn 0.0022533 -0.2136336 0.9769113
vn 0.2602980 -0.7620434 0.5929037
vn 0.9915592 -0.1159760 -0.0579656
vn 0.6829437 -0.7247955 0.0908812
vn 0.8835930 0.2900910 0.3675739
vn 0.2602980 -0.7620434 0.5929037
vn 0.0022533 -0.2136336 0.9769113
vn -0.4482624 -0.6290151 0.6351384
vn -0.9062683 -0.0695643 0.4169396
vn -0.8799240 -0.4750943 0.0043618
vn -0.5010961 0.8609935 0.0871373
vn -0.1647024 0.7176182 0.6766810
vn 0.2935643 0.9529052 -0.0761039
vn -0.0548924 0.0270873 -0.9981247
vn 0.1714688 -0.2522595 -0.9523463
vn -0.1505651 -0.5285823 -0.8354225
vn -0.1505651 -0.5285823 -0.8354225
vn -0.5913475 -0.3246931 -0.7381617
vn -0.4217703 0.3153665 -0.8500904
vn 0.3260924 0.2287135 -0.9172534
vn -0.4217703 0.3153665 -0.8500904
vn 0.0594317 0.6488354 -0.7586043
vn -0.0548924 0.0270873 -0.9981247
vn -0.0391687 -0.1095245 0.9932120
vn 0.2419000 0.0786201 0.9671108
vn -0.0029484 -0.0362400 0.9993387
vn 0.2622329 0.6163808 0.7425017
vn -0.0029484 -0.0362400 0.9993387
vn -0.5437617 0.2822190 0.7903642
vn -0.0391687 -0.1095245 0.9932120
vn -0.3761771 -0.0103106 0.9264904
vn 0.4866309 -0.7520036 -0.4446135
vn -0.2262516 -0.9702533 -0.0861316
vn -0.1505651 -0.5285823 -0.8354225
vn -0.2262516 -0.9702533 -0.0861316
vn 0.7330683 0.4831083 -0.4787662
vn 0.7356565 -0.1514591 -0.6602042
vn 0.6960577 0.6949853 0.1802752
vn -0.3392380 0.8626639 -0.3751383
vn -0.5010961 0.8609935 0.0871373
vn 0.2935643 0.9529052 -0.0761039
vn -0.9043711 0.4170843 -0.0902958
vn -0.9117483 -0.0677803 -0.4051182
vn 0.0594317 0.6488354 -0.7586043
vn -0.4482624 -0.6290151 0.6351384
vn -0.1647024 0.7176182 0.6766810
vn -0.3392380 0.8626639 -0.3751383
vn 0.5676203 -0.1390262 0.8114671
vn 0.0022532 -0.2136318 0.9769116
vn 0.2602992 -0.7620433 0.5929033
vn 0.9915591 -0.1159773 -0.0579638
vn 0.6829436 -0.7247955 0.0908818
vn 0.8835933 0.2900903 0.3675738
vn 0.2602992 -0.7620433 0.5929033
vn 0.0022532 -0.2136318 0.9769116
vn -0.4482692 -0.6290129 0.6351357
vn -0.9062686 -0.0695645 0.4169389
vn -0.8799250 -0.4750927 0.0043600
vn -0.5010948 0.8609944 0.0871359
vn -0.1647019 0.7176182 0.6766810
vn 0.2935648 0.9529049 -0.0761040
vn -0.0548905 0.0270873 -0.9981249
vn 0.1714639 -0.2522601 -0.9523471
vn -0.1505655 -0.5285820 -0.8354228
vn -0.1505655 -0.5285820 -0.8354228
vn -0.5913429 -0.3246941 -0.7381648
vn -0.4217699 0.3153656 -0.8500909
vn 0.3260915 0.2287125 -0.9172539
vn -0.4217699 0.3153656 -0.8500909
vn 0.0594320 0.6488354 -0.7586043
vn -0.0548905 0.0270873 -0.9981249
vn -0.0391696 -0.1095132 0.9932132
vn 0.2420589 0.0786174 0.9670712
vn -0.0029515 -0.0362383 0.9993388
vn 0.2622316 0.6163806 0.7425023
vn -0.0029515 -0.0362383 0.9993388
vn -0.5437611 0.2822193 0.7903647
vn -0.0391696 -0.1095132 0.9932132
vn -0.3761783 -0.0103105 0.9264899
vn 0.4866331 -0.7520027 -0.4446123
vn -0.2262516 -0.9702533 -0.0861321
vn -0.1505655 -0.5285820 -0.8354228
vn -0.2262516 -0.9702533 -0.0861321
vn 0.7330672 0.4831088 -0.4787674
vn 0.7356563 -0.1514581 -0.6602046
vn 0.6960578 0.6949856 0.1802734
vn -0.3392364 0.8626642 -0.3751386
vn -0.5010948 0.8609944 0.0871359
vn 0.2935648 0.9529049 -0.0761040
vn -0.9043717 0.4170831 -0.0902966
vn -0.9117485 -0.0677816 -0.4051177
vn 0.0594320 0.6488354 -0.7586043
vn -0.4482692 -0.6290129 0.6351357
vn -0.1647019 0.7176182 0.6766810
vn -0.3392364 0.8626642 -0.3751386
vn 0.5676177 -0.1390268 0.8114688
vn 0.0022481 -0.2136356 0.9769108
vn 0.2602918 -0.7620472 0.5929016
vn 0.9915591 -0.1159762 -0.0579666
vn 0.6829429 -0.7247960 0.0908830
vn 0.8835934 0.2900912 0.3675730
vn 0.2602918 -0.7620472 0.5929016
vn 0.0022481 -0.2136356 0.9769108
vn -0.4482628 -0.6290135 0.6351397
vn -0.9062678 -0.0695630 0.4169406
vn -0.8799256 -0.4750913 0.0043568
vn -0.5010993 0.8609917 0.0871365
vn -0.1647092 0.7176141 0.6766837
vn 0.2935658 0.9529046 -0.0761036
vn -0.0548978 0.0270876 -0.9981245
vn 0.1714689 -0.2522601 -0.9523462
vn -0.1505658 -0.5285808 -0.8354234
vn -0.1505658 -0.5285808 -0.8354234
vn -0.5913361 -0.3246936 -0.7381704
vn -0.4217679 0.3153664 -0.8500917
vn 0.3261054 0.2287158 -0.9172482
vn -0.4217679 0.3153664 -0.8500917
vn 0.0594344 0.6488389 -0.7586010
vn -0.0548978 0.0270876 -0.9981245
vn -0.0391646 -0.1095138 0.9932134
vn 0.2419284 0.0786293 0.9671028
vn -0.0029494 -0.0362392 0.9993388
vn 0.2622325 0.6163806 0.7425019
vn -0.0029494 -0.0362392 0.9993388
vn -0.5437644 0.2822167 0.7903631
vn -0.0391646 -0.1095138 0.9932134
vn -0.3761778 -0.0103117 0.9264901
vn 0.4866330 -0.7520031 -0.4446117
vn -0.2262516 -0.9702533 -0.0861312
vn -0.1505658 -0.5285808 -0.8354234
vn -0.2262516 -0.9702533 -0.0861312
vn 0.7330694 0.4831096 -0.4787633
vn 0.7356577 -0.1514596 -0.6602026
vn 0.6960599 0.6949834 0.1802737
vn -0.3392375 0.8626642 -0.3751378
vn -0.5010993 0.8609917 0.0871365
vn 0.2935658 0.9529046 -0.0761036
vn -0.9043714 0.4170841 -0.0902949
vn -0.9117481 -0.0677798 -0.4051187
vn 0.0594344 0.6488389 -0.7586010
vn -0.4482628 -0.6290135 0.6351397
vn -0.1647092 0.7176141 0.6766837
vn -0.3392375 0.8626642 -0.3751378
vn 0.5676191 -0.1390268 0.8114678
vn 0.0022508 -0.2136328 0.9769115
vn 0.2602944 -0.7620441 0.5929044
vn 0.9915590 -0.1159775 -0.0579643
vn 0.6829422 -0.7247967 0.0908828
vn 0.8835940 0.2900908 0.3675718
vn 0.2602944 -0.7620441 0.5929044
vn 0.0022508 -0.2136328 0.9769115
vn -0.4482678 -0.6290133 0.6351364
vn -0.9062673 -0.0695656 0.4169415
vn -0.8799246 -0.4750934 0.0043606
vn -0.5010955 0.8609940 0.0871357
vn -0.1647010 0.7176181 0.6766815
vn 0.2935656 0.9529047 -0.0761037
vn -0.0548887 0.0270871 -0.9981250
vn 0.1714595 -0.2522599 -0.9523479
vn -0.1505674 -0.5285829 -0.8354217
vn -0.1505674 -0.5285829 -0.8354217
vn -0.5913469 -0.3246939 -0.7381617
vn -0.4217692 0.3153664 -0.8500911
vn 0.3260952 0.2287137 -0.9172524
vn -0.4217692 0.3153664 -0.8500911
vn 0.0594331 0.6488351 -0.7586043
vn -0.0548887 0.0270871 -0.9981250
vn -0.0391703 -0.1095161 0.9932129
vn 0.2420411 0.0786203 0.9670755
vn -0.0029574 -0.0362385 0.9993387
vn 0.2622280 0.6163810 0.7425031
vn -0.0029574 -0.0362385 0.9993387
vn -0.5437613 0.2822191 0.7903645
vn -0.0391703 -0.1095161 0.9932129
vn -0.3761708 -0.0103113 0.9264929
vn 0.4866319 -0.7520031 -0.4446129
vn -0.2262522 -0.9702532 -0.0861318
vn -0.1505674 -0.5285829 -0.8354217
vn -0.2262522 -0.9702532 -0.0861318
vn 0.7330682 0.4831091 -0.4787658
vn 0.7356558 -0.1514587 -0.6602050
vn 0.6960554 0.6949877 0.1802748
vn -0.3392361 0.8626643 -0.3751387
vn -0.5010955 0.8609940 0.0871357
vn 0.2935656 0.9529047 -0.0761037
vn -0.9043711 0.4170843 -0.0902959
vn -0.9117480 -0.0677816 -0.4051186
vn 0.0594331 0.6488351 -0.7586043
vn -0.4482678 -0.6290133 0.6351364
vn -0.1647010 0.7176181 0.6766815
vn -0.3392361 0.8626643 -0.3751387
vn 0.5676203 -0.1390263 0.8114671
vn 0.0022527 -0.2136326 0.9769114
vn 0.2602953 -0.7620436 0.5929047
vn 0.9915591 -0.1159776 -0.0579639
vn 0.6829426 -0.7247964 0.0908827
vn 0.8835933 0.2900901 0.3675740
vn 0.2602953 -0.7620436 0.5929047
vn 0.0022527 -0.2136326 0.9769114
vn -0.4482678 -0.6290134 0.6351362
vn -0.9062678 -0.0695642 0.4169407
vn -0.8799248 -0.4750930 0.0043604
vn -0.5010964 0.8609934 0.0871364
vn -0.1647020 0.7176180 0.6766813
vn 0.2935666 0.9529044 -0.0761039
vn -0.0548871 0.0270873 -0.9981251
vn 0.1714633 -0.2522587 -0.9523476
vn -0.1505637 -0.5285825 -0.8354226
vn -0.1505637 -0.5285825 -0.8354226
vn -0.5913429 -0.3246940 -0.7381649
vn -0.4217674 0.3153663 -0.8500919
vn 0.3260912 0.2287137 -0.9172539
vn -0.4217674 0.3153663 -0.8500919
vn 0.0594322 0.6488351 -0.7586045
vn -0.0548871 0.0270873 -0.9981251
vn -0.0391703 -0.1095157 0.9932131
vn 0.2420424 0.0786195 0.9670752
vn -0.0029521 -0.0362387 0.9993387
vn 0.2622311 0.6163804 0.7425025
vn -0.0029521 -0.0362387 0.9993387
vn -0.5437604 0.2822192 0.7903650
vn -0.0391703 -0.1095157 0.9932131
vn -0.3761726 -0.0103116 0.9264922
vn 0.4866323 -0.7520030 -0.4446128
vn -0.2262524 -0.9702531 -0.0861318
vn -0.1505637 -0.5285825 -0.8354226
vn -0.2262524 -0.9702531 -0.0861318
vn 0.7330674 0.4831092 -0.4787668
vn 0.7356549 -0.1514580 -0.6602062
vn 0.6960593 0.6949842 0.1802732
vn -0.3392347 0.8626649 -0.3751387
vn -0.5010964 0.8609934 0.0871364
vn 0.2935666 0.9529044 -0.0761039
vn -0.9043716 0.4170833 -0.0902961
vn -0.9117484 -0.0677829 -0.4051176
vn 0.0594322 0.6488351 -0.7586045
vn -0.4482678 -0.6290134 0.6351362
vn -0.1647020 0.7176180 0.6766813
vn -0.3392347 0.8626649 -0.3751387
vn 0.5676220 -0.1390259 0.8114660
vn 0.0022523 -0.2136316 0.9769117
vn 0.2602957 -0.7620441 0.5929039
vn 0.9915591 -0.1159768 -0.0579650
vn 0.6829429 -0.7247961 0.0908819
vn 0.8835941 0.2900902 0.3675717
vn 0.2602957 -0.7620441 0.5929039
vn 0.0022523 -0.2136316 0.9769117
vn -0.4482654 -0.6290136 0.6351379
vn -0.9062680 -0.0695642 0.4169403
vn -0.8799245 -0.4750935 0.0043620
vn -0.5010953 0.8609939 0.0871368
vn -0.1647050 0.7176180 0.6766806
vn 0.2935650 0.9529049 -0.0761036
vn -0.0548894 0.0270851 -0.9981250
vn 0.1714656 -0.2522613 -0.9523465
vn -0.1505651 -0.5285837 -0.8354217
vn -0.1505651 -0.5285837 -0.8354217
vn -0.5913445 -0.3246922 -0.7381644
vn -0.4217702 0.3153660 -0.8500906
vn 0.3260942 0.2287128 -0.9172530
vn -0.4217702 0.3153660 -0.8500906
vn 0.0594323 0.6488356 -0.7586040
vn -0.0548894 0.0270851 -0.9981250
vn -0.0391700 -0.1095170 0.9932129
vn 0.2419775 0.0786147 0.9670918
vn -0.0029495 -0.0362388 0.9993388
vn 0.2622342 0.6163812 0.7425008
vn -0.0029495 -0.0362388 0.9993388
vn -0.5437641 0.2822197 0.7903623
vn -0.0391700 -0.1095170 0.9932129
vn -0.3761808 -0.0103132 0.9264889
vn 0.4866321 -0.7520028 -0.4446130
vn -0.2262520 -0.9702531 -0.0861327
vn -0.1505651 -0.5285837 -0.8354217
vn -0.2262520 -0.9702531 -0.0861327
vn 0.7330686 0.4831082 -0.4787659
vn 0.7356554 -0.1514588 -0.6602054
vn 0.6960588 0.6949847 0.1802735
vn -0.3392369 0.8626642 -0.3751382
vn -0.5010953 0.8609939 0.0871368
vn 0.2935650 0.9529049 -0.0761036
vn -0.9043712 0.4170846 -0.0902947
vn -0.9117489 -0.0677792 -0.4051171
vn 0.0594323 0.6488356 -0.7586040
vn -0.4482654 -0.6290136 0.6351379
vn -0.1647050 0.7176180 0.6766806
vn -0.3392369 0.8626642 -0.3751382
vn 0.5676212 -0.1390257 0.8114665
vn 0.0022505 -0.2136329 0.9769114
vn 0.2602969 -0.7620437 0.5929040
vn 0.9915591 -0.1159769 -0.0579643
vn 0.6829436 -0.7247956 0.0908817
vn 0.8835934 0.2900904 0.3675734
vn 0.2602969 -0.7620437 0.5929040
vn 0.0022505 -0.2136329 0.9769114
vn -0.4482679 -0.6290134 0.6351362
vn -0.9062684 -0.0695648 0.4169393
vn -0.8799241 -0.4750943 0.0043609
vn -0.5010956 0.8609939 0.0871367
vn -0.1647011 0.7176180 0.6766816
vn 0.2935669 0.9529043 -0.0761040
vn -0.0548885 0.0270873 -0.9981250
vn 0.1714636 -0.2522591 -0.9523473
vn -0.1505667 -0.5285826 -0.8354220
vn -0.1505667 -0.5285826 -0.8354220
vn -0.5913417 -0.3246951 -0.7381653
vn -0.4217686 0.3153657 -0.8500915
vn 0.3260891 0.2287143 -0.9172543
vn -0.4217686 0.3153657 -0.8500915
vn 0.0594324 0.6488354 -0.7586042
vn -0.0548885 0.0270873 -0.9981250
vn -0.0391715 -0.1095157 0.9932129
vn 0.2420252 0.0786194 0.9670795
vn -0.0029516 -0.0362384 0.9993388
vn 0.2622272 0.6163815 0.7425030
vn -0.0029516 -0.0362384 0.9993388
vn -0.5437601 0.2822194 0.7903651
vn -0.0391715 -0.1095157 0.9932129
vn -0.3761746 -0.0103110 0.9264913
vn 0.4866315 -0.7520035 -0.4446128
vn -0.2262511 -0.9702535 -0.0861322
vn -0.1505667 -0.5285826 -0.8354220
vn -0.2262511 -0.9702535 -0.0861322
vn 0.7330666 0.4831093 -0.4787678
vn 0.7356555 -0.1514576 -0.6602056
vn 0.6960589 0.6949844 0.1802739
vn -0.3392363 0.8626642 -0.3751387
vn -0.5010956 0.8609939 0.0871367
vn 0.2935669 0.9529043 -0.0761040
vn -0.9043714 0.4170836 -0.0902960
vn -0.9117481 -0.0677818 -0.4051188
vn 0.0594324 0.6488354 -0.7586042
vn -0.4482679 -0.6290134 0.6351362
vn -0.1647011 0.7176180 0.6766816
vn -0.3392363 0.8626642 -0.3751387
vn 0.5676212 -0.1390253 0.8114666
vn 0.0022518 -0.2136320 0.9769116
vn 0.2602958 -0.7620434 0.5929045
vn 0.9915591 -0.1159773 -0.0579650
vn 0.6829435 -0.7247956 0.0908814
vn 0.8835927 0.2900907 0.3675749
vn 0.2602958 -0.7620434 0.5929045
vn 0.0022518 -0.2136320 0.9769116
vn -0.4482628 -0.6290159 0.6351373
vn -0.9062703 -0.0695630 0.4169354
vn -0.8799238 -0.4750947 0.0043622
vn -0.5010963 0.8609934 0.0871362
vn -0.1647038 0.7176177 0.6766812
vn 0.2935649 0.9529049 -0.0761040
vn -0.0548898 0.0270869 -0.9981250
vn 0.1714690 -0.2522584 -0.9523466
vn -0.1505675 -0.5285822 -0.8354222
vn -0.1505675 -0.5285822 -0.8354222
vn -0.5913485 -0.3246927 -0.7381609
vn -0.4217697 0.3153658 -0.8500910
vn 0.3260920 0.2287129 -0.9172537
vn -0.4217697 0.3153658 -0.8500910
vn 0.0594322 0.6488351 -0.7586045
vn -0.0548898 0.0270869 -0.9981250
vn -0.0391703 -0.1095182 0.9932126
vn 0.2419543 0.0786186 0.9670973
vn -0.0029453 -0.0362384 0.9993388
vn 0.2622373 0.6163797 0.7425010
vn -0.0029453 -0.0362384 0.9993388
vn -0.5437637 0.2822196 0.7903625
vn -0.0391703 -0.1095182 0.9932126
vn -0.3761821 -0.0103097 0.9264884
vn 0.4866324 -0.7520030 -0.4446127
vn -0.2262513 -0.9702535 -0.0861317
vn -0.1505675 -0.5285822 -0.8354222
vn -0.2262513 -0.9702535 -0.0861317
vn 0.7330674 0.4831088 -0.4787670
vn 0.7356581 -0.1514572 -0.6602029
vn 0.6960602 0.6949834 0.1802722
vn -0.3392372 0.8626638 -0.3751390
vn -0.5010963 0.8609934 0.0871362
vn 0.2935649 0.9529049 -0.0761040
vn -0.9043709 0.4170848 -0.0902960
vn -0.9117485 -0.0677799 -0.4051179
vn 0.0594322 0.6488351 -0.7586045
vn -0.4482628 -0.6290159 0.6351373
vn -0.1647038 0.7176177 0.6766812
vn -0.3392372 0.8626638 -0.3751390
vn 0.5676181 -0.1390272 0.8114685
vn 0.0022538 -0.2136329 0.9769115
vn 0.2602969 -0.7620438 0.5929037
vn 0.9915591 -0.1159779 -0.0579626
vn 0.6829420 -0.7247967 0.0908832
vn 0.8835926 0.2900904 0.3675753
vn 0.2602969 -0.7620438 0.5929037
vn 0.0022538 -0.2136329 0.9769115
vn -0.4482679 -0.6290141 0.6351355
vn -0.9062682 -0.0695646 0.4169396
vn -0.8799236 -0.4750950 0.0043614
vn -0.5010957 0.8609937 0.0871371
vn -0.1647014 0.7176180 0.6766815
vn 0.2935651 0.9529049 -0.0761037
vn -0.0548923 0.0270876 -0.9981247
vn 0.1714637 -0.2522596 -0.9523472
vn -0.1505702 -0.5285814 -0.8354222
vn -0.1505702 -0.5285814 -0.8354222
vn -0.5913492 -0.3246926 -0.7381604
vn -0.4217711 0.3153658 -0.8500903
vn 0.3260941 0.2287134 -0.9172528
vn -0.4217711 0.3153658 -0.8500903
vn 0.0594327 0.6488355 -0.7586041
vn -0.0548923 0.0270876 -0.9981247
vn -0.0391676 -0.1095178 0.9932129
vn 0.2420803 0.0786185 0.9670658
vn -0.0029519 -0.0362389 0.9993387
vn 0.2622291 0.6163810 0.7425027
vn -0.0029519 -0.0362389 0.9993387
vn -0.5437601 0.2822199 0.7903650
vn -0.0391676 -0.1095178 0.9932129
vn -0.3761771 -0.0103117 0.9264904
vn 0.4866319 -0.7520031 -0.4446129
vn -0.2262511 -0.9702533 -0.0861319
vn -0.1505702 -0.5285814 -0.8354222
vn -0.2262511 -0.9702533 -0.0861319
vn 0.7330690 0.4831082 -0.4787654
vn 0.7356563 -0.1514591 -0.6602044
vn 0.6960563 0.6949867 0.1802749
vn -0.3392371 0.8626642 -0.3751383
vn -0.5010957 0.8609937 0.0871371
vn 0.2935651 0.9529049 -0.0761037
vn -0.9043716 0.4170836 -0.0902961
vn -0.9117484 -0.0677810 -0.4051180
vn 0.0594327 0.6488355 -0.7586041
vn -0.4482679 -0.6290141 0.6351355
vn -0.1647014 0.7176180 0.6766815
vn -0.3392371 0.8626642 -0.3751383
vn 0.5676209 -0.1390258 0.8114668
vn 0.0022522 -0.2136335 0.9769112
vn 0.2602958 -0.7620440 0.5929039
vn 0.9915591 -0.1159767 -0.0579651
vn 0.6829437 -0.7247955 0.0908812
vn 0.8835921 0.2900918 0.3675754
vn 0.2602958 -0.7620440 0.5929039
vn 0.0022522 -0.2136335 0.9769112
vn -0.4482629 -0.6290157 0.6351374
vn -0.9062707 -0.0695634 0.4169345
vn -0.8799241 -0.4750941 0.0043622
vn -0.5010974 0.8609927 0.0871371
vn -0.1647048 0.7176178 0.6766810
vn 0.2935643 0.9529051 -0.0761042
vn -0.0548914 0.0270876 -0.9981248
vn 0.1714687 -0.2522587 -0.9523466
vn -0.1505663 -0.5285816 -0.8354228
vn -0.1505663 -0.5285816 -0.8354228
vn -0.5913438 -0.3246931 -0.7381644
vn -0.4217687 0.3153663 -0.8500914
vn 0.3260980 0.2287128 -0.9172516
vn -0.4217687 0.3153663 -0.8500914
vn 0.0594325 0.6488358 -0.7586039
vn -0.0548914 0.0270876 -0.9981248
vn -0.0391687 -0.1095196 0.9932126
vn 0.2419883 0.0786179 0.9670888
vn -0.0029486 -0.0362389 0.9993387
vn 0.2622331 0.6163807 0.7425016
vn -0.0029486 -0.0362389 0.9993387
vn -0.5437645 0.2822192 0.7903622
vn -0.0391687 -0.1095196 0.9932126
vn -0.3761772 -0.0103102 0.9264903
vn 0.4866322 -0.7520028 -0.4446130
vn -0.2262508 -0.9702536 -0.0861313
vn -0.1505663 -0.5285816 -0.8354228
vn -0.2262508 -0.9702536 -0.0861313
vn 0.7330696 0.4831076 -0.4787651
vn 0.7356579 -0.1514602 -0.6602023
vn 0.6960569 0.6949862 0.1802747
vn -0.3392371 0.8626642 -0.3751382
vn -0.5010974 0.8609927 0.0871371
vn 0.2935643 0.9529051 -0.0761042
vn -0.9043714 0.4170839 -0.0902959
vn -0.9117482 -0.0677801 -0.4051184
vn 0.0594325 0.6488358 -0.7586039
vn -0.4482629 -0.6290157 0.6351374
vn -0.1647048 0.7176178 0.6766810
vn -0.3392371 0.8626642 -0.3751382
vn 0.5676215 -0.1390247 0.8114666
vn 0.0022527 -0.2136343 0.9769111
vn 0.2602958 -0.7620435 0.5929045
vn 0.9915591 -0.1159757 -0.0579658
vn 0.6829453 -0.7247940 0.0908808
vn 0.8835919 0.2900913 0.3675763
vn 0.2602958 -0.7620435 0.5929045
vn 0.0022527 -0.2136343 0.9769111
vn -0.4482629 -0.6290154 0.6351377
vn -0.9062703 -0.0695635 0.4169353
vn -0.8799243 -0.4750940 0.0043619
vn -0.5010990 0.8609919 0.0871366
vn -0.1647051 0.7176173 0.6766813
vn 0.2935645 0.9529051 -0.0761037
vn -0.0548910 0.0270872 -0.9981249
vn 0.1714726 -0.2522586 -0.9523460
vn -0.1505662 -0.5285818 -0.8354228
vn -0.1505662 -0.5285818 -0.8354228
vn -0.5913495 -0.3246925 -0.7381603
vn -0.4217712 0.3153658 -0.8500901
vn 0.3260975 0.2287128 -0.9172518
vn -0.4217712 0.3153658 -0.8500901
vn 0.0594297 0.6488352 -0.7586046
vn -0.0548910 0.0270872 -0.9981249
vn -0.0391682 -0.1095256 0.9932119
vn 0.2419569 0.0786205 0.9670966
vn -0.0029478 -0.0362397 0.9993387
vn 0.2622320 0.6163803 0.7425022
vn -0.0029478 -0.0362397 0.9993387
vn -0.5437641 0.2822188 0.7903627
vn -0.0391682 -0.1095256 0.9932119
vn -0.3761857 -0.0103130 0.9264870
vn 0.4866334 -0.7520022 -0.4446128
vn -0.2262514 -0.9702535 -0.0861313
vn -0.1505662 -0.5285818 -0.8354228
vn -0.2262514 -0.9702535 -0.0861313
vn 0.7330693 0.4831081 -0.4787651
vn 0.7356592 -0.1514583 -0.6602013
vn 0.6960579 0.6949850 0.1802751
vn -0.3392369 0.8626642 -0.3751382
vn -0.5010990 0.8609919 0.0871366
vn 0.2935645 0.9529051 -0.0761037
vn -0.9043711 0.4170842 -0.0902964
vn -0.9117482 -0.0677819 -0.4051184
vn 0.0594297 0.6488352 -0.7586046
vn -0.4482629 -0.6290154 0.6351377
vn -0.1647051 0.7176173 0.6766813
vn -0.3392369 0.8626642 -0.3751382
vn 0.5676219 -0.1390262 0.8114660
vn 0.0022532 -0.2136323 0.9769115
vn 0.2602966 -0.7620433 0.5929044
vn 0.9915591 -0.1159769 -0.0579641
vn 0.6829435 -0.7247955 0.0908823
vn 0.8835933 0.2900905 0.3675735
vn 0.2602966 -0.7620433 0.5929044
vn 0.0022532 -0.2136323 0.9769115
vn -0.4482656 -0.6290142 0.6351371
vn -0.9062683 -0.0695645 0.4169395
vn -0.8799250 -0.4750926 0.0043599
vn -0.5010938 0.8609949 0.0871368
vn -0.1647030 0.7176179 0.6766812
vn 0.2935653 0.9529048 -0.0761038
vn -0.0548924 0.0270872 -0.9981247
vn 0.1714650 -0.2522591 -0.9523472
vn -0.1505678 -0.5285819 -0.8354223
vn -0.1505678 -0.5285819 -0.8354223
vn -0.5913465 -0.3246931 -0.7381624
vn -0.4217702 0.3153654 -0.8500909
vn 0.3260937 0.2287135 -0.9172530
vn -0.4217702 0.3153654 -0.8500909
vn 0.0594332 0.6488354 -0.7586042
vn -0.0548924 0.0270872 -0.9981247
vn -0.0391707 -0.1095163 0.9932128
vn 0.2420236 0.0786199 0.9670798
vn -0.0029510 -0.0362389 0.9993388
vn 0.2622304 0.6163808 0.7425025
vn -0.0029510 -0.0362389 0.9993388
vn -0.5437598 0.2822196 0.7903653
vn -0.0391707 -0.1095163 0.9932128
vn -0.3761714 -0.0103117 0.9264926
vn 0.4866329 -0.7520028 -0.4446124
vn -0.2262507 -0.9702536 -0.0861311
vn -0.1505678 -0.5285819 -0.8354223
vn -0.2262507 -0.9702536 -0.0861311
vn 0.7330677 0.4831096 -0.4787658
vn 0.7356573 -0.1514581 -0.6602036
vn 0.6960583 0.6949851 0.1802736
vn -0.3392360 0.8626645 -0.3751385
vn -0.5010938 0.8609949 0.0871368
vn 0.2935653 0.9529048 -0.0761038
vn -0.9043714 0.4170838 -0.0902964
vn -0.9117482 -0.0677811 -0.4051183
vn 0.0594332 0.6488354 -0.7586042
vn -0.4482656 -0.6290142 0.6351371
vn -0.1647030 0.7176179 0.6766812
vn -0.3392360 0.8626645 -0.3751385
vn 0.5676220 -0.1390268 0.8114659
vn 0.0022545 -0.2136328 0.9769115
vn 0.2602966 -0.7620439 0.5929037
vn 0.9915591 -0.1159771 -0.0579636
vn 0.6829428 -0.7247962 0.0908828
vn 0.8835940 0.2900895 0.3675725
vn 0.2602966 -0.7620439 0.5929037
vn 0.0022545 -0.2136328 0.9769115
vn -0.4482654 -0.6290144 0.6351370
vn -0.9062679 -0.0695644 0.4169404
vn -0.8799244 -0.4750938 0.0043610
vn -0.5010944 0.8609946 0.0871368
vn -0.1647032 0.7176179 0.6766811
vn 0.2935660 0.9529046 -0.0761039
vn -0.0548911 0.0270872 -0.9981249
vn 0.1714621 -0.2522598 -0.9523476
vn -0.1505680 -0.5285827 -0.8354218
vn -0.1505680 -0.5285827 -0.8354218
vn -0.5913472 -0.3246933 -0.7381617
vn -0.4217688 0.3153663 -0.8500913
vn 0.3260925 0.2287139 -0.9172533
vn -0.4217688 0.3153663 -0.8500913
vn 0.0594366 0.6488354 -0.7586039
vn -0.0548911 0.0270872 -0.9981249
vn -0.0391716 -0.1095153 0.9932131
vn 0.2420251 0.0786192 0.9670796
vn -0.0029529 -0.0362380 0.9993388
vn 0.2622305 0.6163810 0.7425023
vn -0.0029529 -0.0362380 0.9993388
vn -0.5437595 0.2822196 0.7903656
vn -0.0391716 -0.1095153 0.9932131
vn -0.3761722 -0.0103110 0.9264923
vn 0.4866307 -0.7520038 -0.4446131
vn -0.2262511 -0.9702533 -0.0861317
vn -0.1505680 -0.5285827 -0.8354218
vn -0.2262511 -0.9702533 -0.0861317
vn 0.7330677 0.4831090 -0.4787665
vn 0.7356568 -0.1514584 -0.6602041
vn 0.6960584 0.6949851 0.1802731
vn -0.3392368 0.8626642 -0.3751383
vn -0.5010944 0.8609946 0.0871368
vn 0.2935660 0.9529046 -0.0761039
vn -0.9043715 0.4170838 -0.0902956
vn -0.9117482 -0.0677812 -0.4051183
vn 0.0594366 0.6488354 -0.7586039
vn -0.4482654 -0.6290144 0.6351370
vn -0.1647032 0.7176179 0.6766811
vn -0.3392368 0.8626642 -0.3751383
vn 0.5676223 -0.1390254 0.8114658
vn 0.0022547 -0.2136323 0.9769115
vn 0.2602963 -0.7620438 0.5929040
vn 0.9915591 -0.1159766 -0.0579646
vn 0.6829432 -0.7247958 0.0908821
vn 0.8835939 0.2900907 0.3675720
vn 0.2602963 -0.7620438 0.5929040
vn 0.0022547 -0.2136323 0.9769115
vn -0.4482656 -0.6290142 0.6351370
vn -0.9062685 -0.0695631 0.4169391
vn -0.8799247 -0.4750932 0.0043604
vn -0.5010958 0.8609937 0.0871364
vn -0.1647041 0.7176182 0.6766806
vn 0.2935655 0.9529048 -0.0761040
vn -0.0548905 0.0270851 -0.9981250
vn 0.1714635 -0.2522616 -0.9523468
vn -0.1505629 -0.5285830 -0.8354225
vn -0.1505629 -0.5285830 -0.8354225
vn -0.5913407 -0.3246934 -0.7381668
vn -0.4217692 0.3153658 -0.8500912
vn 0.3260923 0.2287132 -0.9172535
vn -0.4217692 0.3153658 -0.8500912
vn 0.0594321 0.6488358 -0.7586039
vn -0.0548905 0.0270851 -0.9981250
vn -0.0391695 -0.1095187 0.9932126
vn 0.2420146 0.0786116 0.9670827
vn -0.0029521 -0.0362387 0.9993387
vn 0.2622332 0.6163810 0.7425013
vn -0.0029521 -0.0362387 0.9993387
vn -0.5437616 0.2822202 0.7903638
vn -0.0391695 -0.1095187 0.9932126
vn -0.3761785 -0.0103137 0.9264898
vn 0.4866315 -0.7520032 -0.4446132
vn -0.2262516 -0.9702533 -0.0861323
vn -0.1505629 -0.5285830 -0.8354225
vn -0.2262516 -0.9702533 -0.0861323
vn 0.7330678 0.4831096 -0.4787658
vn 0.7356539 -0.1514595 -0.6602070
vn 0.6960593 0.6949843 0.1802725
vn -0.3392360 0.8626642 -0.3751390
vn -0.5010958 0.8609937 0.0871364
vn 0.2935655 0.9529048 -0.0761040
vn -0.9043714 0.4170840 -0.0902954
vn -0.9117484 -0.0677807 -0.4051178
vn 0.0594321 0.6488358 -0.7586039
vn -0.4482656 -0.6290142 0.6351370
vn -0.1647041 0.7176182 0.6766806
vn -0.3392360 0.8626642 -0.3751390
vn 0.5676206 -0.1390259 0.8114669
vn 0.0022515 -0.2136325 0.9769114
vn 0.2602962 -0.7620438 0.5929040
vn 0.9915591 -0.1159767 -0.0579640
vn 0.6829430 -0.7247959 0.0908821
vn 0.8835934 0.2900905 0.3675734
vn 0.2602962 -0.7620438 0.5929040
vn 0.0022515 -0.2136325 0.9769114
vn -0.4482673 -0.6290138 0.6351362
vn -0.9062678 -0.0695648 0.4169405
vn -0.8799241 -0.4750944 0.0043604
vn -0.5010940 0.8609947 0.0871368
vn -0.1647028 0.7176181 0.6766810
vn 0.2935655 0.9529047 -0.0761043
vn -0.0548888 0.0270870 -0.9981250
vn 0.1714607 -0.2522604 -0.9523475
vn -0.1505699 -0.5285819 -0.8354219
vn -0.1505699 -0.5285819 -0.8354219
vn -0.5913486 -0.3246931 -0.7381606
vn -0.4217700 0.3153654 -0.8500911
vn 0.3260936 0.2287132 -0.9172531
vn -0.4217700 0.3153654 -0.8500911
vn 0.0594324 0.6488356 -0.7586041
vn -0.0548888 0.0270870 -0.9981250
vn -0.0391680 -0.1095158 0.9932130
vn 0.2420426 0.0786178 0.9670753
vn -0.0029525 -0.0362384 0.9993388
vn 0.2622297 0.6163812 0.7425023
vn -0.0029525 -0.0362384 0.9993388
vn -0.5437595 0.2822198 0.7903655
vn -0.0391680 -0.1095158 0.9932130
vn -0.3761783 -0.0103108 0.9264898
vn 0.4866323 -0.7520028 -0.4446129
vn -0.2262511 -0.9702533 -0.0861320
vn -0.1505699 -0.5285819 -0.8354219
vn -0.2262511 -0.9702533 -0.0861320
vn 0.7330682 0.4831085 -0.4787662
vn 0.7356560 -0.1514587 -0.6602048
vn 0.6960580 0.6949856 0.1802723
vn -0.3392370 0.8626642 -0.3751383
vn -0.5010940 0.8609947 0.0871368
vn 0.2935655 0.9529047 -0.0761043
vn -0.9043716 0.4170835 -0.0902961
vn -0.9117478 -0.0677822 -0.4051191
vn 0.0594324 0.6488356 -0.7586041
vn -0.4482673 -0.6290138 0.6351362
vn -0.1647028 0.7176181 0.6766810
vn -0.3392370 0.8626642 -0.3751383
vn 0.5676208 -0.1390256 0.8114668
vn 0.0022489 -0.2136340 0.9769111
vn 0.2602949 -0.7620438 0.5929045
vn 0.9915590 -0.1159769 -0.0579649
vn 0.6829439 -0.7247952 0.0908814
vn 0.8835927 0.2900907 0.3675749
vn 0.2602949 -0.7620438 0.5929045
vn 0.0022489 -0.2136340 0.9769111
vn -0.4482669 -0.6290144 0.6351359
vn -0.9062703 -0.0695629 0.4169357
vn -0.8799247 -0.4750931 0.0043616
vn -0.5010984 0.8609923 0.0871363
vn -0.1647036 0.7176177 0.6766813
vn 0.2935657 0.9529047 -0.0761039
vn -0.0548908 0.0270873 -0.9981249
vn 0.1714662 -0.2522594 -0.9523468
vn -0.1505633 -0.5285820 -0.8354231
vn -0.1505633 -0.5285820 -0.8354231
vn -0.5913428 -0.3246941 -0.7381648
vn -0.4217666 0.3153667 -0.8500921
vn 0.3260929 0.2287140 -0.9172532
vn -0.4217666 0.3153667 -0.8500921
vn 0.0594354 0.6488353 -0.7586040
vn -0.0548908 0.0270873 -0.9981249
vn -0.0391670 -0.1095210 0.9932125
vn 0.2420284 0.0786171 0.9670788
vn -0.0029417 -0.0362388 0.9993388
vn 0.2622396 0.6163792 0.7425005
vn -0.0029417 -0.0362388 0.9993388
vn -0.5437630 0.2822197 0.7903631
vn -0.0391670 -0.1095210 0.9932125
vn -0.3761833 -0.0103103 0.9264879
vn 0.4866316 -0.7520032 -0.4446131
vn -0.2262517 -0.9702533 -0.0861313
vn -0.1505633 -0.5285820 -0.8354231
vn -0.2262517 -0.9702533 -0.0861313
vn 0.7330675 0.4831090 -0.4787668
vn 0.7356554 -0.1514592 -0.6602056
vn 0.6960608 0.6949828 0.1802724
vn -0.3392362 0.8626642 -0.3751387
vn -0.5010984 0.8609923 0.0871363
vn 0.2935657 0.9529047 -0.0761039
vn -0.9043710 0.4170847 -0.0902955
vn -0.9117479 -0.0677821 -0.4051189
vn 0.0594354 0.6488353 -0.7586040
vn -0.4482669 -0.6290144 0.6351359
vn -0.1647036 0.7176177 0.6766813
vn -0.3392362 0.8626642 -0.3751387
vn 0.5676218 -0.1390254 0.8114662
vn 0.0022529 -0.2136347 0.9769111
vn 0.2602947 -0.7620440 0.5929043
vn 0.9915590 -0.1159770 -0.0579651
vn 0.6829442 -0.7247949 0.0908817
vn 0.8835923 0.2900910 0.3675756
vn 0.2602947 -0.7620440 0.5929043
vn 0.0022529 -0.2136347 0.9769111
vn -0.4482621 -0.6290157 0.6351380
vn -0.9062700 -0.0695624 0.4169361
vn -0.8799244 -0.4750938 0.0043613
vn -0.5010961 0.8609934 0.0871378
vn -0.1647044 0.7176179 0.6766808
vn 0.2935649 0.9529049 -0.0761042
vn -0.0548913 0.0270875 -0.9981248
vn 0.1714665 -0.2522594 -0.9523467
vn -0.1505638 -0.5285820 -0.8354229
vn -0.1505638 -0.5285820 -0.8354229
vn -0.5913426 -0.3246945 -0.7381649
vn -0.4217677 0.3153665 -0.8500917
vn 0.3260950 0.2287142 -0.9172522
vn -0.4217677 0.3153665 -0.8500917
vn 0.0594331 0.6488351 -0.7586045
vn -0.0548913 0.0270875 -0.9981248
vn -0.0391682 -0.1095221 0.9932123
vn 0.2419627 0.0786187 0.9670953
vn -0.0029466 -0.0362397 0.9993387
vn 0.2622344 0.6163802 0.7425016
vn -0.0029466 -0.0362397 0.9993387
vn -0.5437618 0.2822203 0.7903637
vn -0.0391682 -0.1095221 0.9932123
vn -0.3761781 -0.0103108 0.9264900
vn 0.4866315 -0.7520031 -0.4446134
vn -0.2262506 -0.9702536 -0.0861309
vn -0.1505638 -0.5285820 -0.8354229
vn -0.2262506 -0.9702536 -0.0861309
vn 0.7330682 0.4831091 -0.4787657
vn 0.7356567 -0.1514591 -0.6602040
vn 0.6960583 0.6949850 0.1802742
vn -0.3392362 0.8626641 -0.3751391
vn -0.5010961 0.8609934 0.0871378
vn 0.2935649 0.9529049 -0.0761042
vn -0.9043708 0.4170853 -0.0902954
vn -0.9117479 -0.0677812 -0.4051191
vn 0.0594331 0.6488351 -0.7586045
vn -0.4482621 -0.6290157 0.6351380
vn -0.1647044 0.7176179 0.6766808
vn -0.3392362 0.8626641 -0.3751391
vn 0.5676212 -0.1390260 0.8114666
vn 0.0022544 -0.2136334 0.9769112
vn 0.2602961 -0.7620432 0.5929047
vn 0.9915592 -0.1159768 -0.0579639
vn 0.6829429 -0.7247960 0.0908829
vn 0.8835934 0.2900901 0.3675737
vn 0.2602961 -0.7620432 0.5929047
vn 0.0022544 -0.2136334 0.9769112
vn -0.4482666 -0.6290135 0.6351370
vn -0.9062685 -0.0695640 0.4169393
vn -0.8799246 -0.4750932 0.0043606
vn -0.5010954 0.8609939 0.0871373
vn -0.1647006 0.7176184 0.6766813
vn 0.2935656 0.9529047 -0.0761039
vn -0.0548890 0.0270865 -0.9981250
vn 0.1714641 -0.2522613 -0.9523468
vn -0.1505670 -0.5285822 -0.8354223
vn -0.1505670 -0.5285822 -0.8354223
vn -0.5913464 -0.3246934 -0.7381624
vn -0.4217693 0.3153656 -0.8500913
vn 0.3260936 0.2287137 -0.9172530
vn -0.4217693 0.3153656 -0.8500913
vn 0.0594312 0.6488352 -0.7586044
vn -0.0548890 0.0270865 -0.9981250
vn -0.0391680 -0.1095134 0.9932134
vn 0.2420429 0.0786187 0.9670752
vn -0.0029491 -0.0362378 0.9993388
vn 0.2622314 0.6163810 0.7425018
vn -0.0029491 -0.0362378 0.9993388
vn -0.5437595 0.2822198 0.7903655
vn -0.0391680 -0.1095134 0.9932134
vn -0.3761778 -0.0103107 0.9264901
vn 0.4866316 -0.7520028 -0.4446136
vn -0.2262513 -0.9702535 -0.0861313
vn -0.1505670 -0.5285822 -0.8354223
vn -0.2262513 -0.9702535 -0.0861313
vn 0.7330685 0.4831086 -0.4787657
vn 0.7356573 -0.1514591 -0.6602035
vn 0.6960580 0.6949852 0.1802741
vn -0.3392368 0.8626642 -0.3751382
vn -0.5010954 0.8609939 0.0871373
vn 0.2935656 0.9529047 -0.0761039
vn -0.9043716 0.4170834 -0.0902958
vn -0.9117486 -0.0677814 -0.4051176
vn 0.0594312 0.6488352 -0.7586044
vn -0.4482666 -0.6290135 0.6351370
vn -0.1647006 0.7176184 0.6766813
vn -0.3392368 0.8626642 -0.3751382
vn 0.5676212 -0.1390258 0.8114666
vn 0.0022500 -0.2136335 0.9769113
vn 0.2602952 -0.7620438 0.5929044
vn 0.9915591 -0.1159769 -0.0579653
vn 0.6829442 -0.7247951 0.0908810
vn 0.8835927 0.2900912 0.3675745
vn 0.2602952 -0.7620438 0.5929044
vn 0.0022500 -0.2136335 0.9769113
vn -0.4482647 -0.6290151 0.6351367
vn -0.9062693 -0.0695639 0.4169375
vn -0.8799238 -0.4750947 0.0043608
vn -0.5010964 0.8609933 0.0871370
vn -0.1647039 0.7176179 0.6766811
vn 0.2935657 0.9529047 -0.0761037
vn -0.0548914 0.0270873 -0.9981248
vn 0.1714664 -0.2522598 -0.9523467
vn -0.1505633 -0.5285829 -0.8354225
vn -0.1505633 -0.5285829 -0.8354225
vn -0.5913430 -0.3246941 -0.7381648
vn -0.4217682 0.3153666 -0.8500914
vn 0.3260978 0.2287128 -0.9172517
vn -0.4217682 0.3153666 -0.8500914
vn 0.0594334 0.6488355 -0.7586040
vn -0.0548914 0.0270873 -0.9981248
vn -0.0391648 -0.1095202 0.9932126
vn 0.2419739 0.0786194 0.9670923
vn -0.0029489 -0.0362383 0.9993388
vn 0.2622345 0.6163802 0.7425015
vn -0.0029489 -0.0362383 0.9993388
vn -0.5437638 0.2822191 0.7903628
vn -0.0391648 -0.1095202 0.9932126
vn -0.3761757 -0.0103087 0.9264909
vn 0.4866318 -0.7520031 -0.4446132
vn -0.2262498 -0.9702538 -0.0861313
vn -0.1505633 -0.5285829 -0.8354225
vn -0.2262498 -0.9702538 -0.0861313
vn 0.7330700 0.4831078 -0.4787642
vn 0.7356570 -0.1514594 -0.6602037
vn 0.6960586 0.6949849 0.1802733
vn -0.3392354 0.8626649 -0.3751381
vn -0.5010964 0.8609933 0.0871370
vn 0.2935657 0.9529047 -0.0761037
vn -0.9043711 0.4170846 -0.0902962
vn -0.9117481 -0.0677804 -0.4051187
vn 0.0594334 0.6488355 -0.7586040
vn -0.4482647 -0.6290151 0.6351367
vn -0.1647039 0.7176179 0.6766811
vn -0.3392354 0.8626649 -0.3751381
vn 0.5676201 -0.1390255 0.8114673
vn 0.0022530 -0.2136323 0.9769115
vn 0.2602968 -0.7620434 0.5929042
vn 0.9915591 -0.1159764 -0.0579658
vn 0.6829435 -0.7247956 0.0908809
vn 0.8835927 0.2900917 0.3675743
vn 0.2602968 -0.7620434 0.5929042
vn 0.0022530 -0.2136323 0.9769115
vn -0.4482626 -0.6290161 0.6351372
vn -0.9062696 -0.0695635 0.4169368
vn -0.8799238 -0.4750949 0.0043614
vn -0.5010955 0.8609939 0.0871369
vn -0.1647024 0.7176185 0.6766807
vn 0.2935651 0.9529049 -0.0761048
vn -0.0548893 0.0270870 -0.9981250
vn 0.1714679 -0.2522578 -0.9523469
vn -0.1505677 -0.5285812 -0.8354228
vn -0.1505677 -0.5285812 -0.8354228
vn -0.5913492 -0.3246927 -0.7381604
vn -0.4217685 0.3153659 -0.8500915
vn 0.3260944 0.2287126 -0.9172530
vn -0.4217685 0.3153659 -0.8500915
vn 0.0594337 0.6488352 -0.7586043
vn -0.0548893 0.0270870 -0.9981250
vn -0.0391694 -0.1095212 0.9932123
vn 0.2419691 0.0786174 0.9670937
vn -0.0029500 -0.0362397 0.9993388
vn 0.2622345 0.6163810 0.7425007
vn -0.0029500 -0.0362397 0.9993388
vn -0.5437629 0.2822199 0.7903630
vn -0.0391694 -0.1095212 0.9932123
vn -0.3761823 -0.0103109 0.9264883
vn 0.4866322 -0.7520028 -0.4446132
vn -0.2262509 -0.9702535 -0.0861317
vn -0.1505677 -0.5285812 -0.8354228
vn -0.2262509 -0.9702535 -0.0861317
vn 0.7330686 0.4831082 -0.4787661
vn 0.7356571 -0.1514579 -0.6602038
vn 0.6960592 0.6949846 0.1802721
vn -0.3392367 0.8626640 -0.3751388
vn -0.5010955 0.8609939 0.0871369
vn 0.2935651 0.9529049 -0.0761048
vn -0.9043709 0.4170849 -0.0902960
vn -0.9117479 -0.0677817 -0.4051189
vn 0.0594337 0.6488352 -0.7586043
vn -0.4482626 -0.6290161 0.6351372
vn -0.1647024 0.7176185 0.6766807
vn -0.3392367 0.8626640 -0.3751388
vn 0.5676197 -0.1390261 0.8114676
vn 0.0022502 -0.2136327 0.9769115
vn 0.2602948 -0.7620440 0.5929043
vn 0.9915591 -0.1159768 -0.0579639
vn 0.6829439 -0.7247952 0.0908822
vn 0.8835934 0.2900900 0.3675736
vn 0.2602948 -0.7620440 0.5929043
vn 0.0022502 -0.2136327 0.9769115
vn -0.4482674 -0.6290137 0.6351362
vn -0.9062684 -0.0695637 0.4169394
vn -0.8799250 -0.4750926 0.0043595
vn -0.5010946 0.8609944 0.0871366
vn -0.1647017 0.7176182 0.6766811
vn 0.2935667 0.9529043 -0.0761043
vn -0.0548880 0.0270874 -0.9981250
vn 0.1714627 -0.2522600 -0.9523473
vn -0.1505683 -0.5285824 -0.8354219
vn -0.1505683 -0.5285824 -0.8354219
vn -0.5913485 -0.3246932 -0.7381607
vn -0.4217701 0.3153659 -0.8500907
vn 0.3260956 0.2287140 -0.9172522
vn -0.4217701 0.3153659 -0.8500907
vn 0.0594325 0.6488356 -0.7586040
vn -0.0548880 0.0270874 -0.9981250
vn -0.0391677 -0.1095170 0.9932129
vn 0.2420157 0.0786190 0.9670819
vn -0.0029535 -0.0362382 0.9993388
vn 0.2622313 0.6163805 0.7425023
vn -0.0029535 -0.0362382 0.9993388
vn -0.5437611 0.2822190 0.7903646
vn -0.0391677 -0.1095170 0.9932129
vn -0.3761773 -0.0103106 0.9264903
vn 0.4866320 -0.7520030 -0.4446131
vn -0.2262509 -0.9702534 -0.0861320
vn -0.1505683 -0.5285824 -0.8354219
vn -0.2262509 -0.9702534 -0.0861320
vn 0.7330687 0.4831088 -0.4787652
vn 0.7356566 -0.1514583 -0.6602042
vn 0.6960592 0.6949842 0.1802732
vn -0.3392358 0.8626644 -0.3751389
vn -0.5010946 0.8609944 0.0871366
vn 0.2935667 0.9529043 -0.0761043
vn -0.9043719 0.4170829 -0.0902960
vn -0.9117486 -0.0677812 -0.4051172
vn 0.0594325 0.6488356 -0.7586040
vn -0.4482674 -0.6290137 0.6351362
vn -0.1647017 0.7176182 0.6766811
vn -0.3392358 0.8626644 -0.3751389
vn 0.5676259 -0.1390247 0.8114635
vn 0.0022557 -0.2136371 0.9769105
vn 0.2602980 -0.7620448 0.5929018
vn 0.9915592 -0.1159759 -0.0579653
vn 0.6829428 -0.7247962 0.0908824
vn 0.8835930 0.2900909 0.3675739
vn 0.2602980 -0.7620448 0.5929018
vn 0.0022557 -0.2136371 0.9769105
vn -0.4482655 -0.6290174 0.6351339
vn -0.9062673 -0.0695651 0.4169416
vn -0.8799233 -0.4750957 0.0043638
vn -0.5010967 0.8609933 0.0871359
vn -0.1647043 0.7176191 0.6766797
vn 0.2935651 0.9529049 -0.0761040
vn -0.0548918 0.0270873 -0.9981248
vn 0.1714624 -0.2522613 -0.9523470
vn -0.1505692 -0.5285827 -0.8354217
vn -0.1505692 -0.5285827 -0.8354217
vn -0.5913458 -0.3246928 -0.7381631
vn -0.4217665 0.3153666 -0.8500923
vn 0.3260988 0.2287137 -0.9172511
vn -0.4217665 0.3153666 -0.8500923
vn 0.0594344 0.6488357 -0.7586038
vn -0.0548918 0.0270873 -0.9981248
vn -0.0391757 -0.1095230 0.9932119
vn 0.2420090 0.0786250 0.9670830
vn -0.0029463 -0.0362374 0.9993388
vn 0.2622367 0.6163826 0.7424986
vn -0.0029463 -0.0362374 0.9993388
vn -0.5437642 0.2822182 0.7903628
vn -0.0391757 -0.1095230 0.9932119
vn -0.3761776 -0.0103143 0.9264901
vn 0.4866308 -0.7520036 -0.4446135
vn -0.2262508 -0.9702535 -0.0861316
vn -0.1505692 -0.5285827 -0.8354217
vn -0.2262508 -0.9702535 -0.0861316
vn 0.7330682 0.4831092 -0.4787657
vn 0.7356585 -0.1514590 -0.6602020
vn 0.6960583 0.6949843 0.1802763
vn -0.3392349 0.8626648 -0.3751389
vn -0.5010967 0.8609933 0.0871359
vn 0.2935651 0.9529049 -0.0761040
vn -0.9043710 0.4170849 -0.0902963
vn -0.9117475 -0.0677807 -0.4051200
vn 0.0594344 0.6488357 -0.7586038
vn -0.4482655 -0.6290174 0.6351339
vn -0.1647043 0.7176191 0.6766797
vn -0.3392349 0.8626648 -0.3751389
vn 0.5676206 -0.1390257 0.8114669
vn 0.0022523 -0.2136332 0.9769113
vn 0.2602957 -0.7620438 0.5929041
vn 0.9915592 -0.1159766 -0.0579635
vn 0.6829432 -0.7247959 0.0908820
vn 0.8835927 0.2900904 0.3675752
vn 0.2602957 -0.7620438 0.5929041
vn 0.0022523 -0.2136332 0.9769113
vn -0.4482664 -0.6290140 0.6351367
vn -0.9062686 -0.0695638 0.4169388
vn -0.8799246 -0.4750934 0.0043607
vn -0.5010939 0.8609948 0.0871373
vn -0.1647024 0.7176185 0.6766807
vn 0.2935655 0.9529047 -0.0761046
vn -0.0548874 0.0270868 -0.9981251
vn 0.1714607 -0.2522604 -0.9523476
vn -0.1505664 -0.5285827 -0.8354220
vn -0.1505664 -0.5285827 -0.8354220
vn -0.5913480 -0.3246934 -0.7381609
vn -0.4217704 0.3153657 -0.8500907
vn 0.3260940 0.2287132 -0.9172528
vn -0.4217704 0.3153657 -0.8500907
vn 0.0594328 0.6488355 -0.7586040
vn -0.0548874 0.0270868 -0.9981251
vn -0.0391710 -0.1095146 0.9932131
vn 0.2420418 0.0786181 0.9670754
vn -0.0029515 -0.0362384 0.9993388
vn 0.2622327 0.6163808 0.7425017
vn -0.0029515 -0.0362384 0.9993388
vn -0.5437604 0.2822198 0.7903649
vn -0.0391710 -0.1095146 0.9932131
vn -0.3761779 -0.0103110 0.9264900
vn 0.4866312 -0.7520034 -0.4446133
vn -0.2262508 -0.9702535 -0.0861319
vn -0.1505664 -0.5285827 -0.8354220
vn -0.2262508 -0.9702535 -0.0861319
vn 0.7330689 0.4831084 -0.4787653
vn 0.7356543 -0.1514590 -0.6602067
vn 0.6960586 0.6949847 0.1802736
vn -0.3392352 0.8626650 -0.3751379
vn -0.5010939 0.8609948 0.0871373
vn 0.2935655 0.9529047 -0.0761046
vn -0.9043714 0.4170839 -0.0902958
vn -0.9117485 -0.0677815 -0.4051174
vn 0.0594328 0.6488355 -0.7586040
vn -0.4482664 -0.6290140 0.6351367
vn -0.1647024 0.7176185 0.6766807
vn -0.3392352 0.8626650 -0.3751379
usemtl AppleMAT
f 1/1/1 2/2/2 3/3/3
f 4/4/4 1/1/1 5/5/5
f 6/6/6 1/1/1 4/4/4
f 27/27/27 1/1/1 28/28/28
f 28/28/28 1/1/1 6/6/6
f 5/5/5 1/1/1 3/3/3
f 27/27/27 32/32/32 1/1/1
f 32/32/32 2/2/2 1/1/1
f 31/31/31 2/2/2 32/32/32
f 31/31/31 32/32/32 27/27/27
f 27/27/27 28/28/28 13/13/13
f 39/39/39 28/28/28 6/6/6
f 14/14/14 13/13/13 28/28/28
f 14/14/14 28/28/28 39/39/39
f 6/6/6 4/4/4 37/37/37
f 37/37/37 39/39/39 6/6/6
f 14/14/14 39/39/39 37/37/37
f 12/12/12 13/13/13 14/14/14
f 14/14/14 37/37/37 23/23/23
f 48/48/48 14/14/14 23/23/23
f 23/23/23 37/37/37 21/21/21
f 37/37/37 4/4/4 38/38/38
f 21/21/21 37/37/37 38/38/38
f 21/21/21 22/22/22 23/23/23
f 15/15/15 22/22/22 21/21/21
f 21/21/21 38/38/38 16/16/16
f 16/16/16 15/15/15 21/21/21
f 4/4/4 33/33/33 38/38/38
f 38/38/38 33/33/33 16/16/16
f 4/4/4 5/5/5 33/33/33
f 33/33/33 34/34/34 35/35/35
f 16/16/16 33/33/33 35/35/35
f 5/5/5 34/34/34 33/33/33
f 15/15/15 16/16/16 17/17/17
f 34/34/34 3/3/3 46/46/46
f 5/5/5 3/3/3 34/34/34
f 7/7/7 8/8/8 9/9/9
f 25/25/25 26/26/26 8/8/8
f 30/30/30 9/9/9 8/8/8
f 8/8/8 26/26/26 30/30/30
f 9/9/9 10/10/10 11/11/11
f 9/9/9 11/11/11 36/36/36
f 9/9/9 30/30/30 10/10/10
f 10/10/10 30/30/30 43/43/43
f 11/11/11 10/10/10 43/43/43
f 36/36/36 11/11/11 19/19/19
f 19/19/19 11/11/11 44/44/44
f 44/44/44 11/11/11 43/43/43
f 36/36/36 19/19/19 18/18/18
f 18/18/18 19/19/19 20/20/20
f 44/44/44 20/20/20 19/19/19
f 44/44/44 43/43/43 20/20/20
f 43/43/43 41/41/41 40/40/40
f 43/43/43 30/30/30 41/41/41
f 20/20/20 43/43/43 40/40/40
f 18/18/18 20/20/20 24/24/24
f 20/20/20 40/40/40 45/45/45
f 40/40/40 41/41/41 42/42/42
f 41/41/41 30/30/30 47/47/47
f 26/26/26 29/29/29 30/30/30
f 30/30/30 29/29/29 47/47/47
f 25/25/25 29/29/29 26/26/26
f 49/49/49 50/50/50 51/51/51
f 52/52/52 49/49/49 53/53/53
f 54/54/54 49/49/49 52/52/52
f 75/75/75 49/49/49 76/76/76
f 76/76/76 49/49/49 54/54/54
f 53/53/53 49/49/49 51/51/51
f 75/75/75 80/80/80 49/49/49
f 80/80/80 50/50/50 49/49/49
f 79/79/79 50/50/50 80/80/80
f 79/79/79 80/80/80 75/75/75
f 75/75/75 76/76/76 61/61/61
f 87/87/87 76/76/76 54/54/54
f 62/62/62 61/61/61 76/76/76
f 62/62/62 76/76/76 87/87/87
f 54/54/54 52/52/52 85/85/85
f 85/85/85 87/87/87 54/54/54
f 62/62/62 87/87/87 85/85/85
f 60/60/60 61/61/61 62/62/62
f 62/62/62 85/85/85 71/71/71
f 96/96/96 62/62/62 71/71/71
f 71/71/71 85/85/85 69/69/69
f 85/85/85 52/52/52 86/86/86
f 69/69/69 85/85/85 86/86/86
f 69/69/69 70/70/70 71/71/71
f 63/63/63 70/70/70 69/69/69
f 69/69/69 86/86/86 64/64/64
f 64/64/64 63/63/63 69/69/69
f 52/52/52 81/81/81 86/86/86
f 86/86/86 81/81/81 64/64/64
f 52/52/52 53/53/53 81/81/81
f 81/81/81 82/82/82 83/83/83
f 64/64/64 81/81/81 83/83/83
f 53/53/53 82/82/82 81/81/81
f 63/63/63 64/64/64 65/65/65
f 82/82/82 51/51/51 94/94/94
f 53/53/53 51/51/51 82/82/82
f 55/55/55 56/56/56 57/57/57
f 73/73/73 74/74/74 56/56/56
f 78/78/78 57/57/57 56/56/56
f 56/56/56 74/74/74 78/78/78
f 57/57/57 58/58/58 59/59/59
f 57/57/57 59/59/59 84/84/84
f 57/57/57 78/78/78 58/58/58
f 58/58/58 78/78/78 91/91/91
f 59/59/59 58/58/58 91/91/91
f 84/84/84 59/59/59 67/67/67
f 67/67/67 59/59/59 92/92/92
f 92/92/92 59/59/59 91/91/91
f 84/84/84 67/67/67 66/66/66
f 66/66/66 67/67/67 68/68/68
f 92/92/92 68/68/68 67/67/67
f 92/92/92 91/91/91 68/68/68
f 91/91/91 89/89/89 88/88/88
f 91/91/91 78/78/78 89/89/89
f 68/68/68 91/91/91 88/88/88
f 66/66/66 68/68/68 72/72/72
f 68/68/68 88/88/88 93/93/93
f 88/88/88 89/89/89 90/90/90
f 89/89/89 78/78/78 95/95/95
f 74/74/74 77/77/77 78/78/78
f 78/78/78 77/77/77 95/95/95
f 73/73/73 77/77/77 74/74/74
f 97/97/97 98/98/98 99/99/99
f 100/100/100 97/97/97 101/101/101
f 102/102/102 97/97/97 100/100/100
f 123/123/123 97/97/97 124/124/124
f 124/124/124 97/97/97 102/102/102
f 101/101/101 97/97/97 99/99/99
f 123/123/123 128/128/128 97/97/97
f 128/128/128 98/98/98 97/97/97
f 127/127/127 98/98/98 128/128/128
f 127/127/127 128/128/128 123/123/123
f 123/123/123 124/124/124 109/109/109
f 135/135/135 124/124/124 102/102/102
f 110/110/110 109/109/109 124/124/124
f 110/110/110 124/124/124 135/135/135
f 102/102/102 100/100/100 133/133/133
f 133/133/133 135/135/135 102/102/102
f 110/110/110 135/135/135 133/133/133
f 108/108/108 109/109/109 110/110/110
f 110/110/110 133/133/133 119/119/119
f 144/144/144 110/110/110 119/119/119
f 119/119/119 133/133/133 117/117/117
f 133/133/133 100/100/100 134/134/134
f 117/117/117 133/133/133 134/134/134
f 117/117/117 118/118/118 119/119/119
f 111/111/111 118/118/118 117/117/117
f 117/117/117 134/134/134 112/112/112
f 112/112/112 111/111/111 117/117/117
f 100/100/100 129/129/129 134/134/134
f 134/134/134 129/129/129 112/112/112
f 100/100/100 101/101/101 129/129/129
f 129/129/129 130/130/130 131/131/131
f 112/112/112 129/129/129 131/131/131
f 101/101/101 130/130/130 129/129/129
f 111/111/111 112/112/112 113/113/113
f 130/130/130 99/99/99 142/142/142
f 101/101/101 99/99/99 130/130/130
f 103/103/103 104/104/104 105/105/105
f 121/121/121 122/122/122 104/104/104
f 126/126/126 105/105/105 104/104/104
f 104/104/104 122/122/122 126/126/126
f 105/105/105 106/106/106 107/107/107
f 105/105/105 107/107/107 132/132/132
f 105/105/105 126/126/126 106/106/106
f 106/106/106 126/126/126 139/139/139
f 107/107/107 106/106/106 139/139/139
f 132/132/132 107/107/107 115/115/115
f 115/115/115 107/107/107 140/140/140
f 140/140/140 107/107/107 139/139/139
f 132/132/132 115/115/115 114/114/114
f 114/114/114 115/115/115 116/116/116
f 140/140/140 116/116/116 115/115/115
f 140/140/140 139/139/139 116/116/116
f 139/139/139 137/137/137 136/136/136
f 139/139/139 126/126/126 137/137/137
f 116/116/116 139/139/139 136/136/136
f 114/114/114 116/116/116 120/120/120
f 116/116/116 136/136/136 141/141/141
f 136/136/136 137/137/137 138/138/138
f 137/137/137 126/126/126 143/143/143
f 122/122/122 125/125/125 126/126/126
f 126/126/126 125/125/125 143/143/143
f 121/121/121 125/125/125 122/122/122
f 145/145/145 146/146/146 147/147/147
f 148/148/148 145/145/145 149/149/149
f 150/150/150 145/145/145 148/148/148
f 171/171/171 145/145/145 172/172/172
f 172/172/172 145/145/145 150/150/150
f 149/149/149 145/145/145 147/147/147
f 171/171/171 176/176/176 145/145/145
f 176/176/176 146/146/146 145/145/145
f 175/175/175 146/146/146 176/176/176
f 175/175/175 176/176/176 171/171/171
f 171/171/171 172/172/172 157/157/157
f 183/183/183 172/172/172 150/150/150
f 158/158/158 157/157/157 172/172/172
f 158/158/158 172/172/172 183/183/183
f 150/150/150 148/148/148 181/181/181
f 181/181/181 183/183/183 150/150/150
f 158/158/158 183/183/183 181/181/181
f 156/156/156 157/157/157 158/158/158
f 158/158/158 181/181/181 167/167/167
f 192/192/192 158/158/158 167/167/167
f 167/167/167 181/181/181 165/165/165
f 181/181/181 148/148/148 182/182/182
f 165/165/165 181/181/181 182/182/182
f 165/165/165 166/166/166 167/167/167
f 159/159/159 166/166/166 165/165/165
f 165/165/165 182/182/182 160/160/160
f 160/160/160 159/159/159 165/165/165
f 148/148/148 177/177/177 182/182/182
f 182/182/182 177/177/177 160/160/160
f 148/148/148 149/149/149 177/177/177
f 177/177/177 178/178/178 179/179/179
f 160/160/160 177/177/177 179/179/179
f 149/149/149 178/178/178 177/177/177
f 159/159/159 160/160/160 161/161/161
f 178/178/178 147/147/147 190/190/190
f 149/149/149 147/147/147 178/178/178
f 151/151/151 152/152/152 153/153/153
f 169/169/169 170/170/170 152/152/152
f 174/174/174 153/153/153 152/152/152
f 152/152/152 170/170/170 174/174/174
f 153/153/153 154/154/154 155/155/155
f 153/153/153 155/155/155 180/180/180
f 153/153/153 174/174/174 154/154/154
f 154/154/154 174/174/174 187/187/187
f 155/155/155 154/154/154 187/187/187
f 180/180/180 155/155/155 163/163/163
f 163/163/163 155/155/155 188/188/188
f 188/188/188 155/155/155 187/187/187
f 180/180/180 163/163/163 162/162/162
f 162/162/162 163/163/163 164/164/164
f 188/188/188 164/164/164 163/163/163
f 188/188/188 187/187/187 164/164/164
f 187/187/187 185/185/185 184/184/184
f 187/187/187 174/174/174 185/185/185
f 164/164/164 187/187/187 184/184/184
f 162/162/162 164/164/164 168/168/168
f 164/164/164 184/184/184 189/189/189
f 184/184/184 185/185/185 186/186/186
f 185/185/185 174/174/174 191/191/191
f 170/170/170 173/173/173 174/174/174
f 174/174/174 173/173/173 191/191/191
f 169/169/169 173/173/173 170/170/170
f 193/193/193 194/194/194 195/195/195
f 196/196/196 193/193/193 197/197/197
f 198/198/198 193/193/193 196/196/196
f 219/219/219 193/193/193 220/220/220
f 220/220/220 193/193/193 198/198/198
f 197/197/197 193/193/193 195/195/195
f 219/219/219 224/224/224 193/193/193
f 224/224/224 194/194/194 193/193/193
f 223/223/223 194/194/194 224/224/224
f 223/223/223 224/224/224 219/219/219
f 219/219/219 220/220/220 205/205/205
f 231/231/231 220/220/220 198/198/198
f 206/206/206 205/205/205 220/220/220
f 206/206/206 220/220/220 231/231/231
f 198/198/198 196/196/196 229/229/229
f 229/229/229 231/231/231 198/198/198
f 206/206/206 231/231/231 229/229/229
f 204/204/204 205/205/205 206/206/206
f 206/206/206 229/229/229 215/215/215
f 240/240/240 206/206/206 215/215/215
f 215/215/215 229/229/229 213/213/213
f 229/229/229 196/196/196 230/230/230
f 213/213/213 229/229/229 230/230/230
f 213/213/213 214/214/214 215/215/215
f 207/207/207 214/214/214 213/213/213
f 213/213/213 230/230/230 208/208/208
f 208/208/208 207/207/207 213/213/213
f 196/196/196 225/225/225 230/230/230
f 230/230/230 225/225/225 208/208/208
f 196/196/196 197/197/197 225/225/225
f 225/225/225 226/226/226 227/227/227
f 208/208/208 225/225/225 227/227/227
f 197/197/197 226/226/226 225/225/225
f 207/207/207 208/208/208 209/209/209
f 226/226/226 195/195/195 238/238/238
f 197/197/197 195/195/195 226/226/226
f 199/199/199 200/200/200 201/201/201
f 217/217/217 218/218/218 200/200/200
f 222/222/222 201/201/201 200/200/200
f 200/200/200 218/218/218 222/222/222
f 201/201/201 202/202/202 203/203/203
f 201/201/201 203/203/203 228/228/228
f 201/201/201 222/222/222 202/202/202
f 202/202/202 222/222/222 235/235/235
f 203/203/203 202/202/202 235/235/235
f 228/228/228 203/203/203 211/211/211
f 211/211/211 203/203/203 236/236/236
f 236/236/236 203/203/203 235/235/235
f 228/228/228 211/211/211 210/210/210
f 210/210/210 211/211/211 212/212/212
f 236/236/236 212/212/212 211/211/211
f 236/236/236 235/235/235 212/212/212
f 235/235/235 233/233/233 232/232/232
f 235/235/235 222/222/222 233/233/233
f 212/212/212 235/235/235 232/232/232
f 210/210/210 212/212/212 216/216/216
f 212/212/212 232/232/232 237/237/237
f 232/232/232 233/233/233 234/234/234
f 233/233/233 222/222/222 239/239/239
f 218/218/218 221/221/221 222/222/222
f 222/222/222 221/221/221 239/239/239
f 217/217/217 221/221/221 218/218/218
f 241/241/241 242/242/242 243/243/243
f 244/244/244 241/241/241 245/245/245
f 246/246/246 241/241/241 244/244/244
f 267/267/267 241/241/241 268/268/268
f 268/268/268 241/241/241 246/246/246
f 245/245/245 241/241/241 243/243/243
f 267/267/267 272/272/272 241/241/241
f 272/272/272 242/242/242 241/241/241
f 271/271/271 242/242/242 272/272/272
f 271/271/271 272/272/272 267/267/267
f 267/267/267 268/268/268 253/253/253
f 279/279/279 268/268/268 246/246/246
f 254/254/254 253/253/253 268/268/268
f 254/254/254 268/268/268 279/279/279
f 246/246/246 244/244/244 277/277/277
f 277/277/277 279/279/279 246/246/246
f 254/254/254 279/279/279 277/277/277
f 252/252/252 253/253/253 254/254/254
f 254/254/254 277/277/277 263/263/263
f 288/288/288 254/254/254 263/263/263
f 263/263/263 277/277/277 261/261/261
f 277/277/277 244/244/244 278/278/278
f 261/261/261 277/277/277 278/278/278
f 261/261/261 262/262/262 263/263/263
f 255/255/255 262/262/262 261/261/261
f 261/261/261 278/278/278 256/256/256
f 256/256/256 255/255/255 261/261/261
f 244/244/244 273/273/273 278/278/278
f 278/278/278 273/273/273 256/256/256
f 244/244/244 245/245/245 273/273/273
f 273/273/273 274/274/274 275/275/275
f 256/256/256 273/273/273 275/275/275
f 245/245/245 274/274/274 273/273/273
f 255/255/255 256/256/256 257/257/257
f 274/274/274 243/243/243 286/286/286
f 245/245/245 243/243/243 274/274/274
f 247/247/247 248/248/248 249/249/249
f 265/265/265 266/266/266 248/248/248
f 270/270/270 249/249/249 248/248/248
f 248/248/248 266/266/266 270/270/270
f 249/249/249 250/250/250 251/251/251
f 249/249/249 251/251/251 276/276/276
f 249/249/249 270/270/270 250/250/250
f 250/250/250 270/270/270 283/283/283
f 251/251/251 250/250/250 283/283/283
f 276/276/276 251/251/251 259/259/259
f 259/259/259 251/251/251 284/284/284
f 284/284/284 251/251/251 283/283/283
f 276/276/276 259/259/259 258/258/258
f 258/258/258 259/259/259 260/260/260
f 284/284/284 260/260/260 259/259/259
f 284/284/284 283/283/283 260/260/260
f 283/283/283 281/281/281 280/280/280
f 283/283/283 270/270/270 281/281/281
f 260/260/260 283/283/283 280/280/280
f 258/258/258 260/260/260 264/264/264
f 260/260/260 280/280/280 285/285/285
f 280/280/280 281/281/281 282/282/282
f 281/281/281 270/270/270 287/287/287
f 266/266/266 269/269/269 270/270/270
f 270/270/270 269/269/269 287/287/287
f 265/265/265 269/269/269 266/266/266
f 289/289/289 290/290/290 291/291/291
f 292/292/292 289/289/289 293/293/293
f 294/294/294 289/289/289 292/292/292
f 315/315/315 289/289/289 316/316/316
f 316/316/316 289/289/289 294/294/294
f 293/293/293 289/289/289 291/291/291
f 315/315/315 320/320/320 289/289/289
f 320/320/320 290/290/290 289/289/289
f 319/319/319 290/290/290 320/320/320
f 319/319/319 320/320/320 315/315/315
f 315/315/315 316/316/316 301/301/301
f 327/327/327 316/316/316 294/294/294
f 302/302/302 301/301/301 316/316/316
f 302/302/302 316/316/316 327/327/327
f 294/294/294 292/292/292 325/325/325
f 325/325/325 327/327/327 294/294/294
f 302/302/302 327/327/327 325/325/325
f 300/300/300 301/301/301 302/302/302
f 302/302/302 325/325/325 311/311/311
f 336/336/336 302/302/302 311/311/311
f 311/311/311 325/325/325 309/309/309
f 325/325/325 292/292/292 326/326/326
f 309/309/309 325/325/325 326/326/326
f 309/309/309 310/310/310 311/311/311
f 303/303/303 310/310/310 309/309/309
f 309/309/309 326/326/326 304/304/304
f 304/304/304 303/303/303 309/309/309
f 292/292/292 321/321/321 326/326/326
f 326/326/326 321/321/321 304/304/304
f 292/292/292 293/293/293 321/321/321
f 321/321/321 322/322/322 323/323/323
f 304/304/304 321/321/321 323/323/323
f 293/293/293 322/322/322 321/321/321
f 303/303/303 304/304/304 305/305/305
f 322/322/322 291/291/291 334/334/334
f 293/293/293 291/291/291 322/322/322
f 295/295/295 296/296/296 297/297/297
f 313/313/313 314/314/314 296/296/296
f 318/318/318 297/297/297 296/296/296
f 296/296/296 314/314/314 318/318/318
f 297/297/297 298/298/298 299/299/299
f 297/297/297 299/299/299 324/324/324
f 297/297/297 318/318/318 298/298/298
f 298/298/298 318/318/318 331/331/331
f 299/299/299 298/298/298 331/331/331
f 324/324/324 299/299/299 307/307/307
f 307/307/307 299/299/299 332/332/332
f 332/332/332 299/299/299 331/331/331
f 324/324/324 307/307/307 306/306/306
f 306/306/306 307/307/307 308/308/308
f 332/332/332 308/308/308 307/307/307
f 332/332/332 331/331/331 308/308/308
f 331/331/331 329/329/329 328/328/328
f 331/331/331 318/318/318 329/329/329
f 308/308/308 331/331/331 328/328/328
f 306/306/306 308/308/308 312/312/312
f 308/308/308 328/328/328 333/333/333
f 328/328/328 329/329/329 330/330/330
f 329/329/329 318/318/318 335/335/335
f 314/314/314 317/317/317 318/318/318
f 318/318/318 317/317/317 335/335/335
f 313/313/313 317/317/317 314/314/314
f 337/337/337 338/338/338 339/339/339
f 340/340/340 337/337/337 341/341/341
f 342/342/342 337/337/337 340/340/340
f 363/363/363 337/337/337 364/364/364
f 364/364/364 337/337/337 342/342/342
f 341/341/341 337/337/337 339/339/339
f 363/363/363 368/368/368 337/337/337
f 368/368/368 338/338/338 337/337/337
f 367/367/367 338/338/338 368/368/368
f 367/367/367 368/368/368 363/363/363
f 363/363/363 364/364/364 349/349/349
f 375/375/375 364/364/364 342/342/342
f 350/350/350 349/349/349 364/364/364
f 350/350/350 364/364/364 375/375/375
f 342/342/342 340/340/340 373/373/373
f 373/373/373 375/375/375 342/342/342
f 350/350/350 375/375/375 373/373/373
f 348/348/348 349/349/349 350/350/350
f 350/350/350 373/373/373 359/359/359
f 384/384/384 350/350/350 359/359/359
f 359/359/359 373/373/373 357/357/357
f 373/373/373 340/340/340 374/374/374
f 357/357/357 373/373/373 374/374/374
f 357/357/357 358/358/358 359/359/359
f 351/351/351 358/358/358 357/357/357
f 357/357/357 374/374/374 352/352/352
f 352/352/352 351/351/351 357/357/357
f 340/340/340 369/369/369 374/374/374
f 374/374/374 369/369/369 352/352/352
f 340/340/340 341/341/341 369/369/369
f 369/369/369 370/370/370 371/371/371
f 352/352/352 369/369/369 371/371/371
f 341/341/341 370/370/370 369/369/369
f 351/351/351 352/352/352 353/353/353
f 370/370/370 339/339/339 382/382/382
f 341/341/341 339/339/339 370/370/370
f 343/343/343 344/344/344 345/345/345
f 361/361/361 362/362/362 344/344/344
f 366/366/366 345/345/345 344/344/344
f 344/344/344 362/362/362 366/366/366
f 345/345/345 346/346/346 347/347/347
f 345/345/345 347/347/347 372/372/372
f 345/345/345 366/366/366 346/346/346
f 346/346/346 366/366/366 379/379/379
f 347/347/347 346/346/346 379/379/379
f 372/372/372 347/347/347 355/355/355
f 355/355/355 347/347/347 380/380/380
f 380/380/380 347/347/347 379/379/379
f 372/372/372 355/355/355 354/354/354
f 354/354/354 355/355/355 356/356/356
f 380/380/380 356/356/356 355/355/355
f 380/380/380 379/379/379 356/356/356
f 379/379/379 377/377/377 376/376/376
f 379/379/379 366/366/366 377/377/377
f 356/356/356 379/379/379 376/376/376
f 354/354/354 356/356/356 360/360/360
f 356/356/356 376/376/376 381/381/381
f 376/376/376 377/377/377 378/378/378
f 377/377/377 366/366/366 383/383/383
f 362/362/362 365/365/365 366/366/366
f 366/366/366 365/365/365 383/383/383
f 361/361/361 365/365/365 362/362/362
f 385/385/385 386/386/386 387/387/387
f 388/388/388 385/385/385 389/389/389
f 390/390/390 385/385/385 388/388/388
f 411/411/411 385/385/385 412/412/412
f 412/412/412 385/385/385 390/390/390
f 389/389/389 385/385/385 387/387/387
f 411/411/411 416/416/416 385/385/385
f 416/416/416 386/386/386 385/385/385
f 415/415/415 386/386/386 416/416/416
f 415/415/415 416/416/416 411/411/411
f 411/411/411 412/412/412 397/397/397
f 423/423/423 412/412/412 390/390/390
f 398/398/398 397/397/397 412/412/412
f 398/398/398 412/412/412 423/423/423
f 390/390/390 388/388/388 421/421/421
f 421/421/421 423/423/423 390/390/390
f 398/398/398 423/423/423 421/421/421
f 396/396/396 397/397/397 398/398/398
f 398/398/398 421/421/421 407/407/407
f 432/432/432 398/398/398 407/407/407
f 407/407/407 421/421/421 405/405/405
f 421/421/421 388/388/388 422/422/422
f 405/405/405 421/421/421 422/422/422
f 405/405/405 406/406/406 407/407/407
f 399/399/399 406/406/406 405/405/405
f 405/405/405 422/422/422 400/400/400
f 400/400/400 399/399/399 405/405/405
f 388/388/388 417/417/417 422/422/422
f 422/422/422 417/417/417 400/400/400
f 388/388/388 389/389/389 417/417/417
f 417/417/417 418/418/418 419/419/419
f 400/400/400 417/417/417 419/419/419
f 389/389/389 418/418/418 417/417/417
f 399/399/399 400/400/400 401/401/401
f 418/418/418 387/387/387 430/430/430
f 389/389/389 387/387/387 418/418/418
f 391/391/391 392/392/392 393/393/393
f 409/409/409 410/410/410 392/392/392
f 414/414/414 393/393/393 392/392/392
f 392/392/392 410/410/410 414/414/414
f 393/393/393 394/394/394 395/395/395
f 393/393/393 395/395/395 420/420/420
f 393/393/393 414/414/414 394/394/394
f 394/394/394 414/414/414 427/427/427
f 395/395/395 394/394/394 427/427/427
f 420/420/420 395/395/395 403/403/403
f 403/403/403 395/395/395 428/428/428
f 428/428/428 395/395/395 427/427/427
f 420/420/420 403/403/403 402/402/402
f 402/402/402 403/403/403 404/404/404
f 428/428/428 404/404/404 403/403/403
f 428/428/428 427/427/427 404/404/404
f 427/427/427 425/425/425 424/424/424
f 427/427/427 414/414/414 425/425/425
f 404/404/404 427/427/427 424/424/424
f 402/402/402 404/404/404 408/408/408
f 404/404/404 424/424/424 429/429/429
f 424/424/424 425/425/425 426/426/426
f 425/425/425 414/414/414 431/431/431
f 410/410/410 413/413/413 414/414/414
f 414/414/414 413/413/413 431/431/431
f 409/409/409 413/413/413 410/410/410
f 433/433/433 434/434/434 435/435/435
f 436/436/436 433/433/433 437/437/437
f 438/438/438 433/433/433 436/436/436
f 459/459/459 433/433/433 460/460/460
f 460/460/460 433/433/433 438/438/438
f 437/437/437 433/433/433 435/435/435
f 459/459/459 464/464/464 433/433/433
f 464/464/464 434/434/434 433/433/433
f 463/463/463 434/434/434 464/464/464
f 463/463/463 464/464/464 459/459/459
f 459/459/459 460/460/460 445/445/445
f 471/471/471 460/460/460 438/438/438
f 446/446/446 445/445/445 460/460/460
f 446/446/446 460/460/460 471/471/471
f 438/438/438 436/436/436 469/469/469
f 469/469/469 471/471/471 438/438/438
f 446/446/446 471/471/471 469/469/469
f 444/444/444 445/445/445 446/446/446
f 446/446/446 469/469/469 455/455/455
f 480/480/480 446/446/446 455/455/455
f 455/455/455 469/469/469 453/453/453
f 469/469/469 436/436/436 470/470/470
f 453/453/453 469/469/469 470/470/470
f 453/453/453 454/454/454 455/455/455
f 447/447/447 454/454/454 453/453/453
f 453/453/453 470/470/470 448/448/448
f 448/448/448 447/447/447 453/453/453
f 436/436/436 465/465/465 470/470/470
f 470/470/470 465/465/465 448/448/448
f 436/436/436 437/437/437 465/465/465
f 465/465/465 466/466/466 467/467/467
f 448/448/448 465/465/465 467/467/467
f 437/437/437 466/466/466 465/465/465
f 447/447/447 448/448/448 449/449/449
f 466/466/466 435/435/435 478/478/478
f 437/437/437 435/435/435 466/466/466
f 439/439/439 440/440/440 441/441/441
f 457/457/457 458/458/458 440/440/440
f 462/462/462 441/441/441 440/440/440
f 440/440/440 458/458/458 462/462/462
f 441/441/441 442/442/442 443/443/443
f 441/441/441 443/443/443 468/468/468
f 441/441/441 462/462/462 442/442/442
f 442/442/442 462/462/462 475/475/475
f 443/443/443 442/442/442 475/475/475
f 468/468/468 443/443/443 451/451/451
f 451/451/451 443/443/443 476/476/476
f 476/476/476 443/443/443 475/475/475
f 468/468/468 451/451/451 450/450/450
f 450/450/450 451/451/451 452/452/452
f 476/476/476 452/452/452 451/451/451
f 476/476/476 475/475/475 452/452/452
f 475/475/475 473/473/473 472/472/472
f 475/475/475 462/462/462 473/473/473
f 452/452/452 475/475/475 472/472/472
f 450/450/450 452/452/452 456/456/456
f 452/452/452 472/472/472 477/477/477
f 472/472/472 473/473/473 474/474/474
f 473/473/473 462/462/462 479/479/479
f 458/458/458 461/461/461 462/462/462
f 462/462/462 461/461/461 479/479/479
f 457/457/457 461/461/461 458/458/458
f 481/481/481 482/482/482 483/483/483
f 484/484/484 481/481/481 485/485/485
f 486/486/486 481/481/481 484/484/484
f 507/507/507 481/481/481 508/508/508
f 508/508/508 481/481/481 486/486/486
f 485/485/485 481/481/481 483/483/483
f 507/507/507 512/512/512 481/481/481
f 512/512/512 482/482/482 481/481/481
f 511/511/511 482/482/482 512/512/512
f 511/511/511 512/512/512 507/507/507
f 507/507/507 508/508/508 493/493/493
f 519/519/519 508/508/508 486/486/486
f 494/494/494 493/493/493 508/508/508
f 494/494/494 508/508/508 519/519/519
f 486/486/486 484/484/484 517/517/517
f 517/517/517 519/519/519 486/486/486
f 494/494/494 519/519/519 517/517/517
f 492/492/492 493/493/493 494/494/494
f 494/494/494 517/517/517 503/503/503
f 528/528/528 494/494/494 503/503/503
f 503/503/503 517/517/517 501/501/501
f 517/517/517 484/484/484 518/518/518
f 501/501/501 517/517/517 518/518/518
f 501/501/501 502/502/502 503/503/503
f 495/495/495 502/502/502 501/501/501
f 501/501/501 518/518/518 496/496/496
f 496/496/496 495/495/495 501/501/501
f 484/484/484 513/513/513 518/518/518
f 518/518/518 513/513/513 496/496/496
f 484/484/484 485/485/485 513/513/513
f 513/513/513 514/514/514 515/515/515
f 496/496/496 513/513/513 515/515/515
f 485/485/485 514/514/514 513/513/513
f 495/495/495 496/496/496 497/497/497
f 514/514/514 483/483/483 526/526/526
f 485/485/485 483/483/483 514/514/514
f 487/487/487 488/488/488 489/489/489
f 505/505/505 506/506/506 488/488/488
f 510/510/510 489/489/489 488/488/488
f 488/488/488 506/506/506 510/510/510
f 489/489/489 490/490/490 491/491/491
f 489/489/489 491/491/491 516/516/516
f 489/489/489 510/510/510 490/490/490
f 490/490/490 510/510/510 523/523/523
f 491/491/491 490/490/490 523/523/523
f 516/516/516 491/491/491 499/499/499
f 499/499/499 491/491/491 524/524/524
f 524/524/524 491/491/491 523/523/523
f 516/516/516 499/499/499 498/498/498
f 498/498/498 499/499/499 500/500/500
f 524/524/524 500/500/500 499/499/499
f 524/524/524 523/523/523 500/500/500
f 523/523/523 521/521/521 520/520/520
f 523/523/523 510/510/510 521/521/521
f 500/500/500 523/523/523 520/520/520
f 498/498/498 500/500/500 504/504/504
f 500/500/500 520/520/520 525/525/525
f 520/520/520 521/521/521 522/522/522
f 521/521/521 510/510/510 527/527/527
f 506/506/506 509/509/509 510/510/510
f 510/510/510 509/509/509 527/527/527
f 505/505/505 509/509/509 506/506/506
f 529/529/529 530/530/530 531/531/531
f 532/532/532 529/529/529 533/533/533
f 534/534/534 529/529/529 532/532/532
f 555/555/555 529/529/529 556/556/556
f 556/556/556 529/529/529 534/534/534
f 533/533/533 529/529/529 531/531/531
f 555/555/555 560/560/560 529/529/529
f 560/560/560 530/530/530 529/529/529
f 559/559/559 530/530/530 560/560/560
f 559/559/559 560/560/560 555/555/555
f 555/555/555 556/556/556 541/541/541
f 567/567/567 556/556/556 534/534/534
f 542/542/542 541/541/541 556/556/556
f 542/542/542 556/556/556 567/567/567
f 534/534/534 532/532/532 565/565/565
f 565/565/565 567/567/567 534/534/534
f 542/542/542 567/567/567 565/565/565
f 540/540/540 541/541/541 542/542/542
f 542/542/542 565/565/565 551/551/551
f 576/576/576 542/542/542 551/551/551
f 551/551/551 565/565/565 549/549/549
f 565/565/565 532/532/532 566/566/566
f 549/549/549 565/565/565 566/566/566
f 549/549/549 550/550/550 551/551/551
f 543/543/543 550/550/550 549/549/549
f 549/549/549 566/566/566 544/544/544
f 544/544/544 543/543/543 549/549/549
f 532/532/532 561/561/561 566/566/566
f 566/566/566 561/561/561 544/544/544
f 532/532/532 533/533/533 561/561/561
f 561/561/561 562/562/562 563/563/563
f 544/544/544 561/561/561 563/563/563
f 533/533/533 562/562/562 561/561/561
f 543/543/543 544/544/544 545/545/545
f 562/562/562 531/531/531 574/574/574
f 533/533/533 531/531/531 562/562/562
f 535/535/535 536/536/536 537/537/537
f 553/553/553 554/554/554 536/536/536
f 558/558/558 537/537/537 536/536/536
f 536/536/536 554/554/554 558/558/558
f 537/537/537 538/538/538 539/539/539
f 537/537/537 539/539/539 564/564/564
f 537/537/537 558/558/558 538/538/538
f 538/538/538 558/558/558 571/571/571
f 539/539/539 538/538/538 571/571/571
f 564/564/564 539/539/539 547/547/547
f 547/547/547 539/539/539 572/572/572
f 572/572/572 539/539/539 571/571/571
f 564/564/564 547/547/547 546/546/546
f 546/546/546 547/547/547 548/548/548
f 572/572/572 548/548/548 547/547/547
f 572/572/572 571/571/571 548/548/548
f 571/571/571 569/569/569 568/568/568
f 571/571/571 558/558/558 569/569/569
f 548/548/548 571/571/571 568/568/568
f 546/546/546 548/548/548 552/552/552
f 548/548/548 568/568/568 573/573/573
f 568/568/568 569/569/569 570/570/570
f 569/569/569 558/558/558 575/575/575
f 554/554/554 557/557/557 558/558/558
f 558/558/558 557/557/557 575/575/575
f 553/553/553 557/557/557 554/554/554
f 577/577/577 578/578/578 579/579/579
f 580/580/580 577/577/577 581/581/581
f 582/582/582 577/577/577 580/580/580
f 603/603/603 577/577/577 604/604/604
f 604/604/604 577/577/577 582/582/582
f 581/581/581 577/577/577 579/579/579
f 603/603/603 608/608/608 577/577/577
f 608/608/608 578/578/578 577/577/577
f 607/607/607 578/578/578 608/608/608
f 607/607/607 608/608/608 603/603/603
f 603/603/603 604/604/604 589/589/589
f 615/615/615 604/604/604 582/582/582
f 590/590/590 589/589/589 604/604/604
f 590/590/590 604/604/604 615/615/615
f 582/582/582 580/580/580 613/613/613
f 613/613/613 615/615/615 582/582/582
f 590/590/590 615/615/615 613/613/613
f 588/588/588 589/589/589 590/590/590
f 590/590/590 613/613/613 599/599/599
f 624/624/624 590/590/590 599/599/599
f 599/599/599 613/613/613 597/597/597
f 613/613/613 580/580/580 614/614/614
f 597/597/597 613/613/613 614/614/614
f 597/597/597 598/598/598 599/599/599
f 591/591/591 598/598/598 597/597/597
f 597/597/597 614/614/614 592/592/592
f 592/592/592 591/591/591 597/597/597
f 580/580/580 609/609/609 614/614/614
f 614/614/614 609/609/609 592/592/592
f 580/580/580 581/581/581 609/609/609
f 609/609/609 610/610/610 611/611/611
f 592/592/592 609/609/609 611/611/611
f 581/581/581 610/610/610 609/609/609
f 591/591/591 592/592/592 593/593/593
f 610/610/610 579/579/579 622/622/622
f 581/581/581 579/579/579 610/610/610
f 583/583/583 584/584/584 585/585/585
f 601/601/601 602/602/602 584/584/584
f 606/606/606 585/585/585 584/584/584
f 584/584/584 602/602/602 606/606/606
f 585/585/585 586/586/586 587/587/587
f 585/585/585 587/587/587 612/612/612
f 585/585/585 606/606/606 586/586/586
f 586/586/586 606/606/606 619/619/619
f 587/587/587 586/586/586 619/619/619
f 612/612/612 587/587/587 595/595/595
f 595/595/595 587/587/587 620/620/620
f 620/620/620 587/587/587 619/619/619
f 612/612/612 595/595/595 594/594/594
f 594/594/594 595/595/595 596/596/596
f 620/620/620 596/596/596 595/595/595
f 620/620/620 619/619/619 596/596/596
f 619/619/619 617/617/617 616/616/616
f 619/619/619 606/606/606 617/617/617
f 596/596/596 619/619/619 616/616/616
f 594/594/594 596/596/596 600/600/600
f 596/596/596 616/616/616 621/621/621
f 616/616/616 617/617/617 618/618/618
f 617/617/617 606/606/606 623/623/623
f 602/602/602 605/605/605 606/606/606
f 606/606/606 605/605/605 623/623/623
f 601/601/601 605/605/605 602/602/602
f 625/625/625 626/626/626 627/627/627
f 628/628/628 625/625/625 629/629/629
f 630/630/630 625/625/625 628/628/628
f 651/651/651 625/625/625 652/652/652
f 652/652/652 625/625/625 630/630/630
f 629/629/629 625/625/625 627/627/627
f 651/651/651 656/656/656 625/625/625
f 656/656/656 626/626/626 625/625/625
f 655/655/655 626/626/626 656/656/656
f 655/655/655 656/656/656 651/651/651
f 651/651/651 652/652/652 637/637/637
f 663/663/663 652/652/652 630/630/630
f 638/638/638 637/637/637 652/652/652
f 638/638/638 652/652/652 663/663/663
f 630/630/630 628/628/628 661/661/661
f 661/661/661 663/663/663 630/630/630
f 638/638/638 663/663/663 661/661/661
f 636/636/636 637/637/637 638/638/638
f 638/638/638 661/661/661 647/647/647
f 672/672/672 638/638/638 647/647/647
f 647/647/647 661/661/661 645/645/645
f 661/661/661 628/628/628 662/662/662
f 645/645/645 661/661/661 662/662/662
f 645/645/645 646/646/646 647/647/647
f 639/639/639 646/646/646 645/645/645
f 645/645/645 662/662/662 640/640/640
f 640/640/640 639/639/639 645/645/645
f 628/628/628 657/657/657 662/662/662
f 662/662/662 657/657/657 640/640/640
f 628/628/628 629/629/629 657/657/657
f 657/657/657 658/658/658 659/659/659
f 640/640/640 657/657/657 659/659/659
f 629/629/629 658/658/658 657/657/657
f 639/639/639 640/640/640 641/641/641
f 658/658/658 627/627/627 670/670/670
f 629/629/629 627/627/627 658/658/658
f 631/631/631 632/632/632 633/633/633
f 649/649/649 650/650/650 632/632/632
f 654/654/654 633/633/633 632/632/632
f 632/632/632 650/650/650 654/654/654
f 633/633/633 634/634/634 635/635/635
f 633/633/633 635/635/635 660/660/660
f 633/633/633 654/654/654 634/634/634
f 634/634/634 654/654/654 667/667/667
f 635/635/635 634/634/634 667/667/667
f 660/660/660 635/635/635 643/643/643
f 643/643/643 635/635/635 668/668/668
f 668/668/668 635/635/635 667/667/667
f 660/660/660 643/643/643 642/642/642
f 642/642/642 643/643/643 644/644/644
f 668/668/668 644/644/644 643/643/643
f 668/668/668 667/667/667 644/644/644
f 667/667/667 665/665/665 664/664/664
f 667/667/667 654/654/654 665/665/665
f 644/644/644 667/667/667 664/664/664
f 642/642/642 644/644/644 648/648/648
f 644/644/644 664/664/664 669/669/669
f 664/664/664 665/665/665 666/666/666
f 665/665/665 654/654/654 671/671/671
f 650/650/650 653/653/653 654/654/654
f 654/654/654 653/653/653 671/671/671
f 649/649/649 653/653/653 650/650/650
f 673/673/673 674/674/674 675/675/675
f 676/676/676 673/673/673 677/677/677
f 678/678/678 673/673/673 676/676/676
f 699/699/699 673/673/673 700/700/700
f 700/700/700 673/673/673 678/678/678
f 677/677/677 673/673/673 675/675/675
f 699/699/699 704/704/704 673/673/673
f 704/704/704 674/674/674 673/673/673
f 703/703/703 674/674/674 704/704/704
f 703/703/703 704/704/704 699/699/699
f 699/699/699 700/700/700 685/685/685
f 711/711/711 700/700/700 678/678/678
f 686/686/686 685/685/685 700/700/700
f 686/686/686 700/700/700 711/711/711
f 678/678/678 676/676/676 709/709/709
f 709/709/709 711/711/711 678/678/678
f 686/686/686 711/711/711 709/709/709
f 684/684/684 685/685/685 686/686/686
f 686/686/686 709/709/709 695/695/695
f 720/720/720 686/686/686 695/695/695
f 695/695/695 709/709/709 693/693/693
f 709/709/709 676/676/676 710/710/710
f 693/693/693 709/709/709 710/710/710
f 693/693/693 694/694/694 695/695/695
f 687/687/687 694/694/694 693/693/693
f 693/693/693 710/710/710 688/688/688
f 688/688/688 687/687/687 693/693/693
f 676/676/676 705/705/705 710/710/710
f 710/710/710 705/705/705 688/688/688
f 676/676/676 677/677/677 705/705/705
f 705/705/705 706/706/706 707/707/707
f 688/688/688 705/705/705 707/707/707
f 677/677/677 706/706/706 705/705/705
f 687/687/687 688/688/688 689/689/689
f 706/706/706 675/675/675 718/718/718
f 677/677/677 675/675/675 706/706/706
f 679/679/679 680/680/680 681/681/681
f 697/697/697 698/698/698 680/680/680
f 702/702/702 681/681/681 680/680/680
f 680/680/680 698/698/698 702/702/702
f 681/681/681 682/682/682 683/683/683
f 681/681/681 683/683/683 708/708/708
f 681/681/681 702/702/702 682/682/682
f 682/682/682 702/702/702 715/715/715
f 683/683/683 682/682/682 715/715/715
f 708/708/708 683/683/683 691/691/691
f 691/691/691 683/683/683 716/716/716
f 716/716/716 683/683/683 715/715/715
f 708/708/708 691/691/691 690/690/690
f 690/690/690 691/691/691 692/692/692
f 716/716/716 692/692/692 691/691/691
f 716/716/716 715/715/715 692/692/692
f 715/715/715 713/713/713 712/712/712
f 715/715/715 702/702/702 713/713/713
f 692/692/692 715/715/715 712/712/712
f 690/690/690 692/692/692 696/696/696
f 692/692/692 712/712/712 717/717/717
f 712/712/712 713/713/713 714/714/714
f 713/713/713 702/702/702 719/719/719
f 698/698/698 701/701/701 702/702/702
f 702/702/702 701/701/701 719/719/719
f 697/697/697 701/701/701 698/698/698
f 721/721/721 722/722/722 723/723/723
f 724/724/724 721/721/721 725/725/725
f 726/726/726 721/721/721 724/724/724
f 747/747/747 721/721/721 748/748/748
f 748/748/748 721/721/721 726/726/726
f 725/725/725 721/721/721 723/723/723
f 747/747/747 752/752/752 721/721/721
f 752/752/752 722/722/722 721/721/721
f 751/751/751 722/722/722 752/752/752
f 751/751/751 752/752/752 747/747/747
f 747/747/747 748/748/748 733/733/733
f 759/759/759 748/748/748 726/726/726
f 734/734/734 733/733/733 748/748/748
f 734/734/734 748/748/748 759/759/759
f 726/726/726 724/724/724 757/757/757
f 757/757/757 759/759/759 726/726/726
f 734/734/734 759/759/759 757/757/757
f 732/732/732 733/733/733 734/734/734
f 734/734/734 757/757/757 743/743/743
f 768/768/768 734/734/734 743/743/743
f 743/743/743 757/757/757 741/741/741
f 757/757/757 724/724/724 758/758/758
f 741/741/741 757/757/757 758/758/758
f 741/741/741 742/742/742 743/743/743
f 735/735/735 742/742/742 741/741/741
f 741/741/741 758/758/758 736/736/736
f 736/736/736 735/735/735 741/741/741
f 724/724/724 753/753/753 758/758/758
f 758/758/758 753/753/753 736/736/736
f 724/724/724 725/725/725 753/753/753
f 753/753/753 754/754/754 755/755/755
f 736/736/736 753/753/753 755/755/755
f 725/725/725 754/754/754 753/753/753
f 735/735/735 736/736/736 737/737/737
f 754/754/754 723/723/723 766/766/766
f 725/725/725 723/723/723 754/754/754
f 727/727/727 728/728/728 729/729/729
f 745/745/745 746/746/746 728/728/728
f 750/750/750 729/729/729 728/728/728
f 728/728/728 746/746/746 750/750/750
f 729/729/729 730/730/730 731/731/731
f 729/729/729 731/731/731 756/756/756
f 729/729/729 750/750/750 730/730/730
f 730/730/730 750/750/750 763/763/763
f 731/731/731 730/730/730 763/763/763
f 756/756/756 731/731/731 739/739/739
f 739/739/739 731/731/731 764/764/764
f 764/764/764 731/731/731 763/763/763
f 756/756/756 739/739/739 738/738/738
f 738/738/738 739/739/739 740/740/740
f 764/764/764 740/740/740 739/739/739
f 764/764/764 763/763/763 740/740/740
f 763/763/763 761/761/761 760/760/760
f 763/763/763 750/750/750 761/761/761
f 740/740/740 763/763/763 760/760/760
f 738/738/738 740/740/740 744/744/744
f 740/740/740 760/760/760 765/765/765
f 760/760/760 761/761/761 762/762/762
f 761/761/761 750/750/750 767/767/767
f 746/746/746 749/749/749 750/750/750
f 750/750/750 749/749/749 767/767/767
f 745/745/745 749/749/749 746/746/746
f 769/769/769 770/770/770 771/771/771
f 772/772/772 769/769/769 773/773/773
f 774/774/774 769/769/769 772/772/772
f 795/795/795 769/769/769 796/796/796
f 796/796/796 769/769/769 774/774/774
f 773/773/773 769/769/769 771/771/771
f 795/795/795 800/800/800 769/769/769
f 800/800/800 770/770/770 769/769/769
f 799/799/799 770/770/770 800/800/800
f 799/799/799 800/800/800 795/795/795
f 795/795/795 796/796/796 781/781/781
f 807/807/807 796/796/796 774/774/774
f 782/782/782 781/781/781 796/796/796
f 782/782/782 796/796/796 807/807/807
f 774/774/774 772/772/772 805/805/805
f 805/805/805 807/807/807 774/774/774
f 782/782/782 807/807/807 805/805/805
f 780/780/780 781/781/781 782/782/782
f 782/782/782 805/805/805 791/791/791
f 816/816/816 782/782/782 791/791/791
f 791/791/791 805/805/805 789/789/789
f 805/805/805 772/772/772 806/806/806
f 789/789/789 805/805/805 806/806/806
f 789/789/789 790/790/790 791/791/791
f 783/783/783 790/790/790 789/789/789
f 789/789/789 806/806/806 784/784/784
f 784/784/784 783/783/783 789/789/789
f 772/772/772 801/801/801 806/806/806
f 806/806/806 801/801/801 784/784/784
f 772/772/772 773/773/773 801/801/801
f 801/801/801 802/802/802 803/803/803
f 784/784/784 801/801/801 803/803/803
f 773/773/773 802/802/802 801/801/801
f 783/783/783 784/784/784 785/785/785
f 802/802/802 771/771/771 814/814/814
f 773/773/773 771/771/771 802/802/802
f 775/775/775 776/776/776 777/777/777
f 793/793/793 794/794/794 776/776/776
f 798/798/798 777/777/777 776/776/776
f 776/776/776 794/794/794 798/798/798
f 777/777/777 778/778/778 779/779/779
f 777/777/777 779/779/779 804/804/804
f 777/777/777 798/798/798 778/778/778
f 778/778/778 798/798/798 811/811/811
f 779/779/779 778/778/778 811/811/811
f 804/804/804 779/779/779 787/787/787
f 787/787/787 779/779/779 812/812/812
f 812/812/812 779/779/779 811/811/811
f 804/804/804 787/787/787 786/786/786
f 786/786/786 787/787/787 788/788/788
f 812/812/812 788/788/788 787/787/787
f 812/812/812 811/811/811 788/788/788
f 811/811/811 809/809/809 808/808/808
f 811/811/811 798/798/798 809/809/809
f 788/788/788 811/811/811 808/808/808
f 786/786/786 788/788/788 792/792/792
f 788/788/788 808/808/808 813/813/813
f 808/808/808 809/809/809 810/810/810
f 809/809/809 798/798/798 815/815/815
f 794/794/794 797/797/797 798/798/798
f 798/798/798 797/797/797 815/815/815
f 793/793/793 797/797/797 794/794/794
f 817/817/817 818/818/818 819/819/819
f 820/820/820 817/817/817 821/821/821
f 822/822/822 817/817/817 820/820/820
f 843/843/843 817/817/817 844/844/844
f 844/844/844 817/817/817 822/822/822
f 821/821/821 817/817/817 819/819/819
f 843/843/843 848/848/848 817/817/817
f 848/848/848 818/818/818 817/817/817
f 847/847/847 818/818/818 848/848/848
f 847/847/847 848/848/848 843/843/843
f 843/843/843 844/844/844 829/829/829
f 855/855/855 844/844/844 822/822/822
f 830/830/830 829/829/829 844/844/844
f 830/830/830 844/844/844 855/855/855
f 822/822/822 820/820/820 853/853/853
f 853/853/853 855/855/855 822/822/822
f 830/830/830 855/855/855 853/853/853
f 828/828/828 829/829/829 830/830/830
f 830/830/830 853/853/853 839/839/839
f 864/864/864 830/830/830 839/839/839
f 839/839/839 853/853/853 837/837/837
f 853/853/853 820/820/820 854/854/854
f 837/837/837 853/853/853 854/854/854
f 837/837/837 838/838/838 839/839/839
f 831/831/831 838/838/838 837/837/837
f 837/837/837 854/854/854 832/832/832
f 832/832/832 831/831/831 837/837/837
f 820/820/820 849/849/849 854/854/854
f 854/854/854 849/849/849 832/832/832
f 820/820/820 821/821/821 849/849/849
f 849/849/849 850/850/850 851/851/851
f 832/832/832 849/849/849 851/851/851
f 821/821/821 850/850/850 849/849/849
f 831/831/831 832/832/832 833/833/833
f 850/850/850 819/819/819 862/862/862
f 821/821/821 819/819/819 850/850/850
f 823/823/823 824/824/824 825/825/825
f 841/841/841 842/842/842 824/824/824
f 846/846/846 825/825/825 824/824/824
f 824/824/824 842/842/842 846/846/846
f 825/825/825 826/826/826 827/827/827
f 825/825/825 827/827/827 852/852/852
f 825/825/825 846/846/846 826/826/826
f 826/826/826 846/846/846 859/859/859
f 827/827/827 826/826/826 859/859/859
f 852/852/852 827/827/827 835/835/835
f 835/835/835 827/827/827 860/860/860
f 860/860/860 827/827/827 859/859/859
f 852/852/852 835/835/835 834/834/834
f 834/834/834 835/835/835 836/836/836
f 860/860/860 836/836/836 835/835/835
f 860/860/860 859/859/859 836/836/836
f 859/859/859 857/857/857 856/856/856
f 859/859/859 846/846/846 857/857/857
f 836/836/836 859/859/859 856/856/856
f 834/834/834 836/836/836 840/840/840
f 836/836/836 856/856/856 861/861/861
f 856/856/856 857/857/857 858/858/858
f 857/857/857 846/846/846 863/863/863
f 842/842/842 845/845/845 846/846/846
f 846/846/846 845/845/845 863/863/863
f 841/841/841 845/845/845 842/842/842
f 865/865/865 866/866/866 867/867/867
f 868/868/868 865/865/865 869/869/869
f 870/870/870 865/865/865 868/868/868
f 891/891/891 865/865/865 892/892/892
f 892/892/892 865/865/865 870/870/870
f 869/869/869 865/865/865 867/867/867
f 891/891/891 896/896/896 865/865/865
f 896/896/896 866/866/866 865/865/865
f 895/895/895 866/866/866 896/896/896
f 895/895/895 896/896/896 891/891/891
f 891/891/891 892/892/892 877/877/877
f 903/903/903 892/892/892 870/870/870
f 878/878/878 877/877/877 892/892/892
f 878/878/878 892/892/892 903/903/903
f 870/870/870 868/868/868 901/901/901
f 901/901/901 903/903/903 870/870/870
f 878/878/878 903/903/903 901/901/901
f 876/876/876 877/877/877 878/878/878
f 878/878/878 901/901/901 887/887/887
f 912/912/912 878/878/878 887/887/887
f 887/887/887 901/901/901 885/885/885
f 901/901/901 868/868/868 902/902/902
f 885/885/885 901/901/901 902/902/902
f 885/885/885 886/886/886 887/887/887
f 879/879/879 886/886/886 885/885/885
f 885/885/885 902/902/902 880/880/880
f 880/880/880 879/879/879 885/885/885
f 868/868/868 897/897/897 902/902/902
f 902/902/902 897/897/897 880/880/880
f 868/868/868 869/869/869 897/897/897
f 897/897/897 898/898/898 899/899/899
f 880/880/880 897/897/897 899/899/899
f 869/869/869 898/898/898 897/897/897
f 879/879/879 880/880/880 881/881/881
f 898/898/898 867/867/867 910/910/910
f 869/869/869 867/867/867 898/898/898
f 871/871/871 872/872/872 873/873/873
f 889/889/889 890/890/890 872/872/872
f 894/894/894 873/873/873 872/872/872
f 872/872/872 890/890/890 894/894/894
f 873/873/873 874/874/874 875/875/875
f 873/873/873 875/875/875 900/900/900
f 873/873/873 894/894/894 874/874/874
f 874/874/874 894/894/894 907/907/907
f 875/875/875 874/874/874 907/907/907
f 900/900/900 875/875/875 883/883/883
f 883/883/883 875/875/875 908/908/908
f 908/908/908 875/875/875 907/907/907
f 900/900/900 883/883/883 882/882/882
f 882/882/882 883/883/883 884/884/884
f 908/908/908 884/884/884 883/883/883
f 908/908/908 907/907/907 884/884/884
f 907/907/907 905/905/905 904/904/904
f 907/907/907 894/894/894 905/905/905
f 884/884/884 907/907/907 904/904/904
f 882/882/882 884/884/884 888/888/888
f 884/884/884 904/904/904 909/909/909
f 904/904/904 905/905/905 906/906/906
f 905/905/905 894/894/894 911/911/911
f 890/890/890 893/893/893 894/894/894
f 894/894/894 893/893/893 911/911/911
f 889/889/889 893/893/893 890/890/890
f 913/913/913 914/914/914 915/915/915
f 916/916/916 913/913/913 917/917/917
f 918/918/918 913/913/913 916/916/916
f 939/939/939 913/913/913 940/940/940
f 940/940/940 913/913/913 918/918/918
f 917/917/917 913/913/913 915/915/915
f 939/939/939 944/944/944 913/913/913
f 944/944/944 914/914/914 913/913/913
f 943/943/943 914/914/914 944/944/944
f 943/943/943 944/944/944 939/939/939
f 939/939/939 940/940/940 925/925/925
f 951/951/951 940/940/940 918/918/918
f 926/926/926 925/925/925 940/940/940
f 926/926/926 940/940/940 951/951/951
f 918/918/918 916/916/916 949/949/949
f 949/949/949 951/951/951 918/918/918
f 926/926/926 951/951/951 949/949/949
f 924/924/924 925/925/925 926/926/926
f 926/926/926 949/949/949 935/935/935
f 960/960/960 926/926/926 935/935/935
f 935/935/935 949/949/949 933/933/933
f 949/949/949 916/916/916 950/950/950
f 933/933/933 949/949/949 950/950/950
f 933/933/933 934/934/934 935/935/935
f 927/927/927 934/934/934 933/933/933
f 933/933/933 950/950/950 928/928/928
f 928/928/928 927/927/927 933/933/933
f 916/916/916 945/945/945 950/950/950
f 950/950/950 945/945/945 928/928/928
f 916/916/916 917/917/917 945/945/945
f 945/945/945 946/946/946 947/947/947
f 928/928/928 945/945/945 947/947/947
f 917/917/917 946/946/946 945/945/945
f 927/927/927 928/928/928 929/929/929
f 946/946/946 915/915/915 958/958/958
f 917/917/917 915/915/915 946/946/946
f 919/919/919 920/920/920 921/921/921
f 937/937/937 938/938/938 920/920/920
f 942/942/942 921/921/921 920/920/920
f 920/920/920 938/938/938 942/942/942
f 921/921/921 922/922/922 923/923/923
f 921/921/921 923/923/923 948/948/948
f 921/921/921 942/942/942 922/922/922
f 922/922/922 942/942/942 955/955/955
f 923/923/923 922/922/922 955/955/955
f 948/948/948 923/923/923 931/931/931
f 931/931/931 923/923/923 956/956/956
f 956/956/956 923/923/923 955/955/955
f 948/948/948 931/931/931 930/930/930
f 930/930/930 931/931/931 932/932/932
f 956/956/956 932/932/932 931/931/931
f 956/956/956 955/955/955 932/932/932
f 955/955/955 953/953/953 952/952/952
f 955/955/955 942/942/942 953/953/953
f 932/932/932 955/955/955 952/952/952
f 930/930/930 932/932/932 936/936/936
f 932/932/932 952/952/952 957/957/957
f 952/952/952 953/953/953 954/954/954
f 953/953/953 942/942/942 959/959/959
f 938/938/938 941/941/941 942/942/942
f 942/942/942 941/941/941 959/959/959
f 937/937/937 941/941/941 938/938/938
f 961/961/961 962/962/962 963/963/963
f 964/964/964 961/961/961 965/965/965
f 966/966/966 961/961/961 964/964/964
f 987/987/987 961/961/961 988/988/988
f 988/988/988 961/961/961 966/966/966
f 965/965/965 961/961/961 963/963/963
f 987/987/987 992/992/992 961/961/961
f 992/992/992 962/962/962 961/961/961
f 991/991/991 962/962/962 992/992/992
f 991/991/991 992/992/992 987/987/987
f 987/987/987 988/988/988 973/973/973
f 999/999/999 988/988/988 966/966/966
f 974/974/974 973/973/973 988/988/988
f 974/974/974 988/988/988 999/999/999
f 966/966/966 964/964/964 997/997/997
f 997/997/997 999/999/999 966/966/966
f 974/974/974 999/999/999 997/997/997
f 972/972/972 973/973/973 974/974/974
f 974/974/974 997/997/997 983/983/983
f 1008/1008/1008 974/974/974 983/983/983
f 983/983/983 997/997/997 981/981/981
f 997/997/997 964/964/964 998/998/998
f 981/981/981 997/997/997 998/998/998
f 981/981/981 982/982/982 983/983/983
f 975/975/975 982/982/982 981/981/981
f 981/981/981 998/998/998 976/976/976
f 976/976/976 975/975/975 981/981/981
f 964/964/964 993/993/993 998/998/998
f 998/998/998 993/993/993 976/976/976
f 964/964/964 965/965/965 993/993/993
f 993/993/993 994/994/994 995/995/995
f 976/976/976 993/993/993 995/995/995
f 965/965/965 994/994/994 993/993/993
f 975/975/975 976/976/976 977/977/977
f 994/994/994 963/963/963 1006/1006/1006
f 965/965/965 963/963/963 994/994/994
f 967/967/967 968/968/968 969/969/969
f 985/985/985 986/986/986 968/968/968
f 990/990/990 969/969/969 968/968/968
f 968/968/968 986/986/986 990/990/990
f 969/969/969 970/970/970 971/971/971
f 969/969/969 971/971/971 996/996/996
f 969/969/969 990/990/990 970/970/970
f 970/970/970 990/990/990 1003/1003/1003
f 971/971/971 970/970/970 1003/1003/1003
f 996/996/996 971/971/971 979/979/979
f 979/979/979 971/971/971 1004/1004/1004
f 1004/1004/1004 971/971/971 1003/1003/1003
f 996/996/996 979/979/979 978/978/978
f 978/978/978 979/979/979 980/980/980
f 1004/1004/1004 980/980/980 979/979/979
f 1004/1004/1004 1003/1003/1003 980/980/980
f 1003/1003/1003 1001/1001/1001 1000/1000/1000
f 1003/1003/1003 990/990/990 1001/1001/1001
f 980/980/980 1003/1003/1003 1000/1000/1000
f 978/978/978 980/980/980 984/984/984
f 980/980/980 1000/1000/1000 1005/1005/1005
f 1000/1000/1000 1001/1001/1001 1002/1002/1002
f 1001/1001/1001 990/990/990 1007/1007/1007
f 986/986/986 989/989/989 990/990/990
f 990/990/990 989/989/989 1007/1007/1007
f 985/985/985 989/989/989 986/986/986
f 1009/1009/1009 1010/1010/1010 1011/1011/1011
f 1012/1012/1012 1009/1009/1009 1013/1013/1013
f 1014/1014/1014 1009/1009/1009 1012/1012/1012
f 1035/1035/1035 1009/1009/1009 1036/1036/1036
f 1036/1036/1036 1009/1009/1009 1014/1014/1014
f 1013/1013/1013 1009/1009/1009 1011/1011/1011
f 1035/1035/1035 1040/1040/1040 1009/1009/1009
f 1040/1040/1040 1010/1010/1010 1009/1009/1009
f 1039/1039/1039 1010/1010/1010 1040/1040/1040
f 1039/1039/1039 1040/1040/1040 1035/1035/1035
f 1035/1035/1035 1036/1036/1036 1021/1021/1021
f 1047/1047/1047 1036/1036/1036 1014/1014/1014
f 1022/1022/1022 1021/1021/1021 1036/1036/1036
f 1022/1022/1022 1036/1036/1036 1047/1047/1047
f 1014/1014/1014 1012/1012/1012 1045/1045/1045
f 1045/1045/1045 1047/1047/1047 1014/1014/1014
f 1022/1022/1022 1047/1047/1047 1045/1045/1045
f 1020/1020/1020 1021/1021/1021 1022/1022/1022
f 1022/1022/1022 1045/1045/1045 1031/1031/1031
f 1056/1056/1056 1022/1022/1022 1031/1031/1031
f 1031/1031/1031 1045/1045/1045 1029/1029/1029
f 1045/1045/1045 1012/1012/1012 1046/1046/1046
f 1029/1029/1029 1045/1045/1045 1046/1046/1046
f 1029/1029/1029 1030/1030/1030 1031/1031/1031
f 1023/1023/1023 1030/1030/1030 1029/1029/1029
f 1029/1029/1029 1046/1046/1046 1024/1024/1024
f 1024/1024/1024 1023/1023/1023 1029/1029/1029
f 1012/1012/1012 1041/1041/1041 1046/1046/1046
f 1046/1046/1046 1041/1041/1041 1024/1024/1024
f 1012/1012/1012 1013/1013/1013 1041/1041/1041
f 1041/1041/1041 1042/1042/1042 1043/1043/1043
f 1024/1024/1024 1041/1041/1041 1043/1043/1043
f 1013/1013/1013 1042/1042/1042 1041/1041/1041
f 1023/1023/1023 1024/1024/1024 1025/1025/1025
f 1042/1042/1042 1011/1011/1011 1054/1054/1054
f 1013/1013/1013 1011/1011/1011 1042/1042/1042
f 1015/1015/1015 1016/1016/1016 1017/1017/1017
f 1033/1033/1033 1034/1034/1034 1016/1016/1016
f 1038/1038/1038 1017/1017/1017 1016/1016/1016
f 1016/1016/1016 1034/1034/1034 1038/1038/1038
f 1017/1017/1017 1018/1018/1018 1019/1019/1019
f 1017/1017/1017 1019/1019/1019 1044/1044/1044
f 1017/1017/1017 1038/1038/1038 1018/1018/1018
f 1018/1018/1018 1038/1038/1038 1051/1051/1051
f 1019/1019/1019 1018/1018/1018 1051/1051/1051
f 1044/1044/1044 1019/1019/1019 1027/1027/1027
f 1027/1027/1027 1019/1019/1019 1052/1052/1052
f 1052/1052/1052 1019/1019/1019 1051/1051/1051
f 1044/1044/1044 1027/1027/1027 1026/1026/1026
f 1026/1026/1026 1027/1027/1027 1028/1028/1028
f 1052/1052/1052 1028/1028/1028 1027/1027/1027
f 1052/1052/1052 1051/1051/1051 1028/1028/1028
f 1051/1051/1051 1049/1049/1049 1048/1048/1048
f 1051/1051/1051 1038/1038/1038 1049/1049/1049
f 1028/1028/1028 1051/1051/1051 1048/1048/1048
f 1026/1026/1026 1028/1028/1028 1032/1032/1032
f 1028/1028/1028 1048/1048/1048 1053/1053/1053
f 1048/1048/1048 1049/1049/1049 1050/1050/1050
f 1049/1049/1049 1038/1038/1038 1055/1055/1055
f 1034/1034/1034 1037/1037/1037 1038/1038/1038
f 1038/1038/1038 1037/1037/1037 1055/1055/1055
f 1033/1033/1033 1037/1037/1037 1034/1034/1034
f 1057/1057/1057 1058/1058/1058 1059/1059/1059
f 1060/1060/1060 1057/1057/1057 1061/1061/1061
f 1062/1062/1062 1057/1057/1057 1060/1060/1060
f 1083/1083/1083 1057/1057/1057 1084/1084/1084
f 1084/1084/1084 1057/1057/1057 1062/1062/1062
f 1061/1061/1061 1057/1057/1057 1059/1059/1059
f 1083/1083/1083 1088/1088/1088 1057/1057/1057
f 1088/1088/1088 1058/1058/1058 1057/1057/1057
f 1087/1087/1087 1058/1058/1058 1088/1088/1088
f 1087/1087/1087 1088/1088/1088 1083/1083/1083
f 1083/1083/1083 1084/1084/1084 1069/1069/1069
f 1095/1095/1095 1084/1084/1084 1062/1062/1062
f 1070/1070/1070 1069/1069/1069 1084/1084/1084
f 1070/1070/1070 1084/1084/1084 1095/1095/1095
f 1062/1062/1062 1060/1060/1060 1093/1093/1093
f 1093/1093/1093 1095/1095/1095 1062/1062/1062
f 1070/1070/1070 1095/1095/1095 1093/1093/1093
f 1068/1068/1068 1069/1069/1069 1070/1070/1070
f 1070/1070/1070 1093/1093/1093 1079/1079/1079
f 1104/1104/1104 1070/1070/1070 1079/1079/1079
f 1079/1079/1079 1093/1093/1093 1077/1077/1077
f 1093/1093/1093 1060/1060/1060 1094/1094/1094
f 1077/1077/1077 1093/1093/1093 1094/1094/1094
f 1077/1077/1077 1078/1078/1078 1079/1079/1079
f 1071/1071/1071 1078/1078/1078 1077/1077/1077
f 1077/1077/1077 1094/1094/1094 1072/1072/1072
f 1072/1072/1072 1071/1071/1071 1077/1077/1077
f 1060/1060/1060 1089/1089/1089 1094/1094/1094
f 1094/1094/1094 1089/1089/1089 1072/1072/1072
f 1060/1060/1060 1061/1061/1061 1089/1089/1089
f 1089/1089/1089 1090/1090/1090 1091/1091/1091
f 1072/1072/1072 1089/1089/1089 1091/1091/1091
f 1061/1061/1061 1090/1090/1090 1089/1089/1089
f 1071/1071/1071 1072/1072/1072 1073/1073/1073
f 1090/1090/1090 1059/1059/1059 1102/1102/1102
f 1061/1061/1061 1059/1059/1059 1090/1090/1090
f 1063/1063/1063 1064/1064/1064 1065/1065/1065
f 1081/1081/1081 1082/1082/1082 1064/1064/1064
f 1086/1086/1086 1065/1065/1065 1064/1064/1064
f 1064/1064/1064 1082/1082/1082 1086/1086/1086
f 1065/1065/1065 1066/1066/1066 1067/1067/1067
f 1065/1065/1065 1067/1067/1067 1092/1092/1092
f 1065/1065/1065 1086/1086/1086 1066/1066/1066
f 1066/1066/1066 1086/1086/1086 1099/1099/1099
f 1067/1067/1067 1066/1066/1066 1099/1099/1099
f 1092/1092/1092 1067/1067/1067 1075/1075/1075
f 1075/1075/1075 1067/1067/1067 1100/1100/1100
f 1100/1100/1100 1067/1067/1067 1099/1099/1099
f 1092/1092/1092 1075/1075/1075 1074/1074/1074
f 1074/1074/1074 1075/1075/1075 1076/1076/1076
f 1100/1100/1100 1076/1076/1076 1075/1075/1075
f 1100/1100/1100 1099/1099/1099 1076/1076/1076
f 1099/1099/1099 1097/1097/1097 1096/1096/1096
f 1099/1099/1099 1086/1086/1086 1097/1097/1097
f 1076/1076/1076 1099/1099/1099 1096/1096/1096
f 1074/1074/1074 1076/1076/1076 1080/1080/1080
f 1076/1076/1076 1096/1096/1096 1101/1101/1101
f 1096/1096/1096 1097/1097/1097 1098/1098/1098
f 1097/1097/1097 1086/1086/1086 1103/1103/1103
f 1082/1082/1082 1085/1085/1085 1086/1086/1086
f 1086/1086/1086 1085/1085/1085 1103/1103/1103
f 1081/1081/1081 1085/1085/1085 1082/1082/1082
f 1105/1105/1105 1106/1106/1106 1107/1107/1107
f 1108/1108/1108 1105/1105/1105 1109/1109/1109
f 1110/1110/1110 1105/1105/1105 1108/1108/1108
f 1131/1131/1131 1105/1105/1105 1132/1132/1132
f 1132/1132/1132 1105/1105/1105 1110/1110/1110
f 1109/1109/1109 1105/1105/1105 1107/1107/1107
f 1131/1131/1131 1136/1136/1136 1105/1105/1105
f 1136/1136/1136 1106/1106/1106 1105/1105/1105
f 1135/1135/1135 1106/1106/1106 1136/1136/1136
f 1135/1135/1135 1136/1136/1136 1131/1131/1131
f 1131/1131/1131 1132/1132/1132 1117/1117/1117
f 1143/1143/1143 1132/1132/1132 1110/1110/1110
f 1118/1118/1118 1117/1117/1117 1132/1132/1132
f 1118/1118/1118 1132/1132/1132 1143/1143/1143
f 1110/1110/1110 1108/1108/1108 1141/1141/1141
f 1141/1141/1141 1143/1143/1143 1110/1110/1110
f 1118/1118/1118 1143/1143/1143 1141/1141/1141
f 1116/1116/1116 1117/1117/1117 1118/1118/1118
f 1118/1118/1118 1141/1141/1141 1127/1127/1127
f 1152/1152/1152 1118/1118/1118 1127/1127/1127
f 1127/1127/1127 1141/1141/1141 1125/1125/1125
f 1141/1141/1141 1108/1108/1108 1142/1142/1142
f 1125/1125/1125 1141/1141/1141 1142/1142/1142
f 1125/1125/1125 1126/1126/1126 1127/1127/1127
f 1119/1119/1119 1126/1126/1126 1125/1125/1125
f 1125/1125/1125 1142/1142/1142 1120/1120/1120
f 1120/1120/1120 1119/1119/1119 1125/1125/1125
f 1108/1108/1108 1137/1137/1137 1142/1142/1142
f 1142/1142/1142 1137/1137/1137 1120/1120/1120
f 1108/1108/1108 1109/1109/1109 1137/1137/1137
f 1137/1137/1137 1138/1138/1138 1139/1139/1139
f 1120/1120/1120 1137/1137/1137 1139/1139/1139
f 1109/1109/1109 1138/1138/1138 1137/1137/1137
f 1119/1119/1119 1120/1120/1120 1121/1121/1121
f 1138/1138/1138 1107/1107/1107 1150/1150/1150
f 1109/1109/1109 1107/1107/1107 1138/1138/1138
f 1111/1111/1111 1112/1112/1112 1113/1113/1113
f 1129/1129/1129 1130/1130/1130 1112/1112/1112
f 1134/1134/1134 1113/1113/1113 1112/1112/1112
f 1112/1112/1112 1130/1130/1130 1134/1134/1134
f 1113/1113/1113 1114/1114/1114 1115/1115/1115
f 1113/1113/1113 1115/1115/1115 1140/1140/1140
f 1113/1113/1113 1134/1134/1134 1114/1114/1114
f 1114/1114/1114 1134/1134/1134 1147/1147/1147
f 1115/1115/1115 1114/1114/1114 1147/1147/1147
f 1140/1140/1140 1115/1115/1115 1123/1123/1123
f 1123/1123/1123 1115/1115/1115 1148/1148/1148
f 1148/1148/1148 1115/1115/1115 1147/1147/1147
f 1140/1140/1140 1123/1123/1123 1122/1122/1122
f 1122/1122/1122 1123/1123/1123 1124/1124/1124
f 1148/1148/1148 1124/1124/1124 1123/1123/1123
f 1148/1148/1148 1147/1147/1147 1124/1124/1124
f 1147/1147/1147 1145/1145/1145 1144/1144/1144
f 1147/1147/1147 1134/1134/1134 1145/1145/1145
f 1124/1124/1124 1147/1147/1147 1144/1144/1144
f 1122/1122/1122 1124/1124/1124 1128/1128/1128
f 1124/1124/1124 1144/1144/1144 1149/1149/1149
f 1144/1144/1144 1145/1145/1145 1146/1146/1146
f 1145/1145/1145 1134/1134/1134 1151/1151/1151
f 1130/1130/1130 1133/1133/1133 1134/1134/1134
f 1134/1134/1134 1133/1133/1133 1151/1151/1151
f 1129/1129/1129 1133/1133/1133 1130/1130/1130
f 1153/1153/1153 1154/1154/1154 1155/1155/1155
f 1156/1156/1156 1153/1153/1153 1157/1157/1157
f 1158/1158/1158 1153/1153/1153 1156/1156/1156
f 1179/1179/1179 1153/1153/1153 1180/1180/1180
f 1180/1180/1180 1153/1153/1153 1158/1158/1158
f 1157/1157/1157 1153/1153/1153 1155/1155/1155
f 1179/1179/1179 1184/1184/1184 1153/1153/1153
f 1184/1184/1184 1154/1154/1154 1153/1153/1153
f 1183/1183/1183 1154/1154/1154 1184/1184/1184
f 1183/1183/1183 1184/1184/1184 1179/1179/1179
f 1179/1179/1179 1180/1180/1180 1165/1165/1165
f 1191/1191/1191 1180/1180/1180 1158/1158/1158
f 1166/1166/1166 1165/1165/1165 1180/1180/1180
f 1166/1166/1166 1180/1180/1180 1191/1191/1191
f 1158/1158/1158 1156/1156/1156 1189/1189/1189
f 1189/1189/1189 1191/1191/1191 1158/1158/1158
f 1166/1166/1166 1191/1191/1191 1189/1189/1189
f 1164/1164/1164 1165/1165/1165 1166/1166/1166
f 1166/1166/1166 1189/1189/1189 1175/1175/1175
f 1200/1200/1200 1166/1166/1166 1175/1175/1175
f 1175/1175/1175 1189/1189/1189 1173/1173/1173
f 1189/1189/1189 1156/1156/1156 1190/1190/1190
f 1173/1173/1173 1189/1189/1189 1190/1190/1190
f 1173/1173/1173 1174/1174/1174 1175/1175/1175
f 1167/1167/1167 1174/1174/1174 1173/1173/1173
f 1173/1173/1173 1190/1190/1190 1168/1168/1168
f 1168/1168/1168 1167/1167/1167 1173/1173/1173
f 1156/1156/1156 1185/1185/1185 1190/1190/1190
f 1190/1190/1190 1185/1185/1185 1168/1168/1168
f 1156/1156/1156 1157/1157/1157 1185/1185/1185
f 1185/1185/1185 1186/1186/1186 1187/1187/1187
f 1168/1168/1168 1185/1185/1185 1187/1187/1187
f 1157/1157/1157 1186/1186/1186 1185/1185/1185
f 1167/1167/1167 1168/1168/1168 1169/1169/1169
f 1186/1186/1186 1155/1155/1155 1198/1198/1198
f 1157/1157/1157 1155/1155/1155 1186/1186/1186
f 1159/1159/1159 1160/1160/1160 1161/1161/1161
f 1177/1177/1177 1178/1178/1178 1160/1160/1160
f 1182/1182/1182 1161/1161/1161 1160/1160/1160
f 1160/1160/1160 1178/1178/1178 1182/1182/1182
f 1161/1161/1161 1162/1162/1162 1163/1163/1163
f 1161/1161/1161 1163/1163/1163 1188/1188/1188
f 1161/1161/1161 1182/1182/1182 1162/1162/1162
f 1162/1162/1162 1182/1182/1182 1195/1195/1195
f 1163/1163/1163 1162/1162/1162 1195/1195/1195
f 1188/1188/1188 1163/1163/1163 1171/1171/1171
f 1171/1171/1171 1163/1163/1163 1196/1196/1196
f 1196/1196/1196 1163/1163/1163 1195/1195/1195
f 1188/1188/1188 1171/1171/1171 1170/1170/1170
f 1170/1170/1170 1171/1171/1171 1172/1172/1172
f 1196/1196/1196 1172/1172/1172 1171/1171/1171
f 1196/1196/1196 1195/1195/1195 1172/1172/1172
f 1195/1195/1195 1193/1193/1193 1192/1192/1192
f 1195/1195/1195 1182/1182/1182 1193/1193/1193
f 1172/1172/1172 1195/1195/1195 1192/1192/1192
f 1170/1170/1170 1172/1172/1172 1176/1176/1176
f 1172/1172/1172 1192/1192/1192 1197/1197/1197
f 1192/1192/1192 1193/1193/1193 1194/1194/1194
f 1193/1193/1193 1182/1182/1182 1199/1199/1199
f 1178/1178/1178 1181/1181/1181 1182/1182/1182
f 1182/1182/1182 1181/1181/1181 1199/1199/1199
f 1177/1177/1177 1181/1181/1181 1178/1178/1178
f 1201/1201/1201 1202/1202/1202 1203/1203/1203
f 1204/1204/1204 1201/1201/1201 1205/1205/1205
f 1206/1206/1206 1201/1201/1201 1204/1204/1204
f 1227/1227/1227 1201/1201/1201 1228/1228/1228
f 1228/1228/1228 1201/1201/1201 1206/1206/1206
f 1205/1205/1205 1201/1201/1201 1203/1203/1203
f 1227/1227/1227 1232/1232/1232 1201/1201/1201
f 1232/1232/1232 1202/1202/1202 1201/1201/1201
f 1231/1231/1231 1202/1202/1202 1232/1232/1232
f 1231/1231/1231 1232/1232/1232 1227/1227/1227
f 1227/1227/1227 1228/1228/1228 1213/1213/1213
f 1239/1239/1239 1228/1228/1228 1206/1206/1206
f 1214/1214/1214 1213/1213/1213 1228/1228/1228
f 1214/1214/1214 1228/1228/1228 1239/1239/1239
f 1206/1206/1206 1204/1204/1204 1237/1237/1237
f 1237/1237/1237 1239/1239/1239 1206/1206/1206
f 1214/1214/1214 1239/1239/1239 1237/1237/1237
f 1212/1212/1212 1213/1213/1213 1214/1214/1214
f 1214/1214/1214 1237/1237/1237 1223/1223/1223
f 1248/1248/1248 1214/1214/1214 1223/1223/1223
f 1223/1223/1223 1237/1237/1237 1221/1221/1221
f 1237/1237/1237 1204/1204/1204 1238/1238/1238
f 1221/1221/1221 1237/1237/1237 1238/1238/1238
f 1221/1221/1221 1222/1222/1222 1223/1223/1223
f 1215/1215/1215 1222/1222/1222 1221/1221/1221
f 1221/1221/1221 1238/1238/1238 1216/1216/1216
f 1216/1216/1216 1215/1215/1215 1221/1221/1221
f 1204/1204/1204 1233/1233/1233 1238/1238/1238
f 1238/1238/1238 1233/1233/1233 1216/1216/1216
f 1204/1204/1204 1205/1205/1205 1233/1233/1233
f 1233/1233/1233 1234/1234/1234 1235/1235/1235
f 1216/1216/1216 1233/1233/1233 1235/1235/1235
f 1205/1205/1205 1234/1234/1234 1233/1233/1233
f 1215/1215/1215 1216/1216/1216 1217/1217/1217
f 1234/1234/1234 1203/1203/1203 1246/1246/1246
f 1205/1205/1205 1203/1203/1203 1234/1234/1234
f 1207/1207/1207 1208/1208/1208 1209/1209/1209
f 1225/1225/1225 1226/1226/1226 1208/1208/1208
f 1230/1230/1230 1209/1209/1209 1208/1208/1208
f 1208/1208/1208 1226/1226/1226 1230/1230/1230
f 1209/1209/1209 1210/1210/1210 1211/1211/1211
f 1209/1209/1209 1211/1211/1211 1236/1236/1236
f 1209/1209/1209 1230/1230/1230 1210/1210/1210
f 1210/1210/1210 1230/1230/1230 1243/1243/1243
f 1211/1211/1211 1210/1210/1210 1243/1243/1243
f 1236/1236/1236 1211/1211/1211 1219/1219/1219
f 1219/1219/1219 1211/1211/1211 1244/1244/1244
f 1244/1244/1244 1211/1211/1211 1243/1243/1243
f 1236/1236/1236 1219/1219/1219 1218/1218/1218
f 1218/1218/1218 1219/1219/1219 1220/1220/1220
f 1244/1244/1244 1220/1220/1220 1219/1219/1219
f 1244/1244/1244 1243/1243/1243 1220/1220/1220
f 1243/1243/1243 1241/1241/1241 1240/1240/1240
f 1243/1243/1243 1230/1230/1230 1241/1241/1241
f 1220/1220/1220 1243/1243/1243 1240/1240/1240
f 1218/1218/1218 1220/1220/1220 1224/1224/1224
f 1220/1220/1220 1240/1240/1240 1245/1245/1245
f 1240/1240/1240 1241/1241/1241 1242/1242/1242
f 1241/1241/1241 1230/1230/1230 1247/1247/1247
f 1226/1226/1226 1229/1229/1229 1230/1230/1230
f 1230/1230/1230 1229/1229/1229 1247/1247/1247
f 1225/1225/1225 1229/1229/1229 1226/1226/1226
f 1249/1249/1249 1250/1250/1250 1251/1251/1251
f 1252/1252/1252 1249/1249/1249 1253/1253/1253
f 1254/1254/1254 1249/1249/1249 1252/1252/1252
f 1275/1275/1275 1249/1249/1249 1276/1276/1276
f 1276/1276/1276 1249/1249/1249 1254/1254/1254
f 1253/1253/1253 1249/1249/1249 1251/1251/1251
f 1275/1275/1275 1280/1280/1280 1249/1249/1249
f 1280/1280/1280 1250/1250/1250 1249/1249/1249
f 1279/1279/1279 1250/1250/1250 1280/1280/1280
f 1279/1279/1279 1280/1280/1280 1275/1275/1275
f 1275/1275/1275 1276/1276/1276 1261/1261/1261
f 1287/1287/1287 1276/1276/1276 1254/1254/1254
f 1262/1262/1262 1261/1261/1261 1276/1276/1276
f 1262/1262/1262 1276/1276/1276 1287/1287/1287
f 1254/1254/1254 1252/1252/1252 1285/1285/1285
f 1285/1285/1285 1287/1287/1287 1254/1254/1254
f 1262/1262/1262 1287/1287/1287 1285/1285/1285
f 1260/1260/1260 1261/1261/1261 1262/1262/1262
f 1262/1262/1262 1285/1285/1285 1271/1271/1271
f 1296/1296/1296 1262/1262/1262 1271/1271/1271
f 1271/1271/1271 1285/1285/1285 1269/1269/1269
f 1285/1285/1285 1252/1252/1252 1286/1286/1286
f 1269/1269/1269 1285/1285/1285 1286/1286/1286
f 1269/1269/1269 1270/1270/1270 1271/1271/1271
f 1263/1263/1263 1270/1270/1270 1269/1269/1269
f 1269/1269/1269 1286/1286/1286 1264/1264/1264
f 1264/1264/1264 1263/1263/1263 1269/1269/1269
f 1252/1252/1252 1281/1281/1281 1286/1286/1286
f 1286/1286/1286 1281/1281/1281 1264/1264/1264
f 1252/1252/1252 1253/1253/1253 1281/1281/1281
f 1281/1281/1281 1282/1282/1282 1283/1283/1283
f 1264/1264/1264 1281/1281/1281 1283/1283/1283
f 1253/1253/1253 1282/1282/1282 1281/1281/1281
f 1263/1263/1263 1264/1264/1264 1265/1265/1265
f 1282/1282/1282 1251/1251/1251 1294/1294/1294
f 1253/1253/1253 1251/1251/1251 1282/1282/1282
f 1255/1255/1255 1256/1256/1256 1257/1257/1257
f 1273/1273/1273 1274/1274/1274 1256/1256/1256
f 1278/1278/1278 1257/1257/1257 1256/1256/1256
f 1256/1256/1256 1274/1274/1274 1278/1278/1278
f 1257/1257/1257 1258/1258/1258 1259/1259/1259
f 1257/1257/1257 1259/1259/1259 1284/1284/1284
f 1257/1257/1257 1278/1278/1278 1258/1258/1258
f 1258/1258/1258 1278/1278/1278 1291/1291/1291
f 1259/1259/1259 1258/1258/1258 1291/1291/1291
f 1284/1284/1284 1259/1259/1259 1267/1267/1267
f 1267/1267/1267 1259/1259/1259 1292/1292/1292
f 1292/1292/1292 1259/1259/1259 1291/1291/1291
f 1284/1284/1284 1267/1267/1267 1266/1266/1266
f 1266/1266/1266 1267/1267/1267 1268/1268/1268
f 1292/1292/1292 1268/1268/1268 1267/1267/1267
f 1292/1292/1292 1291/1291/1291 1268/1268/1268
f 1291/1291/1291 1289/1289/1289 1288/1288/1288
f 1291/1291/1291 1278/1278/1278 1289/1289/1289
f 1268/1268/1268 1291/1291/1291 1288/1288/1288
f 1266/1266/1266 1268/1268/1268 1272/1272/1272
f 1268/1268/1268 1288/1288/1288 1293/1293/1293
f 1288/1288/1288 1289/1289/1289 1290/1290/1290
f 1289/1289/1289 1278/1278/1278 1295/1295/1295
f 1274/1274/1274 1277/1277/1277 1278/1278/1278
f 1278/1278/1278 1277/1277/1277 1295/1295/1295
f 1273/1273/1273 1277/1277/1277 1274/1274/1274
f 1297/1297/1297 1298/1298/1298 1299/1299/1299
f 1300/1300/1300 1297/1297/1297 1301/1301/1301
f 1302/1302/1302 1297/1297/1297 1300/1300/1300
f 1323/1323/1323 1297/1297/1297 1324/1324/1324
f 1324/1324/1324 1297/1297/1297 1302/1302/1302
f 1301/1301/1301 1297/1297/1297 1299/1299/1299
f 1323/1323/1323 1328/1328/1328 1297/1297/1297
f 1328/1328/1328 1298/1298/1298 1297/1297/1297
f 1327/1327/1327 1298/1298/1298 1328/1328/1328
f 1327/1327/1327 1328/1328/1328 1323/1323/1323
f 1323/1323/1323 1324/1324/1324 1309/1309/1309
f 1335/1335/1335 1324/1324/1324 1302/1302/1302
f 1310/1310/1310 1309/1309/1309 1324/1324/1324
f 1310/1310/1310 1324/1324/1324 1335/1335/1335
f 1302/1302/1302 1300/1300/1300 1333/1333/1333
f 1333/1333/1333 1335/1335/1335 1302/1302/1302
f 1310/1310/1310 1335/1335/1335 1333/1333/1333
f 1308/1308/1308 1309/1309/1309 1310/1310/1310
f 1310/1310/1310 1333/1333/1333 1319/1319/1319
f 1344/1344/1344 1310/1310/1310 1319/1319/1319
f 1319/1319/1319 1333/1333/1333 1317/1317/1317
f 1333/1333/1333 1300/1300/1300 1334/1334/1334
f 1317/1317/1317 1333/1333/1333 1334/1334/1334
f 1317/1317/1317 1318/1318/1318 1319/1319/1319
f 1311/1311/1311 1318/1318/1318 1317/1317/1317
f 1317/1317/1317 1334/1334/1334 1312/1312/1312
f 1312/1312/1312 1311/1311/1311 1317/1317/1317
f 1300/1300/1300 1329/1329/1329 1334/1334/1334
f 1334/1334/1334 1329/1329/1329 1312/1312/1312
f 1300/1300/1300 1301/1301/1301 1329/1329/1329
f 1329/1329/1329 1330/1330/1330 1331/1331/1331
f 1312/1312/1312 1329/1329/1329 1331/1331/1331
f 1301/1301/1301 1330/1330/1330 1329/1329/1329
f 1311/1311/1311 1312/1312/1312 1313/1313/1313
f 1330/1330/1330 1299/1299/1299 1342/1342/1342
f 1301/1301/1301 1299/1299/1299 1330/1330/1330
f 1303/1303/1303 1304/1304/1304 1305/1305/1305
f 1321/1321/1321 1322/1322/1322 1304/1304/1304
f 1326/1326/1326 1305/1305/1305 1304/1304/1304
f 1304/1304/1304 1322/1322/1322 1326/1326/1326
f 1305/1305/1305 1306/1306/1306 1307/1307/1307
f 1305/1305/1305 1307/1307/1307 1332/1332/1332
f 1305/1305/1305 1326/1326/1326 1306/1306/1306
f 1306/1306/1306 1326/1326/1326 1339/1339/1339
f 1307/1307/1307 1306/1306/1306 1339/1339/1339
f 1332/1332/1332 1307/1307/1307 1315/1315/1315
f 1315/1315/1315 1307/1307/1307 1340/1340/1340
f 1340/1340/1340 1307/1307/1307 1339/1339/1339
f 1332/1332/1332 1315/1315/1315 1314/1314/1314
f 1314/1314/1314 1315/1315/1315 1316/1316/1316
f 1340/1340/1340 1316/1316/1316 1315/1315/1315
f 1340/1340/1340 1339/1339/1339 1316/1316/1316
f 1339/1339/1339 1337/1337/1337 1336/1336/1336
f 1339/1339/1339 1326/1326/1326 1337/1337/1337
f 1316/1316/1316 1339/1339/1339 1336/1336/1336
f 1314/1314/1314 1316/1316/1316 1320/1320/1320
f 1316/1316/1316 1336/1336/1336 1341/1341/1341
f 1336/1336/1336 1337/1337/1337 1338/1338/1338
f 1337/1337/1337 1326/1326/1326 1343/1343/1343
f 1322/1322/1322 1325/1325/1325 1326/1326/1326
f 1326/1326/1326 1325/1325/1325 1343/1343/1343
f 1321/1321/1321 1325/1325/1325 1322/1322/1322
f 1345/1345/1345 1346/1346/1346 1347/1347/1347
f 1348/1348/1348 1345/1345/1345 1349/1349/1349
f 1350/1350/1350 1345/1345/1345 1348/1348/1348
f 1371/1371/1371 1345/1345/1345 1372/1372/1372
f 1372/1372/1372 1345/1345/1345 1350/1350/1350
f 1349/1349/1349 1345/1345/1345 1347/1347/1347
f 1371/1371/1371 1376/1376/1376 1345/1345/1345
f 1376/1376/1376 1346/1346/1346 1345/1345/1345
f 1375/1375/1375 1346/1346/1346 1376/1376/1376
f 1375/1375/1375 1376/1376/1376 1371/1371/1371
f 1371/1371/1371 1372/1372/1372 1357/1357/1357
f 1383/1383/1383 1372/1372/1372 1350/1350/1350
f 1358/1358/1358 1357/1357/1357 1372/1372/1372
f 1358/1358/1358 1372/1372/1372 1383/1383/1383
f 1350/1350/1350 1348/1348/1348 1381/1381/1381
f 1381/1381/1381 1383/1383/1383 1350/1350/1350
f 1358/1358/1358 1383/1383/1383 1381/1381/1381
f 1356/1356/1356 1357/1357/1357 1358/1358/1358
f 1358/1358/1358 1381/1381/1381 1367/1367/1367
f 1392/1392/1392 1358/1358/1358 1367/1367/1367
f 1367/1367/1367 1381/1381/1381 1365/1365/1365
f 1381/1381/1381 1348/1348/1348 1382/1382/1382
f 1365/1365/1365 1381/1381/1381 1382/1382/1382
f 1365/1365/1365 1366/1366/1366 1367/1367/1367
f 1359/1359/1359 1366/1366/1366 1365/1365/1365
f 1365/1365/1365 1382/1382/1382 1360/1360/1360
f 1360/1360/1360 1359/1359/1359 1365/1365/1365
f 1348/1348/1348 1377/1377/1377 1382/1382/1382
f 1382/1382/1382 1377/1377/1377 1360/1360/1360
f 1348/1348/1348 1349/1349/1349 1377/1377/1377
f 1377/1377/1377 1378/1378/1378 1379/1379/1379
f 1360/1360/1360 1377/1377/1377 1379/1379/1379
f 1349/1349/1349 1378/1378/1378 1377/1377/1377
f 1359/1359/1359 1360/1360/1360 1361/1361/1361
f 1378/1378/1378 1347/1347/1347 1390/1390/1390
f 1349/1349/1349 1347/1347/1347 1378/1378/1378
f 1351/1351/1351 1352/1352/1352 1353/1353/1353
f 1369/1369/1369 1370/1370/1370 1352/1352/1352
f 1374/1374/1374 1353/1353/1353 1352/1352/1352
f 1352/1352/1352 1370/1370/1370 1374/1374/1374
f 1353/1353/1353 1354/1354/1354 1355/1355/1355
f 1353/1353/1353 1355/1355/1355 1380/1380/1380
f 1353/1353/1353 1374/1374/1374 1354/1354/1354
f 1354/1354/1354 1374/1374/1374 1387/1387/1387
f 1355/1355/1355 1354/1354/1354 1387/1387/1387
f 1380/1380/1380 1355/1355/1355 1363/1363/1363
f 1363/1363/1363 1355/1355/1355 1388/1388/1388
f 1388/1388/1388 1355/1355/1355 1387/1387/1387
f 1380/1380/1380 1363/1363/1363 1362/1362/1362
f 1362/1362/1362 1363/1363/1363 1364/1364/1364
f 1388/1388/1388 1364/1364/1364 1363/1363/1363
f 1388/1388/1388 1387/1387/1387 1364/1364/1364
f 1387/1387/1387 1385/1385/1385 1384/1384/1384
f 1387/1387/1387 1374/1374/1374 1385/1385/1385
f 1364/1364/1364 1387/1387/1387 1384/1384/1384
f 1362/1362/1362 1364/1364/1364 1368/1368/1368
f 1364/1364/1364 1384/1384/1384 1389/1389/1389
f 1384/1384/1384 1385/1385/1385 1386/1386/1386
f 1385/1385/1385 1374/1374/1374 1391/1391/1391
f 1370/1370/1370 1373/1373/1373 1374/1374/1374
f 1374/1374/1374 1373/1373/1373 1391/1391/1391
f 1369/1369/1369 1373/1373/1373 1370/1370/1370
f 1393/1393/1393 1394/1394/1394 1395/1395/1395
f 1396/1396/1396 1393/1393/1393 1397/1397/1397
f 1398/1398/1398 1393/1393/1393 1396/1396/1396
f 1419/1419/1419 1393/1393/1393 1420/1420/1420
f 1420/1420/1420 1393/1393/1393 1398/1398/1398
f 1397/1397/1397 1393/1393/1393 1395/1395/1395
f 1419/1419/1419 1424/1424/1424 1393/1393/1393
f 1424/1424/1424 1394/1394/1394 1393/1393/1393
f 1423/1423/1423 1394/1394/1394 1424/1424/1424
f 1423/1423/1423 1424/1424/1424 1419/1419/1419
f 1419/1419/1419 1420/1420/1420 1405/1405/1405
f 1431/1431/1431 1420/1420/1420 1398/1398/1398
f 1406/1406/1406 1405/1405/1405 1420/1420/1420
f 1406/1406/1406 1420/1420/1420 1431/1431/1431
f 1398/1398/1398 1396/1396/1396 1429/1429/1429
f 1429/1429/1429 1431/1431/1431 1398/1398/1398
f 1406/1406/1406 1431/1431/1431 1429/1429/1429
f 1404/1404/1404 1405/1405/1405 1406/1406/1406
f 1406/1406/1406 1429/1429/1429 1415/1415/1415
f 1440/1440/1440 1406/1406/1406 1415/1415/1415
f 1415/1415/1415 1429/1429/1429 1413/1413/1413
f 1429/1429/1429 1396/1396/1396 1430/1430/1430
f 1413/1413/1413 1429/1429/1429 1430/1430/1430
f 1413/1413/1413 1414/1414/1414 1415/1415/1415
f 1407/1407/1407 1414/1414/1414 1413/1413/1413
f 1413/1413/1413 1430/1430/1430 1408/1408/1408
f 1408/1408/1408 1407/1407/1407 1413/1413/1413
f 1396/1396/1396 1425/1425/1425 1430/1430/1430
f 1430/1430/1430 1425/1425/1425 1408/1408/1408
f 1396/1396/1396 1397/1397/1397 1425/1425/1425
f 1425/1425/1425 1426/1426/1426 1427/1427/1427
f 1408/1408/1408 1425/1425/1425 1427/1427/1427
f 1397/1397/1397 1426/1426/1426 1425/1425/1425
f 1407/1407/1407 1408/1408/1408 1409/1409/1409
f 1426/1426/1426 1395/1395/1395 1438/1438/1438
f 1397/1397/1397 1395/1395/1395 1426/1426/1426
f 1399/1399/1399 1400/1400/1400 1401/1401/1401
f 1417/1417/1417 1418/1418/1418 1400/1400/1400
f 1422/1422/1422 1401/1401/1401 1400/1400/1400
f 1400/1400/1400 1418/1418/1418 1422/1422/1422
f 1401/1401/1401 1402/1402/1402 1403/1403/1403
f 1401/1401/1401 1403/1403/1403 1428/1428/1428
f 1401/1401/1401 1422/1422/1422 1402/1402/1402
f 1402/1402/1402 1422/1422/1422 1435/1435/1435
f 1403/1403/1403 1402/1402/1402 1435/1435/1435
f 1428/1428/1428 1403/1403/1403 1411/1411/1411
f 1411/1411/1411 1403/1403/1403 1436/1436/1436
f 1436/1436/1436 1403/1403/1403 1435/1435/1435
f 1428/1428/1428 1411/1411/1411 1410/1410/1410
f 1410/1410/1410 1411/1411/1411 1412/1412/1412
f 1436/1436/1436 1412/1412/1412 1411/1411/1411
f 1436/1436/1436 1435/1435/1435 1412/1412/1412
f 1435/1435/1435 1433/1433/1433 1432/1432/1432
f 1435/1435/1435 1422/1422/1422 1433/1433/1433
f 1412/1412/1412 1435/1435/1435 1432/1432/1432
f 1410/1410/1410 1412/1412/1412 1416/1416/1416
f 1412/1412/1412 1432/1432/1432 1437/1437/1437
f 1432/1432/1432 1433/1433/1433 1434/1434/1434
f 1433/1433/1433 1422/1422/1422 1439/1439/1439
f 1418/1418/1418 1421/1421/1421 1422/1422/1422
f 1422/1422/1422 1421/1421/1421 1439/1439/1439
f 1417/1417/1417 1421/1421/1421 1418/1418/1418
f 1441/1441/1441 1442/1442/1442 1443/1443/1443
f 1444/1444/1444 1441/1441/1441 1445/1445/1445
f 1446/1446/1446 1441/1441/1441 1444/1444/1444
f 1467/1467/1467 1441/1441/1441 1468/1468/1468
f 1468/1468/1468 1441/1441/1441 1446/1446/1446
f 1445/1445/1445 1441/1441/1441 1443/1443/1443
f 1467/1467/1467 1472/1472/1472 1441/1441/1441
f 1472/1472/1472 1442/1442/1442 1441/1441/1441
f 1471/1471/1471 1442/1442/1442 1472/1472/1472
f 1471/1471/1471 1472/1472/1472 1467/1467/1467
f 1467/1467/1467 1468/1468/1468 1453/1453/1453
f 1479/1479/1479 1468/1468/1468 1446/1446/1446
f 1454/1454/1454 1453/1453/1453 1468/1468/1468
f 1454/1454/1454 1468/1468/1468 1479/1479/1479
f 1446/1446/1446 1444/1444/1444 1477/1477/1477
f 1477/1477/1477 1479/1479/1479 1446/1446/1446
f 1454/1454/1454 1479/1479/1479 1477/1477/1477
f 1452/1452/1452 1453/1453/1453 1454/1454/1454
f 1454/1454/1454 1477/1477/1477 1463/1463/1463
f 1488/1488/1488 1454/1454/1454 1463/1463/1463
f 1463/1463/1463 1477/1477/1477 1461/1461/1461
f 1477/1477/1477 1444/1444/1444 1478/1478/1478
f 1461/1461/1461 1477/1477/1477 1478/1478/1478
f 1461/1461/1461 1462/1462/1462 1463/1463/1463
f 1455/1455/1455 1462/1462/1462 1461/1461/1461
f 1461/1461/1461 1478/1478/1478 1456/1456/1456
f 1456/1456/1456 1455/1455/1455 1461/1461/1461
f 1444/1444/1444 1473/1473/1473 1478/1478/1478
f 1478/1478/1478 1473/1473/1473 1456/1456/1456
f 1444/1444/1444 1445/1445/1445 1473/1473/1473
f 1473/1473/1473 1474/1474/1474 1475/1475/1475
f 1456/1456/1456 1473/1473/1473 1475/1475/1475
f 1445/1445/1445 1474/1474/1474 1473/1473/1473
f 1455/1455/1455 1456/1456/1456 1457/1457/1457
f 1474/1474/1474 1443/1443/1443 1486/1486/1486
f 1445/1445/1445 1443/1443/1443 1474/1474/1474
f 1447/1447/1447 1448/1448/1448 1449/1449/1449
f 1465/1465/1465 1466/1466/1466 1448/1448/1448
f 1470/1470/1470 1449/1449/1449 1448/1448/1448
f 1448/1448/1448 1466/1466/1466 1470/1470/1470
f 1449/1449/1449 1450/1450/1450 1451/1451/1451
f 1449/1449/1449 1451/1451/1451 1476/1476/1476
f 1449/1449/1449 1470/1470/1470 1450/1450/1450
f 1450/1450/1450 1470/1470/1470 1483/1483/1483
f 1451/1451/1451 1450/1450/1450 1483/1483/1483
f 1476/1476/1476 1451/1451/1451 1459/1459/1459
f 1459/1459/1459 1451/1451/1451 1484/1484/1484
f 1484/1484/1484 1451/1451/1451 1483/1483/1483
f 1476/1476/1476 1459/1459/1459 1458/1458/1458
f 1458/1458/1458 1459/1459/1459 1460/1460/1460
f 1484/1484/1484 1460/1460/1460 1459/1459/1459
f 1484/1484/1484 1483/1483/1483 1460/1460/1460
f 1483/1483/1483 1481/1481/1481 1480/1480/1480
f 1483/1483/1483 1470/1470/1470 1481/1481/1481
f 1460/1460/1460 1483/1483/1483 1480/1480/1480
f 1458/1458/1458 1460/1460/1460 1464/1464/1464
f 1460/1460/1460 1480/1480/1480 1485/1485/1485
f 1480/1480/1480 1481/1481/1481 1482/1482/1482
f 1481/1481/1481 1470/1470/1470 1487/1487/1487
f 1466/1466/1466 1469/1469/1469 1470/1470/1470
f 1470/1470/1470 1469/1469/1469 1487/1487/1487
f 1465/1465/1465 1469/1469/1469 1466/1466/1466
f 1489/1489/1489 1490/1490/1490 1491/1491/1491
f 1492/1492/1492 1489/1489/1489 1493/1493/1493
f 1494/1494/1494 1489/1489/1489 1492/1492/1492
f 1515/1515/1515 1489/1489/1489 1516/1516/1516
f 1516/1516/1516 1489/1489/1489 1494/1494/1494
f 1493/1493/1493 1489/1489/1489 1491/1491/1491
f 1515/1515/1515 1520/1520/1520 1489/1489/1489
f 1520/1520/1520 1490/1490/1490 1489/1489/1489
f 1519/1519/1519 1490/1490/1490 1520/1520/1520
f 1519/1519/1519 1520/1520/1520 1515/1515/1515
f 1515/1515/1515 1516/1516/1516 1501/1501/1501
f 1527/1527/1527 1516/1516/1516 1494/1494/1494
f 1502/1502/1502 1501/1501/1501 1516/1516/1516
f 1502/1502/1502 1516/1516/1516 1527/1527/1527
f 1494/1494/1494 1492/1492/1492 1525/1525/1525
f 1525/1525/1525 1527/1527/1527 1494/1494/1494
f 1502/1502/1502 1527/1527/1527 1525/1525/1525
f 1500/1500/1500 1501/1501/1501 1502/1502/1502
f 1502/1502/1502 1525/1525/1525 1511/1511/1511
f 1536/1536/1536 1502/1502/1502 1511/1511/1511
f 1511/1511/1511 1525/1525/1525 1509/1509/1509
f 1525/1525/1525 1492/1492/1492 1526/1526/1526
f 1509/1509/1509 1525/1525/1525 1526/1526/1526
f 1509/1509/1509 1510/1510/1510 1511/1511/1511
f 1503/1503/1503 1510/1510/1510 1509/1509/1509
f 1509/1509/1509 1526/1526/1526 1504/1504/1504
f 1504/1504/1504 1503/1503/1503 1509/1509/1509
f 1492/1492/1492 1521/1521/1521 1526/1526/1526
f 1526/1526/1526 1521/1521/1521 1504/1504/1504
f 1492/1492/1492 1493/1493/1493 1521/1521/1521
f 1521/1521/1521 1522/1522/1522 1523/1523/1523
f 1504/1504/1504 1521/1521/1521 1523/1523/1523
f 1493/1493/1493 1522/1522/1522 1521/1521/1521
f 1503/1503/1503 1504/1504/1504 1505/1505/1505
f 1522/1522/1522 1491/1491/1491 1534/1534/1534
f 1493/1493/1493 1491/1491/1491 1522/1522/1522
f 1495/1495/1495 1496/1496/1496 1497/1497/1497
f 1513/1513/1513 1514/1514/1514 1496/1496/1496
f 1518/1518/1518 1497/1497/1497 1496/1496/1496
f 1496/1496/1496 1514/1514/1514 1518/1518/1518
f 1497/1497/1497 1498/1498/1498 1499/1499/1499
f 1497/1497/1497 1499/1499/1499 1524/1524/1524
f 1497/1497/1497 1518/1518/1518 1498/1498/1498
f 1498/1498/1498 1518/1518/1518 1531/1531/1531
f 1499/1499/1499 1498/1498/1498 1531/1531/1531
f 1524/1524/1524 1499/1499/1499 1507/1507/1507
f 1507/1507/1507 1499/1499/1499 1532/1532/1532
f 1532/1532/1532 1499/1499/1499 1531/1531/1531
f 1524/1524/1524 1507/1507/1507 1506/1506/1506
f 1506/1506/1506 1507/1507/1507 1508/1508/1508
f 1532/1532/1532 1508/1508/1508 1507/1507/1507
f 1532/1532/1532 1531/1531/1531 1508/1508/1508
f 1531/1531/1531 1529/1529/1529 1528/1528/1528
f 1531/1531/1531 1518/1518/1518 1529/1529/1529
f 1508/1508/1508 1531/1531/1531 1528/1528/1528
f 1506/1506/1506 1508/1508/1508 1512/1512/1512
f 1508/1508/1508 1528/1528/1528 1533/1533/1533
f 1528/1528/1528 1529/1529/1529 1530/1530/1530
f 1529/1529/1529 1518/1518/1518 1535/1535/1535
f 1514/1514/1514 1517/1517/1517 1518/1518/1518
f 1518/1518/1518 1517/1517/1517 1535/1535/1535
f 1513/1513/1513 1517/1517/1517 1514/1514/1514
f 1537/1537/1537 1538/1538/1538 1539/1539/1539
f 1540/1540/1540 1537/1537/1537 1541/1541/1541
f 1542/1542/1542 1537/1537/1537 1540/1540/1540
f 1563/1563/1563 1537/1537/1537 1564/1564/1564
f 1564/1564/1564 1537/1537/1537 1542/1542/1542
f 1541/1541/1541 1537/1537/1537 1539/1539/1539
f 1563/1563/1563 1568/1568/1568 1537/1537/1537
f 1568/1568/1568 1538/1538/1538 1537/1537/1537
f 1567/1567/1567 1538/1538/1538 1568/1568/1568
f 1567/1567/1567 1568/1568/1568 1563/1563/1563
f 1563/1563/1563 1564/1564/1564 1549/1549/1549
f 1575/1575/1575 1564/1564/1564 1542/1542/1542
f 1550/1550/1550 1549/1549/1549 1564/1564/1564
f 1550/1550/1550 1564/1564/1564 1575/1575/1575
f 1542/1542/1542 1540/1540/1540 1573/1573/1573
f 1573/1573/1573 1575/1575/1575 1542/1542/1542
f 1550/1550/1550 1575/1575/1575 1573/1573/1573
f 1548/1548/1548 1549/1549/1549 1550/1550/1550
f 1550/1550/1550 1573/1573/1573 1559/1559/1559
f 1584/1584/1584 1550/1550/1550 1559/1559/1559
f 1559/1559/1559 1573/1573/1573 1557/1557/1557
f 1573/1573/1573 1540/1540/1540 1574/1574/1574
f 1557/1557/1557 1573/1573/1573 1574/1574/1574
f 1557/1557/1557 1558/1558/1558 1559/1559/1559
f 1551/1551/1551 1558/1558/1558 1557/1557/1557
f 1557/1557/1557 1574/1574/1574 1552/1552/1552
f 1552/1552/1552 1551/1551/1551 1557/1557/1557
f 1540/1540/1540 1569/1569/1569 1574/1574/1574
f 1574/1574/1574 1569/1569/1569 1552/1552/1552
f 1540/1540/1540 1541/1541/1541 1569/1569/1569
f 1569/1569/1569 1570/1570/1570 1571/1571/1571
f 1552/1552/1552 1569/1569/1569 1571/1571/1571
f 1541/1541/1541 1570/1570/1570 1569/1569/1569
f 1551/1551/1551 1552/1552/1552 1553/1553/1553
f 1570/1570/1570 1539/1539/1539 1582/1582/1582
f 1541/1541/1541 1539/1539/1539 1570/1570/1570
f 1543/1543/1543 1544/1544/1544 1545/1545/1545
f 1561/1561/1561 1562/1562/1562 1544/1544/1544
f 1566/1566/1566 1545/1545/1545 1544/1544/1544
f 1544/1544/1544 1562/1562/1562 1566/1566/1566
f 1545/1545/1545 1546/1546/1546 1547/1547/1547
f 1545/1545/1545 1547/1547/1547 1572/1572/1572
f 1545/1545/1545 1566/1566/1566 1546/1546/1546
f 1546/1546/1546 1566/1566/1566 1579/1579/1579
f 1547/1547/1547 1546/1546/1546 1579/1579/1579
f 1572/1572/1572 1547/1547/1547 1555/1555/1555
f 1555/1555/1555 1547/1547/1547 1580/1580/1580
f 1580/1580/1580 1547/1547/1547 1579/1579/1579
f 1572/1572/1572 1555/1555/1555 1554/1554/1554
f 1554/1554/1554 1555/1555/1555 1556/1556/1556
f 1580/1580/1580 1556/1556/1556 1555/1555/1555
f 1580/1580/1580 1579/1579/1579 1556/1556/1556
f 1579/1579/1579 1577/1577/1577 1576/1576/1576
f 1579/1579/1579 1566/1566/1566 1577/1577/1577
f 1556/1556/1556 1579/1579/1579 1576/1576/1576
f 1554/1554/1554 1556/1556/1556 1560/1560/1560
f 1556/1556/1556 1576/1576/1576 1581/1581/1581
f 1576/1576/1576 1577/1577/1577 1578/1578/1578
f 1577/1577/1577 1566/1566/1566 1583/1583/1583
f 1562/1562/1562 1565/1565/1565 1566/1566/1566
f 1566/1566/1566 1565/1565/1565 1583/1583/1583
f 1561/1561/1561 1565/1565/1565 1562/1562/1562
f 1585/1585/1585 1586/1586/1586 1587/1587/1587
f 1588/1588/1588 1585/1585/1585 1589/1589/1589
f 1590/1590/1590 1585/1585/1585 1588/1588/1588
f 1611/1611/1611 1585/1585/1585 1612/1612/1612
f 1612/1612/1612 1585/1585/1585 1590/1590/1590
f 1589/1589/1589 1585/1585/1585 1587/1587/1587
f 1611/1611/1611 1616/1616/1616 1585/1585/1585
f 1616/1616/1616 1586/1586/1586 1585/1585/1585
f 1615/1615/1615 1586/1586/1586 1616/1616/1616
f 1615/1615/1615 1616/1616/1616 1611/1611/1611
f 1611/1611/1611 1612/1612/1612 1597/1597/1597
f 1623/1623/1623 1612/1612/1612 1590/1590/1590
f 1598/1598/1598 1597/1597/1597 1612/1612/1612
f 1598/1598/1598 1612/1612/1612 1623/1623/1623
f 1590/1590/1590 1588/1588/1588 1621/1621/1621
f 1621/1621/1621 1623/1623/1623 1590/1590/1590
f 1598/1598/1598 1623/1623/1623 1621/1621/1621
f 1596/1596/1596 1597/1597/1597 1598/1598/1598
f 1598/1598/1598 1621/1621/1621 1607/1607/1607
f 1632/1632/1632 1598/1598/1598 1607/1607/1607
f 1607/1607/1607 1621/1621/1621 1605/1605/1605
f 1621/1621/1621 1588/1588/1588 1622/1622/1622
f 1605/1605/1605 1621/1621/1621 1622/1622/1622
f 1605/1605/1605 1606/1606/1606 1607/1607/1607
f 1599/1599/1599 1606/1606/1606 1605/1605/1605
f 1605/1605/1605 1622/1622/1622 1600/1600/1600
f 1600/1600/1600 1599/1599/1599 1605/1605/1605
f 1588/1588/1588 1617/1617/1617 1622/1622/1622
f 1622/1622/1622 1617/1617/1617 1600/1600/1600
f 1588/1588/1588 1589/1589/1589 1617/1617/1617
f 1617/1617/1617 1618/1618/1618 1619/1619/1619
f 1600/1600/1600 1617/1617/1617 1619/1619/1619
f 1589/1589/1589 1618/1618/1618 1617/1617/1617
f 1599/1599/1599 1600/1600/1600 1601/1601/1601
f 1618/1618/1618 1587/1587/1587 1630/1630/1630
f 1589/1589/1589 1587/1587/1587 1618/1618/1618
f 1591/1591/1591 1592/1592/1592 1593/1593/1593
f 1609/1609/1609 1610/1610/1610 1592/1592/1592
f 1614/1614/1614 1593/1593/1593 1592/1592/1592
f 1592/1592/1592 1610/1610/1610 1614/1614/1614
f 1593/1593/1593 1594/1594/1594 1595/1595/1595
f 1593/1593/1593 1595/1595/1595 1620/1620/1620
f 1593/1593/1593 1614/1614/1614 1594/1594/1594
f 1594/1594/1594 1614/1614/1614 1627/1627/1627
f 1595/1595/1595 1594/1594/1594 1627/1627/1627
f 1620/1620/1620 1595/1595/1595 1603/1603/1603
f 1603/1603/1603 1595/1595/1595 1628/1628/1628
f 1628/1628/1628 1595/1595/1595 1627/1627/1627
f 1620/1620/1620 1603/1603/1603 1602/1602/1602
f 1602/1602/1602 1603/1603/1603 1604/1604/1604
f 1628/1628/1628 1604/1604/1604 1603/1603/1603
f 1628/1628/1628 1627/1627/1627 1604/1604/1604
f 1627/1627/1627 1625/1625/1625 1624/1624/1624
f 1627/1627/1627 1614/1614/1614 1625/1625/1625
f 1604/1604/1604 1627/1627/1627 1624/1624/1624
f 1602/1602/1602 1604/1604/1604 1608/1608/1608
f 1604/1604/1604 1624/1624/1624 1629/1629/1629
f 1624/1624/1624 1625/1625/1625 1626/1626/1626
f 1625/1625/1625 1614/1614/1614 1631/1631/1631
f 1610/1610/1610 1613/1613/1613 1614/1614/1614
f 1614/1614/1614 1613/1613/1613 1631/1631/1631
f 1609/1609/1609 1613/1613/1613 1610/1610/1610
f 1633/1633/1633 1634/1634/1634 1635/1635/1635
f 1636/1636/1636 1633/1633/1633 1637/1637/1637
f 1638/1638/1638 1633/1633/1633 1636/1636/1636
f 1659/1659/1659 1633/1633/1633 1660/1660/1660
f 1660/1660/1660 1633/1633/1633 1638/1638/1638
f 1637/1637/1637 1633/1633/1633 1635/1635/1635
f 1659/1659/1659 1664/1664/1664 1633/1633/1633
f 1664/1664/1664 1634/1634/1634 1633/1633/1633
f 1663/1663/1663 1634/1634/1634 1664/1664/1664
f 1663/1663/1663 1664/1664/1664 1659/1659/1659
f 1659/1659/1659 1660/1660/1660 1645/1645/1645
f 1671/1671/1671 1660/1660/1660 1638/1638/1638
f 1646/1646/1646 1645/1645/1645 1660/1660/1660
f 1646/1646/1646 1660/1660/1660 1671/1671/1671
f 1638/1638/1638 1636/1636/1636 1669/1669/1669
f 1669/1669/1669 1671/1671/1671 1638/1638/1638
f 1646/1646/1646 1671/1671/1671 1669/1669/1669
f 1644/1644/1644 1645/1645/1645 1646/1646/1646
f 1646/1646/1646 1669/1669/1669 1655/1655/1655
f 1680/1680/1680 1646/1646/1646 1655/1655/1655
f 1655/1655/1655 1669/1669/1669 1653/1653/1653
f 1669/1669/1669 1636/1636/1636 1670/1670/1670
f 1653/1653/1653 1669/1669/1669 1670/1670/1670
f 1653/1653/1653 1654/1654/1654 1655/1655/1655
f 1647/1647/1647 1654/1654/1654 1653/1653/1653
f 1653/1653/1653 1670/1670/1670 1648/1648/1648
f 1648/1648/1648 1647/1647/1647 1653/1653/1653
f 1636/1636/1636 1665/1665/1665 1670/1670/1670
f 1670/1670/1670 1665/1665/1665 1648/1648/1648
f 1636/1636/1636 1637/1637/1637 1665/1665/1665
f 1665/1665/1665 1666/1666/1666 1667/1667/1667
f 1648/1648/1648 1665/1665/1665 1667/1667/1667
f 1637/1637/1637 1666/1666/1666 1665/1665/1665
f 1647/1647/1647 1648/1648/1648 1649/1649/1649
f 1666/1666/1666 1635/1635/1635 1678/1678/1678
f 1637/1637/1637 1635/1635/1635 1666/1666/1666
f 1639/1639/1639 1640/1640/1640 1641/1641/1641
f 1657/1657/1657 1658/1658/1658 1640/1640/1640
f 1662/1662/1662 1641/1641/1641 1640/1640/1640
f 1640/1640/1640 1658/1658/1658 1662/1662/1662
f 1641/1641/1641 1642/1642/1642 1643/1643/1643
f 1641/1641/1641 1643/1643/1643 1668/1668/1668
f 1641/1641/1641 1662/1662/1662 1642/1642/1642
f 1642/1642/1642 1662/1662/1662 1675/1675/1675
f 1643/1643/1643 1642/1642/1642 1675/1675/1675
f 1668/1668/1668 1643/1643/1643 1651/1651/1651
f 1651/1651/1651 1643/1643/1643 1676/1676/1676
f 1676/1676/1676 1643/1643/1643 1675/1675/1675
f 1668/1668/1668 1651/1651/1651 1650/1650/1650
f 1650/1650/1650 1651/1651/1651 1652/1652/1652
f 1676/1676/1676 1652/1652/1652 1651/1651/1651
f 1676/1676/1676 1675/1675/1675 1652/1652/1652
f 1675/1675/1675 1673/1673/1673 1672/1672/1672
f 1675/1675/1675 1662/1662/1662 1673/1673/1673
f 1652/1652/1652 1675/1675/1675 1672/1672/1672
f 1650/1650/1650 1652/1652/1652 1656/1656/1656
f 1652/1652/1652 1672/1672/1672 1677/1677/1677
f 1672/1672/1672 1673/1673/1673 1674/1674/1674
f 1673/1673/1673 1662/1662/1662 1679/1679/1679
f 1658/1658/1658 1661/1661/1661 1662/1662/1662
f 1662/1662/1662 1661/1661/1661 1679/1679/1679
f 1657/1657/1657 1661/1661/1661 1658/1658/1658
f 1681/1681/1681 1682/1682/1682 1683/1683/1683
f 1684/1684/1684 1681/1681/1681 1685/1685/1685
f 1686/1686/1686 1681/1681/1681 1684/1684/1684
f 1707/1707/1707 1681/1681/1681 1708/1708/1708
f 1708/1708/1708 1681/1681/1681 1686/1686/1686
f 1685/1685/1685 1681/1681/1681 1683/1683/1683
f 1707/1707/1707 1712/1712/1712 1681/1681/1681
f 1712/1712/1712 1682/1682/1682 1681/1681/1681
f 1711/1711/1711 1682/1682/1682 1712/1712/1712
f 1711/1711/1711 1712/1712/1712 1707/1707/1707
f 1707/1707/1707 1708/1708/1708 1693/1693/1693
f 1719/1719/1719 1708/1708/1708 1686/1686/1686
f 1694/1694/1694 1693/1693/1693 1708/1708/1708
f 1694/1694/1694 1708/1708/1708 1719/1719/1719
f 1686/1686/1686 1684/1684/1684 1717/1717/1717
f 1717/1717/1717 1719/1719/1719 1686/1686/1686
f 1694/1694/1694 1719/1719/1719 1717/1717/1717
f 1692/1692/1692 1693/1693/1693 1694/1694/1694
f 1694/1694/1694 1717/1717/1717 1703/1703/1703
f 1728/1728/1728 1694/1694/1694 1703/1703/1703
f 1703/1703/1703 1717/1717/1717 1701/1701/1701
f 1717/1717/1717 1684/1684/1684 1718/1718/1718
f 1701/1701/1701 1717/1717/1717 1718/1718/1718
f 1701/1701/1701 1702/1702/1702 1703/1703/1703
f 1695/1695/1695 1702/1702/1702 1701/1701/1701
f 1701/1701/1701 1718/1718/1718 1696/1696/1696
f 1696/1696/1696 1695/1695/1695 1701/1701/1701
f 1684/1684/1684 1713/1713/1713 1718/1718/1718
f 1718/1718/1718 1713/1713/1713 1696/1696/1696
f 1684/1684/1684 1685/1685/1685 1713/1713/1713
f 1713/1713/1713 1714/1714/1714 1715/1715/1715
f 1696/1696/1696 1713/1713/1713 1715/1715/1715
f 1685/1685/1685 1714/1714/1714 1713/1713/1713
f 1695/1695/1695 1696/1696/1696 1697/1697/1697
f 1714/1714/1714 1683/1683/1683 1726/1726/1726
f 1685/1685/1685 1683/1683/1683 1714/1714/1714
f 1687/1687/1687 1688/1688/1688 1689/1689/1689
f 1705/1705/1705 1706/1706/1706 1688/1688/1688
f 1710/1710/1710 1689/1689/1689 1688/1688/1688
f 1688/1688/1688 1706/1706/1706 1710/1710/1710
f 1689/1689/1689 1690/1690/1690 1691/1691/1691
f 1689/1689/1689 1691/1691/1691 1716/1716/1716
f 1689/1689/1689 1710/1710/1710 1690/1690/1690
f 1690/1690/1690 1710/1710/1710 1723/1723/1723
f 1691/1691/1691 1690/1690/1690 1723/1723/1723
f 1716/1716/1716 1691/1691/1691 1699/1699/1699
f 1699/1699/1699 1691/1691/1691 1724/1724/1724
f 1724/1724/1724 1691/1691/1691 1723/1723/1723
f 1716/1716/1716 1699/1699/1699 1698/1698/1698
f 1698/1698/1698 1699/1699/1699 1700/1700/1700
f 1724/1724/1724 1700/1700/1700 1699/1699/1699
f 1724/1724/1724 1723/1723/1723 1700/1700/1700
f 1723/1723/1723 1721/1721/1721 1720/1720/1720
f 1723/1723/1723 1710/1710/1710 1721/1721/1721
f 1700/1700/1700 1723/1723/1723 1720/1720/1720
f 1698/1698/1698 1700/1700/1700 1704/1704/1704
f 1700/1700/1700 1720/1720/1720 1725/1725/1725
f 1720/1720/1720 1721/1721/1721 1722/1722/1722
f 1721/1721/1721 1710/1710/1710 1727/1727/1727
f 1706/1706/1706 1709/1709/1709 1710/1710/1710
f 1710/1710/1710 1709/1709/1709 1727/1727/1727
f 1705/1705/1705 1709/1709/1709 1706/1706/1706
f 1729/1729/1729 1730/1730/1730 1731/1731/1731
f 1732/1732/1732 1729/1729/1729 1733/1733/1733
f 1734/1734/1734 1729/1729/1729 1732/1732/1732
f 1755/1755/1755 1729/1729/1729 1756/1756/1756
f 1756/1756/1756 1729/1729/1729 1734/1734/1734
f 1733/1733/1733 1729/1729/1729 1731/1731/1731
f 1755/1755/1755 1760/1760/1760 1729/1729/1729
f 1760/1760/1760 1730/1730/1730 1729/1729/1729
f 1759/1759/1759 1730/1730/1730 1760/1760/1760
f 1759/1759/1759 1760/1760/1760 1755/1755/1755
f 1755/1755/1755 1756/1756/1756 1741/1741/1741
f 1767/1767/1767 1756/1756/1756 1734/1734/1734
f 1742/1742/1742 1741/1741/1741 1756/1756/1756
f 1742/1742/1742 1756/1756/1756 1767/1767/1767
f 1734/1734/1734 1732/1732/1732 1765/1765/1765
f 1765/1765/1765 1767/1767/1767 1734/1734/1734
f 1742/1742/1742 1767/1767/1767 1765/1765/1765
f 1740/1740/1740 1741/1741/1741 1742/1742/1742
f 1742/1742/1742 1765/1765/1765 1751/1751/1751
f 1776/1776/1776 1742/1742/1742 1751/1751/1751
f 1751/1751/1751 1765/1765/1765 1749/1749/1749
f 1765/1765/1765 1732/1732/1732 1766/1766/1766
f 1749/1749/1749 1765/1765/1765 1766/1766/1766
f 1749/1749/1749 1750/1750/1750 1751/1751/1751
f 1743/1743/1743 1750/1750/1750 1749/1749/1749
f 1749/1749/1749 1766/1766/1766 1744/1744/1744
f 1744/1744/1744 1743/1743/1743 1749/1749/1749
f 1732/1732/1732 1761/1761/1761 1766/1766/1766
f 1766/1766/1766 1761/1761/1761 1744/1744/1744
f 1732/1732/1732 1733/1733/1733 1761/1761/1761
f 1761/1761/1761 1762/1762/1762 1763/1763/1763
f 1744/1744/1744 1761/1761/1761 1763/1763/1763
f 1733/1733/1733 1762/1762/1762 1761/1761/1761
f 1743/1743/1743 1744/1744/1744 1745/1745/1745
f 1762/1762/1762 1731/1731/1731 1774/1774/1774
f 1733/1733/1733 1731/1731/1731 1762/1762/1762
f 1735/1735/1735 1736/1736/1736 1737/1737/1737
f 1753/1753/1753 1754/1754/1754 1736/1736/1736
f 1758/1758/1758 1737/1737/1737 1736/1736/1736
f 1736/1736/1736 1754/1754/1754 1758/1758/1758
f 1737/1737/1737 1738/1738/1738 1739/1739/1739
f 1737/1737/1737 1739/1739/1739 1764/1764/1764
f 1737/1737/1737 1758/1758/1758 1738/1738/1738
f 1738/1738/1738 1758/1758/1758 1771/1771/1771
f 1739/1739/1739 1738/1738/1738 1771/1771/1771
f 1764/1764/1764 1739/1739/1739 1747/1747/1747
f 1747/1747/1747 1739/1739/1739 1772/1772/1772
f 1772/1772/1772 1739/1739/1739 1771/1771/1771
f 1764/1764/1764 1747/1747/1747 1746/1746/1746
f 1746/1746/1746 1747/1747/1747 1748/1748/1748
f 1772/1772/1772 1748/1748/1748 1747/1747/1747
f 1772/1772/1772 1771/1771/1771 1748/1748/1748
f 1771/1771/1771 1769/1769/1769 1768/1768/1768
f 1771/1771/1771 1758/1758/1758 1769/1769/1769
f 1748/1748/1748 1771/1771/1771 1768/1768/1768
f 1746/1746/1746 1748/1748/1748 1752/1752/1752
f 1748/1748/1748 1768/1768/1768 1773/1773/1773
f 1768/1768/1768 1769/1769/1769 1770/1770/1770
f 1769/1769/1769 1758/1758/1758 1775/1775/1775
f 1754/1754/1754 1757/1757/1757 1758/1758/1758
f 1758/1758/1758 1757/1757/1757 1775/1775/1775
f 1753/1753/1753 1757/1757/1757 1754/1754/1754
f 1777/1777/1777 1778/1778/1778 1779/1779/1779
f 1780/1780/1780 1777/1777/1777 1781/1781/1781
f 1782/1782/1782 1777/1777/1777 1780/1780/1780
f 1803/1803/1803 1777/1777/1777 1804/1804/1804
f 1804/1804/1804 1777/1777/1777 1782/1782/1782
f 1781/1781/1781 1777/1777/1777 1779/1779/1779
f 1803/1803/1803 1808/1808/1808 1777/1777/1777
f 1808/1808/1808 1778/1778/1778 1777/1777/1777
f 1807/1807/1807 1778/1778/1778 1808/1808/1808
f 1807/1807/1807 1808/1808/1808 1803/1803/1803
f 1803/1803/1803 1804/1804/1804 1789/1789/1789
f 1815/1815/1815 1804/1804/1804 1782/1782/1782
f 1790/1790/1790 1789/1789/1789 1804/1804/1804
f 1790/1790/1790 1804/1804/1804 1815/1815/1815
f 1782/1782/1782 1780/1780/1780 1813/1813/1813
f 1813/1813/1813 1815/1815/1815 1782/1782/1782
f 1790/1790/1790 1815/1815/1815 1813/1813/1813
f 1788/1788/1788 1789/1789/1789 1790/1790/1790
f 1790/1790/1790 1813/1813/1813 1799/1799/1799
f 1824/1824/1824 1790/1790/1790 1799/1799/1799
f 1799/1799/1799 1813/1813/1813 1797/1797/1797
f 1813/1813/1813 1780/1780/1780 1814/1814/1814
f 1797/1797/1797 1813/1813/1813 1814/1814/1814
f 1797/1797/1797 1798/1798/1798 1799/1799/1799
f 1791/1791/1791 1798/1798/1798 1797/1797/1797
f 1797/1797/1797 1814/1814/1814 1792/1792/1792
f 1792/1792/1792 1791/1791/1791 1797/1797/1797
f 1780/1780/1780 1809/1809/1809 1814/1814/1814
f 1814/1814/1814 1809/1809/1809 1792/1792/1792
f 1780/1780/1780 1781/1781/1781 1809/1809/1809
f 1809/1809/1809 1810/1810/1810 1811/1811/1811
f 1792/1792/1792 1809/1809/1809 1811/1811/1811
f 1781/1781/1781 1810/1810/1810 1809/1809/1809
f 1791/1791/1791 1792/1792/1792 1793/1793/1793
f 1810/1810/1810 1779/1779/1779 1822/1822/1822
f 1781/1781/1781 1779/1779/1779 1810/1810/1810
f 1783/1783/1783 1784/1784/1784 1785/1785/1785
f 1801/1801/1801 1802/1802/1802 1784/1784/1784
f 1806/1806/1806 1785/1785/1785 1784/1784/1784
f 1784/1784/1784 1802/1802/1802 1806/1806/1806
f 1785/1785/1785 1786/1786/1786 1787/1787/1787
f 1785/1785/1785 1787/1787/1787 1812/1812/1812
f 1785/1785/1785 1806/1806/1806 1786/1786/1786
f 1786/1786/1786 1806/1806/1806 1819/1819/1819
f 1787/1787/1787 1786/1786/1786 1819/1819/1819
f 1812/1812/1812 1787/1787/1787 1795/1795/1795
f 1795/1795/1795 1787/1787/1787 1820/1820/1820
f 1820/1820/1820 1787/1787/1787 1819/1819/1819
f 1812/1812/1812 1795/1795/1795 1794/1794/1794
f 1794/1794/1794 1795/1795/1795 1796/1796/1796
f 1820/1820/1820 1796/1796/1796 1795/1795/1795
f 1820/1820/1820 1819/1819/1819 1796/1796/1796
f 1819/1819/1819 1817/1817/1817 1816/1816/1816
f 1819/1819/1819 1806/1806/1806 1817/1817/1817
f 1796/1796/1796 1819/1819/1819 1816/1816/1816
f 1794/1794/1794 1796/1796/1796 1800/1800/1800
f 1796/1796/1796 1816/1816/1816 1821/1821/1821
f 1816/1816/1816 1817/1817/1817 1818/1818/1818
f 1817/1817/1817 1806/1806/1806 1823/1823/1823
f 1802/1802/1802 1805/1805/1805 1806/1806/1806
f 1806/1806/1806 1805/1805/1805 1823/1823/1823
f 1801/1801/1801 1805/1805/1805 1802/1802/1802
f 1825/1825/1825 1826/1826/1826 1827/1827/1827
f 1828/1828/1828 1825/1825/1825 1829/1829/1829
f 1830/1830/1830 1825/1825/1825 1828/1828/1828
f 1851/1851/1851 1825/1825/1825 1852/1852/1852
f 1852/1852/1852 1825/1825/1825 1830/1830/1830
f 1829/1829/1829 1825/1825/1825 1827/1827/1827
f 1851/1851/1851 1856/1856/1856 1825/1825/1825
f 1856/1856/1856 1826/1826/1826 1825/1825/1825
f 1855/1855/1855 1826/1826/1826 1856/1856/1856
f 1855/1855/1855 1856/1856/1856 1851/1851/1851
f 1851/1851/1851 1852/1852/1852 1837/1837/1837
f 1863/1863/1863 1852/1852/1852 1830/1830/1830
f 1838/1838/1838 1837/1837/1837 1852/1852/1852
f 1838/1838/1838 1852/1852/1852 1863/1863/1863
f 1830/1830/1830 1828/1828/1828 1861/1861/1861
f 1861/1861/1861 1863/1863/1863 1830/1830/1830
f 1838/1838/1838 1863/1863/1863 1861/1861/1861
f 1836/1836/1836 1837/1837/1837 1838/1838/1838
f 1838/1838/1838 1861/1861/1861 1847/1847/1847
f 1872/1872/1872 1838/1838/1838 1847/1847/1847
f 1847/1847/1847 1861/1861/1861 1845/1845/1845
f 1861/1861/1861 1828/1828/1828 1862/1862/1862
f 1845/1845/1845 1861/1861/1861 1862/1862/1862
f 1845/1845/1845 1846/1846/1846 1847/1847/1847
f 1839/1839/1839 1846/1846/1846 1845/1845/1845
f 1845/1845/1845 1862/1862/1862 1840/1840/1840
f 1840/1840/1840 1839/1839/1839 1845/1845/1845
f 1828/1828/1828 1857/1857/1857 1862/1862/1862
f 1862/1862/1862 1857/1857/1857 1840/1840/1840
f 1828/1828/1828 1829/1829/1829 1857/1857/1857
f 1857/1857/1857 1858/1858/1858 1859/1859/1859
f 1840/1840/1840 1857/1857/1857 1859/1859/1859
f 1829/1829/1829 1858/1858/1858 1857/1857/1857
f 1839/1839/1839 1840/1840/1840 1841/1841/1841
f 1858/1858/1858 1827/1827/1827 1870/1870/1870
f 1829/1829/1829 1827/1827/1827 1858/1858/1858
f 1831/1831/1831 1832/1832/1832 1833/1833/1833
f 1849/1849/1849 1850/1850/1850 1832/1832/1832
f 1854/1854/1854 1833/1833/1833 1832/1832/1832
f 1832/1832/1832 1850/1850/1850 1854/1854/1854
f 1833/1833/1833 1834/1834/1834 1835/1835/1835
f 1833/1833/1833 1835/1835/1835 1860/1860/1860
f 1833/1833/1833 1854/1854/1854 1834/1834/1834
f 1834/1834/1834 1854/1854/1854 1867/1867/1867
f 1835/1835/1835 1834/1834/1834 1867/1867/1867
f 1860/1860/1860 1835/1835/1835 1843/1843/1843
f 1843/1843/1843 1835/1835/1835 1868/1868/1868
f 1868/1868/1868 1835/1835/1835 1867/1867/1867
f 1860/1860/1860 1843/1843/1843 1842/1842/1842
f 1842/1842/1842 1843/1843/1843 1844/1844/1844
f 1868/1868/1868 1844/1844/1844 1843/1843/1843
f 1868/1868/1868 1867/1867/1867 1844/1844/1844
f 1867/1867/1867 1865/1865/1865 1864/1864/1864
f 1867/1867/1867 1854/1854/1854 1865/1865/1865
f 1844/1844/1844 1867/1867/1867 1864/1864/1864
f 1842/1842/1842 1844/1844/1844 1848/1848/1848
f 1844/1844/1844 1864/1864/1864 1869/1869/1869
f 1864/1864/1864 1865/1865/1865 1866/1866/1866
f 1865/1865/1865 1854/1854/1854 1871/1871/1871
f 1850/1850/1850 1853/1853/1853 1854/1854/1854
f 1854/1854/1854 1853/1853/1853 1871/1871/1871
f 1849/1849/1849 1853/1853/1853 1850/1850/1850
f 1873/1873/1873 1874/1874/1874 1875/1875/1875
f 1876/1876/1876 1873/1873/1873 1877/1877/1877
f 1878/1878/1878 1873/1873/1873 1876/1876/1876
f 1899/1899/1899 1873/1873/1873 1900/1900/1900
f 1900/1900/1900 1873/1873/1873 1878/1878/1878
f 1877/1877/1877 1873/1873/1873 1875/1875/1875
f 1899/1899/1899 1904/1904/1904 1873/1873/1873
f 1904/1904/1904 1874/1874/1874 1873/1873/1873
f 1903/1903/1903 1874/1874/1874 1904/1904/1904
f 1903/1903/1903 1904/1904/1904 1899/1899/1899
f 1899/1899/1899 1900/1900/1900 1885/1885/1885
f 1911/1911/1911 1900/1900/1900 1878/1878/1878
f 1886/1886/1886 1885/1885/1885 1900/1900/1900
f 1886/1886/1886 1900/1900/1900 1911/1911/1911
f 1878/1878/1878 1876/1876/1876 1909/1909/1909
f 1909/1909/1909 1911/1911/1911 1878/1878/1878
f 1886/1886/1886 1911/1911/1911 1909/1909/1909
f 1884/1884/1884 1885/1885/1885 1886/1886/1886
f 1886/1886/1886 1909/1909/1909 1895/1895/1895
f 1920/1920/1920 1886/1886/1886 1895/1895/1895
f 1895/1895/1895 1909/1909/1909 1893/1893/1893
f 1909/1909/1909 1876/1876/1876 1910/1910/1910
f 1893/1893/1893 1909/1909/1909 1910/1910/1910
f 1893/1893/1893 1894/1894/1894 1895/1895/1895
f 1887/1887/1887 1894/1894/1894 1893/1893/1893
f 1893/1893/1893 1910/1910/1910 1888/1888/1888
f 1888/1888/1888 1887/1887/1887 1893/1893/1893
f 1876/1876/1876 1905/1905/1905 1910/1910/1910
f 1910/1910/1910 1905/1905/1905 1888/1888/1888
f 1876/1876/1876 1877/1877/1877 1905/1905/1905
f 1905/1905/1905 1906/1906/1906 1907/1907/1907
f 1888/1888/1888 1905/1905/1905 1907/1907/1907
f 1877/1877/1877 1906/1906/1906 1905/1905/1905
f 1887/1887/1887 1888/1888/1888 1889/1889/1889
f 1906/1906/1906 1875/1875/1875 1918/1918/1918
f 1877/1877/1877 1875/1875/1875 1906/1906/1906
f 1879/1879/1879 1880/1880/1880 1881/1881/1881
f 1897/1897/1897 1898/1898/1898 1880/1880/1880
f 1902/1902/1902 1881/1881/1881 1880/1880/1880
f 1880/1880/1880 1898/1898/1898 1902/1902/1902
f 1881/1881/1881 1882/1882/1882 1883/1883/1883
f 1881/1881/1881 1883/1883/1883 1908/1908/1908
f 1881/1881/1881 1902/1902/1902 1882/1882/1882
f 1882/1882/1882 1902/1902/1902 1915/1915/1915
f 1883/1883/1883 1882/1882/1882 1915/1915/1915
f 1908/1908/1908 1883/1883/1883 1891/1891/1891
f 1891/1891/1891 1883/1883/1883 1916/1916/1916
f 1916/1916/1916 1883/1883/1883 1915/1915/1915
f 1908/1908/1908 1891/1891/1891 1890/1890/1890
f 1890/1890/1890 1891/1891/1891 1892/1892/1892
f 1916/1916/1916 1892/1892/1892 1891/1891/1891
f 1916/1916/1916 1915/1915/1915 1892/1892/1892
f 1915/1915/1915 1913/1913/1913 1912/1912/1912
f 1915/1915/1915 1902/1902/1902 1913/1913/1913
f 1892/1892/1892 1915/1915/1915 1912/1912/1912
f 1890/1890/1890 1892/1892/1892 1896/1896/1896
f 1892/1892/1892 1912/1912/1912 1917/1917/1917
f 1912/1912/1912 1913/1913/1913 1914/1914/1914
f 1913/1913/1913 1902/1902/1902 1919/1919/1919
f 1898/1898/1898 1901/1901/1901 1902/1902/1902
f 1902/1902/1902 1901/1901/1901 1919/1919/1919
f 1897/1897/1897 1901/1901/1901 1898/1898/1898
f 1921/1921/1921 1922/1922/1922 1923/1923/1923
f 1924/1924/1924 1921/1921/1921 1925/1925/1925
f 1926/1926/1926 1921/1921/1921 1924/1924/1924
f 1947/1947/1947 1921/1921/1921 1948/1948/1948
f 1948/1948/1948 1921/1921/1921 1926/1926/1926
f 1925/1925/1925 1921/1921/1921 1923/1923/1923
f 1947/1947/1947 1952/1952/1952 1921/1921/1921
f 1952/1952/1952 1922/1922/1922 1921/1921/1921
f 1951/1951/1951 1922/1922/1922 1952/1952/1952
f 1951/1951/1951 1952/1952/1952 1947/1947/1947
f 1947/1947/1947 1948/1948/1948 1933/1933/1933
f 1959/1959/1959 1948/1948/1948 1926/1926/1926
f 1934/1934/1934 1933/1933/1933 1948/1948/1948
f 1934/1934/1934 1948/1948/1948 1959/1959/1959
f 1926/1926/1926 1924/1924/1924 1957/1957/1957
f 1957/1957/1957 1959/1959/1959 1926/1926/1926
f 1934/1934/1934 1959/1959/1959 1957/1957/1957
f 1932/1932/1932 1933/1933/1933 1934/1934/1934
f 1934/1934/1934 1957/1957/1957 1943/1943/1943
f 1968/1968/1968 1934/1934/1934 1943/1943/1943
f 1943/1943/1943 1957/1957/1957 1941/1941/1941
f 1957/1957/1957 1924/1924/1924 1958/1958/1958
f 1941/1941/1941 1957/1957/1957 1958/1958/1958
f 1941/1941/1941 1942/1942/1942 1943/1943/1943
f 1935/1935/1935 1942/1942/1942 1941/1941/1941
f 1941/1941/1941 1958/1958/1958 1936/1936/1936
f 1936/1936/1936 1935/1935/1935 1941/1941/1941
f 1924/1924/1924 1953/1953/1953 1958/1958/1958
f 1958/1958/1958 1953/1953/1953 1936/1936/1936
f 1924/1924/1924 1925/1925/1925 1953/1953/1953
f 1953/1953/1953 1954/1954/1954 1955/1955/1955
f 1936/1936/1936 1953/1953/1953 1955/1955/1955
f 1925/1925/1925 1954/1954/1954 1953/1953/1953
f 1935/1935/1935 1936/1936/1936 1937/1937/1937
f 1954/1954/1954 1923/1923/1923 1966/1966/1966
f 1925/1925/1925 1923/1923/1923 1954/1954/1954
f 1927/1927/1927 1928/1928/1928 1929/1929/1929
f 1945/1945/1945 1946/1946/1946 1928/1928/1928
f 1950/1950/1950 1929/1929/1929 1928/1928/1928
f 1928/1928/1928 1946/1946/1946 1950/1950/1950
f 1929/1929/1929 1930/1930/1930 1931/1931/1931
f 1929/1929/1929 1931/1931/1931 1956/1956/1956
f 1929/1929/1929 1950/1950/1950 1930/1930/1930
f 1930/1930/1930 1950/1950/1950 1963/1963/1963
f 1931/1931/1931 1930/1930/1930 1963/1963/1963
f 1956/1956/1956 1931/1931/1931 1939/1939/1939
f 1939/1939/1939 1931/1931/1931 1964/1964/1964
f 1964/1964/1964 1931/1931/1931 1963/1963/1963
f 1956/1956/1956 1939/1939/1939 1938/1938/1938
f 1938/1938/1938 1939/1939/1939 1940/1940/1940
f 1964/1964/1964 1940/1940/1940 1939/1939/1939
f 1964/1964/1964 1963/1963/1963 1940/1940/1940
f 1963/1963/1963 1961/1961/1961 1960/1960/1960
f 1963/1963/1963 1950/1950/1950 1961/1961/1961
f 1940/1940/1940 1963/1963/1963 1960/1960/1960
f 1938/1938/1938 1940/1940/1940 1944/1944/1944
f 1940/1940/1940 1960/1960/1960 1965/1965/1965
f 1960/1960/1960 1961/1961/1961 1962/1962/1962
f 1961/1961/1961 1950/1950/1950 1967/1967/1967
f 1946/1946/1946 1949/1949/1949 1950/1950/1950
f 1950/1950/1950 1949/1949/1949 1967/1967/1967
f 1945/1945/1945 1949/1949/1949 1946/1946/1946
f 1969/1969/1969 1970/1970/1970 1971/1971/1971
f 1972/1972/1972 1969/1969/1969 1973/1973/1973
f 1974/1974/1974 1969/1969/1969 1972/1972/1972
f 1995/1995/1995 1969/1969/1969 1996/1996/1996
f 1996/1996/1996 1969/1969/1969 1974/1974/1974
f 1973/1973/1973 1969/1969/1969 1971/1971/1971
f 1995/1995/1995 2000/2000/2000 1969/1969/1969
f 2000/2000/2000 1970/1970/1970 1969/1969/1969
f 1999/1999/1999 1970/1970/1970 2000/2000/2000
f 1999/1999/1999 2000/2000/2000 1995/1995/1995
f 1995/1995/1995 1996/1996/1996 1981/1981/1981
f 2007/2007/2007 1996/1996/1996 1974/1974/1974
f 1982/1982/1982 1981/1981/1981 1996/1996/1996
f 1982/1982/1982 1996/1996/1996 2007/2007/2007
f 1974/1974/1974 1972/1972/1972 2005/2005/2005
f 2005/2005/2005 2007/2007/2007 1974/1974/1974
f 1982/1982/1982 2007/2007/2007 2005/2005/2005
f 1980/1980/1980 1981/1981/1981 1982/1982/1982
f 1982/1982/1982 2005/2005/2005 1991/1991/1991
f 2016/2016/2016 1982/1982/1982 1991/1991/1991
f 1991/1991/1991 2005/2005/2005 1989/1989/1989
f 2005/2005/2005 1972/1972/1972 2006/2006/2006
f 1989/1989/1989 2005/2005/2005 2006/2006/2006
f 1989/1989/1989 1990/1990/1990 1991/1991/1991
f 1983/1983/1983 1990/1990/1990 1989/1989/1989
f 1989/1989/1989 2006/2006/2006 1984/1984/1984
f 1984/1984/1984 1983/1983/1983 1989/1989/1989
f 1972/1972/1972 2001/2001/2001 2006/2006/2006
f 2006/2006/2006 2001/2001/2001 1984/1984/1984
f 1972/1972/1972 1973/1973/1973 2001/2001/2001
f 2001/2001/2001 2002/2002/2002 2003/2003/2003
f 1984/1984/1984 2001/2001/2001 2003/2003/2003
f 1973/1973/1973 2002/2002/2002 2001/2001/2001
f 1983/1983/1983 1984/1984/1984 1985/1985/1985
f 2002/2002/2002 1971/1971/1971 2014/2014/2014
f 1973/1973/1973 1971/1971/1971 2002/2002/2002
f 1975/1975/1975 1976/1976/1976 1977/1977/1977
f 1993/1993/1993 1994/1994/1994 1976/1976/1976
f 1998/1998/1998 1977/1977/1977 1976/1976/1976
f 1976/1976/1976 1994/1994/1994 1998/1998/1998
f 1977/1977/1977 1978/1978/1978 1979/1979/1979
f 1977/1977/1977 1979/1979/1979 2004/2004/2004
f 1977/1977/1977 1998/1998/1998 1978/1978/1978
f 1978/1978/1978 1998/1998/1998 2011/2011/2011
f 1979/1979/1979 1978/1978/1978 2011/2011/2011
f 2004/2004/2004 1979/1979/1979 1987/1987/1987
f 1987/1987/1987 1979/1979/1979 2012/2012/2012
f 2012/2012/2012 1979/1979/1979 2011/2011/2011
f 2004/2004/2004 1987/1987/1987 1986/1986/1986
f 1986/1986/1986 1987/1987/1987 1988/1988/1988
f 2012/2012/2012 1988/1988/1988 1987/1987/1987
f 2012/2012/2012 2011/2011/2011 1988/1988/1988
f 2011/2011/2011 2009/2009/2009 2008/2008/2008
f 2011/2011/2011 1998/1998/1998 2009/2009/2009
f 1988/1988/1988 2011/2011/2011 2008/2008/2008
f 1986/1986/1986 1988/1988/1988 1992/1992/1992
f 1988/1988/1988 2008/2008/2008 2013/2013/2013
f 2008/2008/2008 2009/2009/2009 2010/2010/2010
f 2009/2009/2009 1998/1998/1998 2015/2015/2015
f 1994/1994/1994 1997/1997/1997 1998/1998/1998
f 1998/1998/1998 1997/1997/1997 2015/2015/2015
f 1993/1993/1993 1997/1997/1997 1994/1994/1994
f 2017/2017/2017 2018/2018/2018 2019/2019/2019
f 2020/2020/2020 2017/2017/2017 2021/2021/2021
f 2022/2022/2022 2017/2017/2017 2020/2020/2020
f 2043/2043/2043 2017/2017/2017 2044/2044/2044
f 2044/2044/2044 2017/2017/2017 2022/2022/2022
f 2021/2021/2021 2017/2017/2017 2019/2019/2019
f 2043/2043/2043 2048/2048/2048 2017/2017/2017
f 2048/2048/2048 2018/2018/2018 2017/2017/2017
f 2047/2047/2047 2018/2018/2018 2048/2048/2048
f 2047/2047/2047 2048/2048/2048 2043/2043/2043
f 2043/2043/2043 2044/2044/2044 2029/2029/2029
f 2055/2055/2055 2044/2044/2044 2022/2022/2022
f 2030/2030/2030 2029/2029/2029 2044/2044/2044
f 2030/2030/2030 2044/2044/2044 2055/2055/2055
f 2022/2022/2022 2020/2020/2020 2053/2053/2053
f 2053/2053/2053 2055/2055/2055 2022/2022/2022
f 2030/2030/2030 2055/2055/2055 2053/2053/2053
f 2028/2028/2028 2029/2029/2029 2030/2030/2030
f 2030/2030/2030 2053/2053/2053 2039/2039/2039
f 2064/2064/2064 2030/2030/2030 2039/2039/2039
f 2039/2039/2039 2053/2053/2053 2037/2037/2037
f 2053/2053/2053 2020/2020/2020 2054/2054/2054
f 2037/2037/2037 2053/2053/2053 2054/2054/2054
f 2037/2037/2037 2038/2038/2038 2039/2039/2039
f 2031/2031/2031 2038/2038/2038 2037/2037/2037
f 2037/2037/2037 2054/2054/2054 2032/2032/2032
f 2032/2032/2032 2031/2031/2031 2037/2037/2037
f 2020/2020/2020 2049/2049/2049 2054/2054/2054
f 2054/2054/2054 2049/2049/2049 2032/2032/2032
f 2020/2020/2020 2021/2021/2021 2049/2049/2049
f 2049/2049/2049 2050/2050/2050 2051/2051/2051
f 2032/2032/2032 2049/2049/2049 2051/2051/2051
f 2021/2021/2021 2050/2050/2050 2049/2049/2049
f 2031/2031/2031 2032/2032/2032 2033/2033/2033
f 2050/2050/2050 2019/2019/2019 2062/2062/2062
f 2021/2021/2021 2019/2019/2019 2050/2050/2050
f 2023/2023/2023 2024/2024/2024 2025/2025/2025
f 2041/2041/2041 2042/2042/2042 2024/2024/2024
f 2046/2046/2046 2025/2025/2025 2024/2024/2024
f 2024/2024/2024 2042/2042/2042 2046/2046/2046
f 2025/2025/2025 2026/2026/2026 2027/2027/2027
f 2025/2025/2025 2027/2027/2027 2052/2052/2052
f 2025/2025/2025 2046/2046/2046 2026/2026/2026
f 2026/2026/2026 2046/2046/2046 2059/2059/2059
f 2027/2027/2027 2026/2026/2026 2059/2059/2059
f 2052/2052/2052 2027/2027/2027 2035/2035/2035
f 2035/2035/2035 2027/2027/2027 2060/2060/2060
f 2060/2060/2060 2027/2027/2027 2059/2059/2059
f 2052/2052/2052 2035/2035/2035 2034/2034/2034
f 2034/2034/2034 2035/2035/2035 2036/2036/2036
f 2060/2060/2060 2036/2036/2036 2035/2035/2035
f 2060/2060/2060 2059/2059/2059 2036/2036/2036
f 2059/2059/2059 2057/2057/2057 2056/2056/2056
f 2059/2059/2059 2046/2046/2046 2057/2057/2057
f 2036/2036/2036 2059/2059/2059 2056/2056/2056
f 2034/2034/2034 2036/2036/2036 2040/2040/2040
f 2036/2036/2036 2056/2056/2056 2061/2061/2061
f 2056/2056/2056 2057/2057/2057 2058/2058/2058
f 2057/2057/2057 2046/2046/2046 2063/2063/2063
f 2042/2042/2042 2045/2045/2045 2046/2046/2046
f 2046/2046/2046 2045/2045/2045 2063/2063/2063
f 2041/2041/2041 2045/2045/2045 2042/2042/2042
f 2065/2065/2065 2066/2066/2066 2067/2067/2067
f 2068/2068/2068 2065/2065/2065 2069/2069/2069
f 2070/2070/2070 2065/2065/2065 2068/2068/2068
f 2091/2091/2091 2065/2065/2065 2092/2092/2092
f 2092/2092/2092 2065/2065/2065 2070/2070/2070
f 2069/2069/2069 2065/2065/2065 2067/2067/2067
f 2091/2091/2091 2096/2096/2096 2065/2065/2065
f 2096/2096/2096 2066/2066/2066 2065/2065/2065
f 2095/2095/2095 2066/2066/2066 2096/2096/2096
f 2095/2095/2095 2096/2096/2096 2091/2091/2091
f 2091/2091/2091 2092/2092/2092 2077/2077/2077
f 2103/2103/2103 2092/2092/2092 2070/2070/2070
f 2078/2078/2078 2077/2077/2077 2092/2092/2092
f 2078/2078/2078 2092/2092/2092 2103/2103/2103
f 2070/2070/2070 2068/2068/2068 2101/2101/2101
f 2101/2101/2101 2103/2103/2103 2070/2070/2070
f 2078/2078/2078 2103/2103/2103 2101/2101/2101
f 2076/2076/2076 2077/2077/2077 2078/2078/2078
f 2078/2078/2078 2101/2101/2101 2087/2087/2087
f 2112/2112/2112 2078/2078/2078 2087/2087/2087
f 2087/2087/2087 2101/2101/2101 2085/2085/2085
f 2101/2101/2101 2068/2068/2068 2102/2102/2102
f 2085/2085/2085 2101/2101/2101 2102/2102/2102
f 2085/2085/2085 2086/2086/2086 2087/2087/2087
f 2079/2079/2079 2086/2086/2086 2085/2085/2085
f 2085/2085/2085 2102/2102/2102 2080/2080/2080
f 2080/2080/2080 2079/2079/2079 2085/2085/2085
f 2068/2068/2068 2097/2097/2097 2102/2102/2102
f 2102/2102/2102 2097/2097/2097 2080/2080/2080
f 2068/2068/2068 2069/2069/2069 2097/2097/2097
f 2097/2097/2097 2098/2098/2098 2099/2099/2099
f 2080/2080/2080 2097/2097/2097 2099/2099/2099
f 2069/2069/2069 2098/2098/2098 2097/2097/2097
f 2079/2079/2079 2080/2080/2080 2081/2081/2081
f 2098/2098/2098 2067/2067/2067 2110/2110/2110
f 2069/2069/2069 2067/2067/2067 2098/2098/2098
f 2071/2071/2071 2072/2072/2072 2073/2073/2073
f 2089/2089/2089 2090/2090/2090 2072/2072/2072
f 2094/2094/2094 2073/2073/2073 2072/2072/2072
f 2072/2072/2072 2090/2090/2090 2094/2094/2094
f 2073/2073/2073 2074/2074/2074 2075/2075/2075
f 2073/2073/2073 2075/2075/2075 2100/2100/2100
f 2073/2073/2073 2094/2094/2094 2074/2074/2074
f 2074/2074/2074 2094/2094/2094 2107/2107/2107
f 2075/2075/2075 2074/2074/2074 2107/2107/2107
f 2100/2100/2100 2075/2075/2075 2083/2083/2083
f 2083/2083/2083 2075/2075/2075 2108/2108/2108
f 2108/2108/2108 2075/2075/2075 2107/2107/2107
f 2100/2100/2100 2083/2083/2083 2082/2082/2082
f 2082/2082/2082 2083/2083/2083 2084/2084/2084
f 2108/2108/2108 2084/2084/2084 2083/2083/2083
f 2108/2108/2108 2107/2107/2107 2084/2084/2084
f 2107/2107/2107 2105/2105/2105 2104/2104/2104
f 2107/2107/2107 2094/2094/2094 2105/2105/2105
f 2084/2084/2084 2107/2107/2107 2104/2104/2104
f 2082/2082/2082 2084/2084/2084 2088/2088/2088
f 2084/2084/2084 2104/2104/2104 2109/2109/2109
f 2104/2104/2104 2105/2105/2105 2106/2106/2106
f 2105/2105/2105 2094/2094/2094 2111/2111/2111
f 2090/2090/2090 2093/2093/2093 2094/2094/2094
f 2094/2094/2094 2093/2093/2093 2111/2111/2111
f 2089/2089/2089 2093/2093/2093 2090/2090/2090
f 2113/2113/2113 2114/2114/2114 2115/2115/2115
f 2116/2116/2116 2113/2113/2113 2117/2117/2117
f 2118/2118/2118 2113/2113/2113 2116/2116/2116
f 2139/2139/2139 2113/2113/2113 2140/2140/2140
f 2140/2140/2140 2113/2113/2113 2118/2118/2118
f 2117/2117/2117 2113/2113/2113 2115/2115/2115
f 2139/2139/2139 2144/2144/2144 2113/2113/2113
f 2144/2144/2144 2114/2114/2114 2113/2113/2113
f 2143/2143/2143 2114/2114/2114 2144/2144/2144
f 2143/2143/2143 2144/2144/2144 2139/2139/2139
f 2139/2139/2139 2140/2140/2140 2125/2125/2125
f 2151/2151/2151 2140/2140/2140 2118/2118/2118
f 2126/2126/2126 2125/2125/2125 2140/2140/2140
f 2126/2126/2126 2140/2140/2140 2151/2151/2151
f 2118/2118/2118 2116/2116/2116 2149/2149/2149
f 2149/2149/2149 2151/2151/2151 2118/2118/2118
f 2126/2126/2126 2151/2151/2151 2149/2149/2149
f 2124/2124/2124 2125/2125/2125 2126/2126/2126
f 2126/2126/2126 2149/2149/2149 2135/2135/2135
f 2160/2160/2160 2126/2126/2126 2135/2135/2135
f 2135/2135/2135 2149/2149/2149 2133/2133/2133
f 2149/2149/2149 2116/2116/2116 2150/2150/2150
f 2133/2133/2133 2149/2149/2149 2150/2150/2150
f 2133/2133/2133 2134/2134/2134 2135/2135/2135
f 2127/2127/2127 2134/2134/2134 2133/2133/2133
f 2133/2133/2133 2150/2150/2150 2128/2128/2128
f 2128/2128/2128 2127/2127/2127 2133/2133/2133
f 2116/2116/2116 2145/2145/2145 2150/2150/2150
f 2150/2150/2150 2145/2145/2145 2128/2128/2128
f 2116/2116/2116 2117/2117/2117 2145/2145/2145
f 2145/2145/2145 2146/2146/2146 2147/2147/2147
f 2128/2128/2128 2145/2145/2145 2147/2147/2147
f 2117/2117/2117 2146/2146/2146 2145/2145/2145
f 2127/2127/2127 2128/2128/2128 2129/2129/2129
f 2146/2146/2146 2115/2115/2115 2158/2158/2158
f 2117/2117/2117 2115/2115/2115 2146/2146/2146
f 2119/2119/2119 2120/2120/2120 2121/2121/2121
f 2137/2137/2137 2138/2138/2138 2120/2120/2120
f 2142/2142/2142 2121/2121/2121 2120/2120/2120
f 2120/2120/2120 2138/2138/2138 2142/2142/2142
f 2121/2121/2121 2122/2122/2122 2123/2123/2123
f 2121/2121/2121 2123/2123/2123 2148/2148/2148
f 2121/2121/2121 2142/2142/2142 2122/2122/2122
f 2122/2122/2122 2142/2142/2142 2155/2155/2155
f 2123/2123/2123 2122/2122/2122 2155/2155/2155
f 2148/2148/2148 2123/2123/2123 2131/2131/2131
f 2131/2131/2131 2123/2123/2123 2156/2156/2156
f 2156/2156/2156 2123/2123/2123 2155/2155/2155
f 2148/2148/2148 2131/2131/2131 2130/2130/2130
f 2130/2130/2130 2131/2131/2131 2132/2132/2132
f 2156/2156/2156 2132/2132/2132 2131/2131/2131
f 2156/2156/2156 2155/2155/2155 2132/2132/2132
f 2155/2155/2155 2153/2153/2153 2152/2152/2152
f 2155/2155/2155 2142/2142/2142 2153/2153/2153
f 2132/2132/2132 2155/2155/2155 2152/2152/2152
f 2130/2130/2130 2132/2132/2132 2136/2136/2136
f 2132/2132/2132 2152/2152/2152 2157/2157/2157
f 2152/2152/2152 2153/2153/2153 2154/2154/2154
f 2153/2153/2153 2142/2142/2142 2159/2159/2159
f 2138/2138/2138 2141/2141/2141 2142/2142/2142
f 2142/2142/2142 2141/2141/2141 2159/2159/2159
f 2137/2137/2137 2141/2141/2141 2138/2138/2138
f 2161/2161/2161 2162/2162/2162 2163/2163/2163
f 2164/2164/2164 2161/2161/2161 2165/2165/2165
f 2166/2166/2166 2161/2161/2161 2164/2164/2164
f 2187/2187/2187 2161/2161/2161 2188/2188/2188
f 2188/2188/2188 2161/2161/2161 2166/2166/2166
f 2165/2165/2165 2161/2161/2161 2163/2163/2163
f 2187/2187/2187 2192/2192/2192 2161/2161/2161
f 2192/2192/2192 2162/2162/2162 2161/2161/2161
f 2191/2191/2191 2162/2162/2162 2192/2192/2192
f 2191/2191/2191 2192/2192/2192 2187/2187/2187
f 2187/2187/2187 2188/2188/2188 2173/2173/2173
f 2199/2199/2199 2188/2188/2188 2166/2166/2166
f 2174/2174/2174 2173/2173/2173 2188/2188/2188
f 2174/2174/2174 2188/2188/2188 2199/2199/2199
f 2166/2166/2166 2164/2164/2164 2197/2197/2197
f 2197/2197/2197 2199/2199/2199 2166/2166/2166
f 2174/2174/2174 2199/2199/2199 2197/2197/2197
f 2172/2172/2172 2173/2173/2173 2174/2174/2174
f 2174/2174/2174 2197/2197/2197 2183/2183/2183
f 2208/2208/2208 2174/2174/2174 2183/2183/2183
f 2183/2183/2183 2197/2197/2197 2181/2181/2181
f 2197/2197/2197 2164/2164/2164 2198/2198/2198
f 2181/2181/2181 2197/2197/2197 2198/2198/2198
f 2181/2181/2181 2182/2182/2182 2183/2183/2183
f 2175/2175/2175 2182/2182/2182 2181/2181/2181
f 2181/2181/2181 2198/2198/2198 2176/2176/2176
f 2176/2176/2176 2175/2175/2175 2181/2181/2181
f 2164/2164/2164 2193/2193/2193 2198/2198/2198
f 2198/2198/2198 2193/2193/2193 2176/2176/2176
f 2164/2164/2164 2165/2165/2165 2193/2193/2193
f 2193/2193/2193 2194/2194/2194 2195/2195/2195
f 2176/2176/2176 2193/2193/2193 2195/2195/2195
f 2165/2165/2165 2194/2194/2194 2193/2193/2193
f 2175/2175/2175 2176/2176/2176 2177/2177/2177
f 2194/2194/2194 2163/2163/2163 2206/2206/2206
f 2165/2165/2165 2163/2163/2163 2194/2194/2194
f 2167/2167/2167 2168/2168/2168 2169/2169/2169
f 2185/2185/2185 2186/2186/2186 2168/2168/2168
f 2190/2190/2190 2169/2169/2169 2168/2168/2168
f 2168/2168/2168 2186/2186/2186 2190/2190/2190
f 2169/2169/2169 2170/2170/2170 2171/2171/2171
f 2169/2169/2169 2171/2171/2171 2196/2196/2196
f 2169/2169/2169 2190/2190/2190 2170/2170/2170
f 2170/2170/2170 2190/2190/2190 2203/2203/2203
f 2171/2171/2171 2170/2170/2170 2203/2203/2203
f 2196/2196/2196 2171/2171/2171 2179/2179/2179
f 2179/2179/2179 2171/2171/2171 2204/2204/2204
f 2204/2204/2204 2171/2171/2171 2203/2203/2203
f 2196/2196/2196 2179/2179/2179 2178/2178/2178
f 2178/2178/2178 2179/2179/2179 2180/2180/2180
f 2204/2204/2204 2180/2180/2180 2179/2179/2179
f 2204/2204/2204 2203/2203/2203 2180/2180/2180
f 2203/2203/2203 2201/2201/2201 2200/2200/2200
f 2203/2203/2203 2190/2190/2190 2201/2201/2201
f 2180/2180/2180 2203/2203/2203 2200/2200/2200
f 2178/2178/2178 2180/2180/2180 2184/2184/2184
f 2180/2180/2180 2200/2200/2200 2205/2205/2205
f 2200/2200/2200 2201/2201/2201 2202/2202/2202
f 2201/2201/2201 2190/2190/2190 2207/2207/2207
f 2186/2186/2186 2189/2189/2189 2190/2190/2190
f 2190/2190/2190 2189/2189/2189 2207/2207/2207
f 2185/2185/2185 2189/2189/2189 2186/2186/2186
f 2209/2209/2209 2210/2210/2210 2211/2211/2211
f 2212/2212/2212 2209/2209/2209 2213/2213/2213
f 2214/2214/2214 2209/2209/2209 2212/2212/2212
f 2235/2235/2235 2209/2209/2209 2236/2236/2236
f 2236/2236/2236 2209/2209/2209 2214/2214/2214
f 2213/2213/2213 2209/2209/2209 2211/2211/2211
f 2235/2235/2235 2240/2240/2240 2209/2209/2209
f 2240/2240/2240 2210/2210/2210 2209/2209/2209
f 2239/2239/2239 2210/2210/2210 2240/2240/2240
f 2239/2239/2239 2240/2240/2240 2235/2235/2235
f 2235/2235/2235 2236/2236/2236 2221/2221/2221
f 2247/2247/2247 2236/2236/2236 2214/2214/2214
f 2222/2222/2222 2221/2221/2221 2236/2236/2236
f 2222/2222/2222 2236/2236/2236 2247/2247/2247
f 2214/2214/2214 2212/2212/2212 2245/2245/2245
f 2245/2245/2245 2247/2247/2247 2214/2214/2214
f 2222/2222/2222 2247/2247/2247 2245/2245/2245
f 2220/2220/2220 2221/2221/2221 2222/2222/2222
f 2222/2222/2222 2245/2245/2245 2231/2231/2231
f 2256/2256/2256 2222/2222/2222 2231/2231/2231
f 2231/2231/2231 2245/2245/2245 2229/2229/2229
f 2245/2245/2245 2212/2212/2212 2246/2246/2246
f 2229/2229/2229 2245/2245/2245 2246/2246/2246
f 2229/2229/2229 2230/2230/2230 2231/2231/2231
f 2223/2223/2223 2230/2230/2230 2229/2229/2229
f 2229/2229/2229 2246/2246/2246 2224/2224/2224
f 2224/2224/2224 2223/2223/2223 2229/2229/2229
f 2212/2212/2212 2241/2241/2241 2246/2246/2246
f 2246/2246/2246 2241/2241/2241 2224/2224/2224
f 2212/2212/2212 2213/2213/2213 2241/2241/2241
f 2241/2241/2241 2242/2242/2242 2243/2243/2243
f 2224/2224/2224 2241/2241/2241 2243/2243/2243
f 2213/2213/2213 2242/2242/2242 2241/2241/2241
f 2223/2223/2223 2224/2224/2224 2225/2225/2225
f 2242/2242/2242 2211/2211/2211 2254/2254/2254
f 2213/2213/2213 2211/2211/2211 2242/2242/2242
f 2215/2215/2215 2216/2216/2216 2217/2217/2217
f 2233/2233/2233 2234/2234/2234 2216/2216/2216
f 2238/2238/2238 2217/2217/2217 2216/2216/2216
f 2216/2216/2216 2234/2234/2234 2238/2238/2238
f 2217/2217/2217 2218/2218/2218 2219/2219/2219
f 2217/2217/2217 2219/2219/2219 2244/2244/2244
f 2217/2217/2217 2238/2238/2238 2218/2218/2218
f 2218/2218/2218 2238/2238/2238 2251/2251/2251
f 2219/2219/2219 2218/2218/2218 2251/2251/2251
f 2244/2244/2244 2219/2219/2219 2227/2227/2227
f 2227/2227/2227 2219/2219/2219 2252/2252/2252
f 2252/2252/2252 2219/2219/2219 2251/2251/2251
f 2244/2244/2244 2227/2227/2227 2226/2226/2226
f 2226/2226/2226 2227/2227/2227 2228/2228/2228
f 2252/2252/2252 2228/2228/2228 2227/2227/2227
f 2252/2252/2252 2251/2251/2251 2228/2228/2228
f 2251/2251/2251 2249/2249/2249 2248/2248/2248
f 2251/2251/2251 2238/2238/2238 2249/2249/2249
f 2228/2228/2228 2251/2251/2251 2248/2248/2248
f 2226/2226/2226 2228/2228/2228 2232/2232/2232
f 2228/2228/2228 2248/2248/2248 2253/2253/2253
f 2248/2248/2248 2249/2249/2249 2250/2250/2250
f 2249/2249/2249 2238/2238/2238 2255/2255/2255
f 2234/2234/2234 2237/2237/2237 2238/2238/2238
f 2238/2238/2238 2237/2237/2237 2255/2255/2255
f 2233/2233/2233 2237/2237/2237 2234/2234/2234
f 2257/2257/2257 2258/2258/2258 2259/2259/2259
f 2260/2260/2260 2257/2257/2257 2261/2261/2261
f 2262/2262/2262 2257/2257/2257 2260/2260/2260
f 2283/2283/2283 2257/2257/2257 2284/2284/2284
f 2284/2284/2284 2257/2257/2257 2262/2262/2262
f 2261/2261/2261 2257/2257/2257 2259/2259/2259
f 2283/2283/2283 2288/2288/2288 2257/2257/2257
f 2288/2288/2288 2258/2258/2258 2257/2257/2257
f 2287/2287/2287 2258/2258/2258 2288/2288/2288
f 2287/2287/2287 2288/2288/2288 2283/2283/2283
f 2283/2283/2283 2284/2284/2284 2269/2269/2269
f 2295/2295/2295 2284/2284/2284 2262/2262/2262
f 2270/2270/2270 2269/2269/2269 2284/2284/2284
f 2270/2270/2270 2284/2284/2284 2295/2295/2295
f 2262/2262/2262 2260/2260/2260 2293/2293/2293
f 2293/2293/2293 2295/2295/2295 2262/2262/2262
f 2270/2270/2270 2295/2295/2295 2293/2293/2293
f 2268/2268/2268 2269/2269/2269 2270/2270/2270
f 2270/2270/2270 2293/2293/2293 2279/2279/2279
f 2304/2304/2304 2270/2270/2270 2279/2279/2279
f 2279/2279/2279 2293/2293/2293 2277/2277/2277
f 2293/2293/2293 2260/2260/2260 2294/2294/2294
f 2277/2277/2277 2293/2293/2293 2294/2294/2294
f 2277/2277/2277 2278/2278/2278 2279/2279/2279
f 2271/2271/2271 2278/2278/2278 2277/2277/2277
f 2277/2277/2277 2294/2294/2294 2272/2272/2272
f 2272/2272/2272 2271/2271/2271 2277/2277/2277
f 2260/2260/2260 2289/2289/2289 2294/2294/2294
f 2294/2294/2294 2289/2289/2289 2272/2272/2272
f 2260/2260/2260 2261/2261/2261 2289/2289/2289
f 2289/2289/2289 2290/2290/2290 2291/2291/2291
f 2272/2272/2272 2289/2289/2289 2291/2291/2291
f 2261/2261/2261 2290/2290/2290 2289/2289/2289
f 2271/2271/2271 2272/2272/2272 2273/2273/2273
f 2290/2290/2290 2259/2259/2259 2302/2302/2302
f 2261/2261/2261 2259/2259/2259 2290/2290/2290
f 2263/2263/2263 2264/2264/2264 2265/2265/2265
f 2281/2281/2281 2282/2282/2282 2264/2264/2264
f 2286/2286/2286 2265/2265/2265 2264/2264/2264
f 2264/2264/2264 2282/2282/2282 2286/2286/2286
f 2265/2265/2265 2266/2266/2266 2267/2267/2267
f 2265/2265/2265 2267/2267/2267 2292/2292/2292
f 2265/2265/2265 2286/2286/2286 2266/2266/2266
f 2266/2266/2266 2286/2286/2286 2299/2299/2299
f 2267/2267/2267 2266/2266/2266 2299/2299/2299
f 2292/2292/2292 2267/2267/2267 2275/2275/2275
f 2275/2275/2275 2267/2267/2267 2300/2300/2300
f 2300/2300/2300 2267/2267/2267 2299/2299/2299
f 2292/2292/2292 2275/2275/2275 2274/2274/2274
f 2274/2274/2274 2275/2275/2275 2276/2276/2276
f 2300/2300/2300 2276/2276/2276 2275/2275/2275
f 2300/2300/2300 2299/2299/2299 2276/2276/2276
f 2299/2299/2299 2297/2297/2297 2296/2296/2296
f 2299/2299/2299 2286/2286/2286 2297/2297/2297
f 2276/2276/2276 2299/2299/2299 2296/2296/2296
f 2274/2274/2274 2276/2276/2276 2280/2280/2280
f 2276/2276/2276 2296/2296/2296 2301/2301/2301
f 2296/2296/2296 2297/2297/2297 2298/2298/2298
f 2297/2297/2297 2286/2286/2286 2303/2303/2303
f 2282/2282/2282 2285/2285/2285 2286/2286/2286
f 2286/2286/2286 2285/2285/2285 2303/2303/2303
f 2281/2281/2281 2285/2285/2285 2282/2282/2282
f 2305/2305/2305 2306/2306/2306 2307/2307/2307
f 2308/2308/2308 2305/2305/2305 2309/2309/2309
f 2310/2310/2310 2305/2305/2305 2308/2308/2308
f 2331/2331/2331 2305/2305/2305 2332/2332/2332
f 2332/2332/2332 2305/2305/2305 2310/2310/2310
f 2309/2309/2309 2305/2305/2305 2307/2307/2307
f 2331/2331/2331 2336/2336/2336 2305/2305/2305
f 2336/2336/2336 2306/2306/2306 2305/2305/2305
f 2335/2335/2335 2306/2306/2306 2336/2336/2336
f 2335/2335/2335 2336/2336/2336 2331/2331/2331
f 2331/2331/2331 2332/2332/2332 2317/2317/2317
f 2343/2343/2343 2332/2332/2332 2310/2310/2310
f 2318/2318/2318 2317/2317/2317 2332/2332/2332
f 2318/2318/2318 2332/2332/2332 2343/2343/2343
f 2310/2310/2310 2308/2308/2308 2341/2341/2341
f 2341/2341/2341 2343/2343/2343 2310/2310/2310
f 2318/2318/2318 2343/2343/2343 2341/2341/2341
f 2316/2316/2316 2317/2317/2317 2318/2318/2318
f 2318/2318/2318 2341/2341/2341 2327/2327/2327
f 2352/2352/2352 2318/2318/2318 2327/2327/2327
f 2327/2327/2327 2341/2341/2341 2325/2325/2325
f 2341/2341/2341 2308/2308/2308 2342/2342/2342
f 2325/2325/2325 2341/2341/2341 2342/2342/2342
f 2325/2325/2325 2326/2326/2326 2327/2327/2327
f 2319/2319/2319 2326/2326/2326 2325/2325/2325
f 2325/2325/2325 2342/2342/2342 2320/2320/2320
f 2320/2320/2320 2319/2319/2319 2325/2325/2325
f 2308/2308/2308 2337/2337/2337 2342/2342/2342
f 2342/2342/2342 2337/2337/2337 2320/2320/2320
f 2308/2308/2308 2309/2309/2309 2337/2337/2337
f 2337/2337/2337 2338/2338/2338 2339/2339/2339
f 2320/2320/2320 2337/2337/2337 2339/2339/2339
f 2309/2309/2309 2338/2338/2338 2337/2337/2337
f 2319/2319/2319 2320/2320/2320 2321/2321/2321
f 2338/2338/2338 2307/2307/2307 2350/2350/2350
f 2309/2309/2309 2307/2307/2307 2338/2338/2338
f 2311/2311/2311 2312/2312/2312 2313/2313/2313
f 2329/2329/2329 2330/2330/2330 2312/2312/2312
f 2334/2334/2334 2313/2313/2313 2312/2312/2312
f 2312/2312/2312 2330/2330/2330 2334/2334/2334
f 2313/2313/2313 2314/2314/2314 2315/2315/2315
f 2313/2313/2313 2315/2315/2315 2340/2340/2340
f 2313/2313/2313 2334/2334/2334 2314/2314/2314
f 2314/2314/2314 2334/2334/2334 2347/2347/2347
f 2315/2315/2315 2314/2314/2314 2347/2347/2347
f 2340/2340/2340 2315/2315/2315 2323/2323/2323
f 2323/2323/2323 2315/2315/2315 2348/2348/2348
f 2348/2348/2348 2315/2315/2315 2347/2347/2347
f 2340/2340/2340 2323/2323/2323 2322/2322/2322
f 2322/2322/2322 2323/2323/2323 2324/2324/2324
f 2348/2348/2348 2324/2324/2324 2323/2323/2323
f 2348/2348/2348 2347/2347/2347 2324/2324/2324
f 2347/2347/2347 2345/2345/2345 2344/2344/2344
f 2347/2347/2347 2334/2334/2334 2345/2345/2345
f 2324/2324/2324 2347/2347/2347 2344/2344/2344
f 2322/2322/2322 2324/2324/2324 2328/2328/2328
f 2324/2324/2324 2344/2344/2344 2349/2349/2349
f 2344/2344/2344 2345/2345/2345 2346/2346/2346
f 2345/2345/2345 2334/2334/2334 2351/2351/2351
f 2330/2330/2330 2333/2333/2333 2334/2334/2334
f 2334/2334/2334 2333/2333/2333 2351/2351/2351
f 2329/2329/2329 2333/2333/2333 2330/2330/2330
f 2353/2353/2353 2354/2354/2354 2355/2355/2355
f 2356/2356/2356 2353/2353/2353 2357/2357/2357
f 2358/2358/2358 2353/2353/2353 2356/2356/2356
f 2379/2379/2379 2353/2353/2353 2380/2380/2380
f 2380/2380/2380 2353/2353/2353 2358/2358/2358
f 2357/2357/2357 2353/2353/2353 2355/2355/2355
f 2379/2379/2379 2384/2384/2384 2353/2353/2353
f 2384/2384/2384 2354/2354/2354 2353/2353/2353
f 2383/2383/2383 2354/2354/2354 2384/2384/2384
f 2383/2383/2383 2384/2384/2384 2379/2379/2379
f 2379/2379/2379 2380/2380/2380 2365/2365/2365
f 2391/2391/2391 2380/2380/2380 2358/2358/2358
f 2366/2366/2366 2365/2365/2365 2380/2380/2380
f 2366/2366/2366 2380/2380/2380 2391/2391/2391
f 2358/2358/2358 2356/2356/2356 2389/2389/2389
f 2389/2389/2389 2391/2391/2391 2358/2358/2358
f 2366/2366/2366 2391/2391/2391 2389/2389/2389
f 2364/2364/2364 2365/2365/2365 2366/2366/2366
f 2366/2366/2366 2389/2389/2389 2375/2375/2375
f 2400/2400/2400 2366/2366/2366 2375/2375/2375
f 2375/2375/2375 2389/2389/2389 2373/2373/2373
f 2389/2389/2389 2356/2356/2356 2390/2390/2390
f 2373/2373/2373 2389/2389/2389 2390/2390/2390
f 2373/2373/2373 2374/2374/2374 2375/2375/2375
f 2367/2367/2367 2374/2374/2374 2373/2373/2373
f 2373/2373/2373 2390/2390/2390 2368/2368/2368
f 2368/2368/2368 2367/2367/2367 2373/2373/2373
f 2356/2356/2356 2385/2385/2385 2390/2390/2390
f 2390/2390/2390 2385/2385/2385 2368/2368/2368
f 2356/2356/2356 2357/2357/2357 2385/2385/2385
f 2385/2385/2385 2386/2386/2386 2387/2387/2387
f 2368/2368/2368 2385/2385/2385 2387/2387/2387
f 2357/2357/2357 2386/2386/2386 2385/2385/2385
f 2367/2367/2367 2368/2368/2368 2369/2369/2369
f 2386/2386/2386 2355/2355/2355 2398/2398/2398
f 2357/2357/2357 2355/2355/2355 2386/2386/2386
f 2359/2359/2359 2360/2360/2360 2361/2361/2361
f 2377/2377/2377 2378/2378/2378 2360/2360/2360
f 2382/2382/2382 2361/2361/2361 2360/2360/2360
f 2360/2360/2360 2378/2378/2378 2382/2382/2382
f 2361/2361/2361 2362/2362/2362 2363/2363/2363
f 2361/2361/2361 2363/2363/2363 2388/2388/2388
f 2361/2361/2361 2382/2382/2382 2362/2362/2362
f 2362/2362/2362 2382/2382/2382 2395/2395/2395
f 2363/2363/2363 2362/2362/2362 2395/2395/2395
f 2388/2388/2388 2363/2363/2363 2371/2371/2371
f 2371/2371/2371 2363/2363/2363 2396/2396/2396
f 2396/2396/2396 2363/2363/2363 2395/2395/2395
f 2388/2388/2388 2371/2371/2371 2370/2370/2370
f 2370/2370/2370 2371/2371/2371 2372/2372/2372
f 2396/2396/2396 2372/2372/2372 2371/2371/2371
f 2396/2396/2396 2395/2395/2395 2372/2372/2372
f 2395/2395/2395 2393/2393/2393 2392/2392/2392
f 2395/2395/2395 2382/2382/2382 2393/2393/2393
f 2372/2372/2372 2395/2395/2395 2392/2392/2392
f 2370/2370/2370 2372/2372/2372 2376/2376/2376
f 2372/2372/2372 2392/2392/2392 2397/2397/2397
f 2392/2392/2392 2393/2393/2393 2394/2394/2394
f 2393/2393/2393 2382/2382/2382 2399/2399/2399
f 2378/2378/2378 2381/2381/2381 2382/2382/2382
f 2382/2382/2382 2381/2381/2381 2399/2399/2399
f 2377/2377/2377 2381/2381/2381 2378/2378/2378
f 2401/2401/2401 2402/2402/2402 2403/2403/2403
f 2404/2404/2404 2401/2401/2401 2405/2405/2405
f 2406/2406/2406 2401/2401/2401 2404/2404/2404
f 2427/2427/2427 2401/2401/2401 2428/2428/2428
f 2428/2428/2428 2401/2401/2401 2406/2406/2406
f 2405/2405/2405 2401/2401/2401 2403/2403/2403
f 2427/2427/2427 2432/2432/2432 2401/2401/2401
f 2432/2432/2432 2402/2402/2402 2401/2401/2401
f 2431/2431/2431 2402/2402/2402 2432/2432/2432
f 2431/2431/2431 2432/2432/2432 2427/2427/2427
f 2427/2427/2427 2428/2428/2428 2413/2413/2413
f 2439/2439/2439 2428/2428/2428 2406/2406/2406
f 2414/2414/2414 2413/2413/2413 2428/2428/2428
f 2414/2414/2414 2428/2428/2428 2439/2439/2439
f 2406/2406/2406 2404/2404/2404 2437/2437/2437
f 2437/2437/2437 2439/2439/2439 2406/2406/2406
f 2414/2414/2414 2439/2439/2439 2437/2437/2437
f 2412/2412/2412 2413/2413/2413 2414/2414/2414
f 2414/2414/2414 2437/2437/2437 2423/2423/2423
f 2448/2448/2448 2414/2414/2414 2423/2423/2423
f 2423/2423/2423 2437/2437/2437 2421/2421/2421
f 2437/2437/2437 2404/2404/2404 2438/2438/2438
f 2421/2421/2421 2437/2437/2437 2438/2438/2438
f 2421/2421/2421 2422/2422/2422 2423/2423/2423
f 2415/2415/2415 2422/2422/2422 2421/2421/2421
f 2421/2421/2421 2438/2438/2438 2416/2416/2416
f 2416/2416/2416 2415/2415/2415 2421/2421/2421
f 2404/2404/2404 2433/2433/2433 2438/2438/2438
f 2438/2438/2438 2433/2433/2433 2416/2416/2416
f 2404/2404/2404 2405/2405/2405 2433/2433/2433
f 2433/2433/2433 2434/2434/2434 2435/2435/2435
f 2416/2416/2416 2433/2433/2433 2435/2435/2435
f 2405/2405/2405 2434/2434/2434 2433/2433/2433
f 2415/2415/2415 2416/2416/2416 2417/2417/2417
f 2434/2434/2434 2403/2403/2403 2446/2446/2446
f 2405/2405/2405 2403/2403/2403 2434/2434/2434
f 2407/2407/2407 2408/2408/2408 2409/2409/2409
f 2425/2425/2425 2426/2426/2426 2408/2408/2408
f 2430/2430/2430 2409/2409/2409 2408/2408/2408
f 2408/2408/2408 2426/2426/2426 2430/2430/2430
f 2409/2409/2409 2410/2410/2410 2411/2411/2411
f 2409/2409/2409 2411/2411/2411 2436/2436/2436
f 2409/2409/2409 2430/2430/2430 2410/2410/2410
f 2410/2410/2410 2430/2430/2430 2443/2443/2443
f 2411/2411/2411 2410/2410/2410 2443/2443/2443
f 2436/2436/2436 2411/2411/2411 2419/2419/2419
f 2419/2419/2419 2411/2411/2411 2444/2444/2444
f 2444/2444/2444 2411/2411/2411 2443/2443/2443
f 2436/2436/2436 2419/2419/2419 2418/2418/2418
f 2418/2418/2418 2419/2419/2419 2420/2420/2420
f 2444/2444/2444 2420/2420/2420 2419/2419/2419
f 2444/2444/2444 2443/2443/2443 2420/2420/2420
f 2443/2443/2443 2441/2441/2441 2440/2440/2440
f 2443/2443/2443 2430/2430/2430 2441/2441/2441
f 2420/2420/2420 2443/2443/2443 2440/2440/2440
f 2418/2418/2418 2420/2420/2420 2424/2424/2424
f 2420/2420/2420 2440/2440/2440 2445/2445/2445
f 2440/2440/2440 2441/2441/2441 2442/2442/2442
f 2441/2441/2441 2430/2430/2430 2447/2447/2447
f 2426/2426/2426 2429/2429/2429 2430/2430/2430
f 2430/2430/2430 2429/2429/2429 2447/2447/2447
f 2425/2425/2425 2429/2429/2429 2426/2426/2426
f 2449/2449/2449 2450/2450/2450 2451/2451/2451
f 2452/2452/2452 2449/2449/2449 2453/2453/2453
f 2454/2454/2454 2449/2449/2449 2452/2452/2452
f 2475/2475/2475 2449/2449/2449 2476/2476/2476
f 2476/2476/2476 2449/2449/2449 2454/2454/2454
f 2453/2453/2453 2449/2449/2449 2451/2451/2451
f 2475/2475/2475 2480/2480/2480 2449/2449/2449
f 2480/2480/2480 2450/2450/2450 2449/2449/2449
f 2479/2479/2479 2450/2450/2450 2480/2480/2480
f 2479/2479/2479 2480/2480/2480 2475/2475/2475
f 2475/2475/2475 2476/2476/2476 2461/2461/2461
f 2487/2487/2487 2476/2476/2476 2454/2454/2454
f 2462/2462/2462 2461/2461/2461 2476/2476/2476
f 2462/2462/2462 2476/2476/2476 2487/2487/2487
f 2454/2454/2454 2452/2452/2452 2485/2485/2485
f 2485/2485/2485 2487/2487/2487 2454/2454/2454
f 2462/2462/2462 2487/2487/2487 2485/2485/2485
f 2460/2460/2460 2461/2461/2461 2462/2462/2462
f 2462/2462/2462 2485/2485/2485 2471/2471/2471
f 2496/2496/2496 2462/2462/2462 2471/2471/2471
f 2471/2471/2471 2485/2485/2485 2469/2469/2469
f 2485/2485/2485 2452/2452/2452 2486/2486/2486
f 2469/2469/2469 2485/2485/2485 2486/2486/2486
f 2469/2469/2469 2470/2470/2470 2471/2471/2471
f 2463/2463/2463 2470/2470/2470 2469/2469/2469
f 2469/2469/2469 2486/2486/2486 2464/2464/2464
f 2464/2464/2464 2463/2463/2463 2469/2469/2469
f 2452/2452/2452 2481/2481/2481 2486/2486/2486
f 2486/2486/2486 2481/2481/2481 2464/2464/2464
f 2452/2452/2452 2453/2453/2453 2481/2481/2481
f 2481/2481/2481 2482/2482/2482 2483/2483/2483
f 2464/2464/2464 2481/2481/2481 2483/2483/2483
f 2453/2453/2453 2482/2482/2482 2481/2481/2481
f 2463/2463/2463 2464/2464/2464 2465/2465/2465
f 2482/2482/2482 2451/2451/2451 2494/2494/2494
f 2453/2453/2453 2451/2451/2451 2482/2482/2482
f 2455/2455/2455 2456/2456/2456 2457/2457/2457
f 2473/2473/2473 2474/2474/2474 2456/2456/2456
f 2478/2478/2478 2457/2457/2457 2456/2456/2456
f 2456/2456/2456 2474/2474/2474 2478/2478/2478
f 2457/2457/2457 2458/2458/2458 2459/2459/2459
f 2457/2457/2457 2459/2459/2459 2484/2484/2484
f 2457/2457/2457 2478/2478/2478 2458/2458/2458
f 2458/2458/2458 2478/2478/2478 2491/2491/2491
f 2459/2459/2459 2458/2458/2458 2491/2491/2491
f 2484/2484/2484 2459/2459/2459 2467/2467/2467
f 2467/2467/2467 2459/2459/2459 2492/2492/2492
f 2492/2492/2492 2459/2459/2459 2491/2491/2491
f 2484/2484/2484 2467/2467/2467 2466/2466/2466
f 2466/2466/2466 2467/2467/2467 2468/2468/2468
f 2492/2492/2492 2468/2468/2468 2467/2467/2467
f 2492/2492/2492 2491/2491/2491 2468/2468/2468
f 2491/2491/2491 2489/2489/2489 2488/2488/2488
f 2491/2491/2491 2478/2478/2478 2489/2489/2489
f 2468/2468/2468 2491/2491/2491 2488/2488/2488
f 2466/2466/2466 2468/2468/2468 2472/2472/2472
f 2468/2468/2468 2488/2488/2488 2493/2493/2493
f 2488/2488/2488 2489/2489/2489 2490/2490/2490
f 2489/2489/2489 2478/2478/2478 2495/2495/2495
f 2474/2474/2474 2477/2477/2477 2478/2478/2478
f 2478/2478/2478 2477/2477/2477 2495/2495/2495
f 2473/2473/2473 2477/2477/2477 2474/2474/2474
f 2497/2497/2497 2498/2498/2498 2499/2499/2499
f 2500/2500/2500 2497/2497/2497 2501/2501/2501
f 2502/2502/2502 2497/2497/2497 2500/2500/2500
f 2523/2523/2523 2497/2497/2497 2524/2524/2524
f 2524/2524/2524 2497/2497/2497 2502/2502/2502
f 2501/2501/2501 2497/2497/2497 2499/2499/2499
f 2523/2523/2523 2528/2528/2528 2497/2497/2497
f 2528/2528/2528 2498/2498/2498 2497/2497/2497
f 2527/2527/2527 2498/2498/2498 2528/2528/2528
f 2527/2527/2527 2528/2528/2528 2523/2523/2523
f 2523/2523/2523 2524/2524/2524 2509/2509/2509
f 2535/2535/2535 2524/2524/2524 2502/2502/2502
f 2510/2510/2510 2509/2509/2509 2524/2524/2524
f 2510/2510/2510 2524/2524/2524 2535/2535/2535
f 2502/2502/2502 2500/2500/2500 2533/2533/2533
f 2533/2533/2533 2535/2535/2535 2502/2502/2502
f 2510/2510/2510 2535/2535/2535 2533/2533/2533
f 2508/2508/2508 2509/2509/2509 2510/2510/2510
f 2510/2510/2510 2533/2533/2533 2519/2519/2519
f 2544/2544/2544 2510/2510/2510 2519/2519/2519
f 2519/2519/2519 2533/2533/2533 2517/2517/2517
f 2533/2533/2533 2500/2500/2500 2534/2534/2534
f 2517/2517/2517 2533/2533/2533 2534/2534/2534
f 2517/2517/2517 2518/2518/2518 2519/2519/2519
f 2511/2511/2511 2518/2518/2518 2517/2517/2517
f 2517/2517/2517 2534/2534/2534 2512/2512/2512
f 2512/2512/2512 2511/2511/2511 2517/2517/2517
f 2500/2500/2500 2529/2529/2529 2534/2534/2534
f 2534/2534/2534 2529/2529/2529 2512/2512/2512
f 2500/2500/2500 2501/2501/2501 2529/2529/2529
f 2529/2529/2529 2530/2530/2530 2531/2531/2531
f 2512/2512/2512 2529/2529/2529 2531/2531/2531
f 2501/2501/2501 2530/2530/2530 2529/2529/2529
f 2511/2511/2511 2512/2512/2512 2513/2513/2513
f 2530/2530/2530 2499/2499/2499 2542/2542/2542
f 2501/2501/2501 2499/2499/2499 2530/2530/2530
f 2503/2503/2503 2504/2504/2504 2505/2505/2505
f 2521/2521/2521 2522/2522/2522 2504/2504/2504
f 2526/2526/2526 2505/2505/2505 2504/2504/2504
f 2504/2504/2504 2522/2522/2522 2526/2526/2526
f 2505/2505/2505 2506/2506/2506 2507/2507/2507
f 2505/2505/2505 2507/2507/2507 2532/2532/2532
f 2505/2505/2505 2526/2526/2526 2506/2506/2506
f 2506/2506/2506 2526/2526/2526 2539/2539/2539
f 2507/2507/2507 2506/2506/2506 2539/2539/2539
f 2532/2532/2532 2507/2507/2507 2515/2515/2515
f 2515/2515/2515 2507/2507/2507 2540/2540/2540
f 2540/2540/2540 2507/2507/2507 2539/2539/2539
f 2532/2532/2532 2515/2515/2515 2514/2514/2514
f 2514/2514/2514 2515/2515/2515 2516/2516/2516
f 2540/2540/2540 2516/2516/2516 2515/2515/2515
f 2540/2540/2540 2539/2539/2539 2516/2516/2516
f 2539/2539/2539 2537/2537/2537 2536/2536/2536
f 2539/2539/2539 2526/2526/2526 2537/2537/2537
f 2516/2516/2516 2539/2539/2539 2536/2536/2536
f 2514/2514/2514 2516/2516/2516 2520/2520/2520
f 2516/2516/2516 2536/2536/2536 2541/2541/2541
f 2536/2536/2536 2537/2537/2537 2538/2538/2538
f 2537/2537/2537 2526/2526/2526 2543/2543/2543
f 2522/2522/2522 2525/2525/2525 2526/2526/2526
f 2526/2526/2526 2525/2525/2525 2543/2543/2543
f 2521/2521/2521 2525/2525/2525 2522/2522/2522
f 2545/2545/2545 2546/2546/2546 2547/2547/2547
f 2548/2548/2548 2545/2545/2545 2549/2549/2549
f 2550/2550/2550 2545/2545/2545 2548/2548/2548
f 2571/2571/2571 2545/2545/2545 2572/2572/2572
f 2572/2572/2572 2545/2545/2545 2550/2550/2550
f 2549/2549/2549 2545/2545/2545 2547/2547/2547
f 2571/2571/2571 2576/2576/2576 2545/2545/2545
f 2576/2576/2576 2546/2546/2546 2545/2545/2545
f 2575/2575/2575 2546/2546/2546 2576/2576/2576
f 2575/2575/2575 2576/2576/2576 2571/2571/2571
f 2571/2571/2571 2572/2572/2572 2557/2557/2557
f 2583/2583/2583 2572/2572/2572 2550/2550/2550
f 2558/2558/2558 2557/2557/2557 2572/2572/2572
f 2558/2558/2558 2572/2572/2572 2583/2583/2583
f 2550/2550/2550 2548/2548/2548 2581/2581/2581
f 2581/2581/2581 2583/2583/2583 2550/2550/2550
f 2558/2558/2558 2583/2583/2583 2581/2581/2581
f 2556/2556/2556 2557/2557/2557 2558/2558/2558
f 2558/2558/2558 2581/2581/2581 2567/2567/2567
f 2592/2592/2592 2558/2558/2558 2567/2567/2567
f 2567/2567/2567 2581/2581/2581 2565/2565/2565
f 2581/2581/2581 2548/2548/2548 2582/2582/2582
f 2565/2565/2565 2581/2581/2581 2582/2582/2582
f 2565/2565/2565 2566/2566/2566 2567/2567/2567
f 2559/2559/2559 2566/2566/2566 2565/2565/2565
f 2565/2565/2565 2582/2582/2582 2560/2560/2560
f 2560/2560/2560 2559/2559/2559 2565/2565/2565
f 2548/2548/2548 2577/2577/2577 2582/2582/2582
f 2582/2582/2582 2577/2577/2577 2560/2560/2560
f 2548/2548/2548 2549/2549/2549 2577/2577/2577
f 2577/2577/2577 2578/2578/2578 2579/2579/2579
f 2560/2560/2560 2577/2577/2577 2579/2579/2579
f 2549/2549/2549 2578/2578/2578 2577/2577/2577
f 2559/2559/2559 2560/2560/2560 2561/2561/2561
f 2578/2578/2578 2547/2547/2547 2590/2590/2590
f 2549/2549/2549 2547/2547/2547 2578/2578/2578
f 2551/2551/2551 2552/2552/2552 2553/2553/2553
f 2569/2569/2569 2570/2570/2570 2552/2552/2552
f 2574/2574/2574 2553/2553/2553 2552/2552/2552
f 2552/2552/2552 2570/2570/2570 2574/2574/2574
f 2553/2553/2553 2554/2554/2554 2555/2555/2555
f 2553/2553/2553 2555/2555/2555 2580/2580/2580
f 2553/2553/2553 2574/2574/2574 2554/2554/2554
f 2554/2554/2554 2574/2574/2574 2587/2587/2587
f 2555/2555/2555 2554/2554/2554 2587/2587/2587
f 2580/2580/2580 2555/2555/2555 2563/2563/2563
f 2563/2563/2563 2555/2555/2555 2588/2588/2588
f 2588/2588/2588 2555/2555/2555 2587/2587/2587
f 2580/2580/2580 2563/2563/2563 2562/2562/2562
f 2562/2562/2562 2563/2563/2563 2564/2564/2564
f 2588/2588/2588 2564/2564/2564 2563/2563/2563
f 2588/2588/2588 2587/2587/2587 2564/2564/2564
f 2587/2587/2587 2585/2585/2585 2584/2584/2584
f 2587/2587/2587 2574/2574/2574 2585/2585/2585
f 2564/2564/2564 2587/2587/2587 2584/2584/2584
f 2562/2562/2562 2564/2564/2564 2568/2568/2568
f 2564/2564/2564 2584/2584/2584 2589/2589/2589
f 2584/2584/2584 2585/2585/2585 2586/2586/2586
f 2585/2585/2585 2574/2574/2574 2591/2591/2591
f 2570/2570/2570 2573/2573/2573 2574/2574/2574
f 2574/2574/2574 2573/2573/2573 2591/2591/2591
f 2569/2569/2569 2573/2573/2573 2570/2570/2570
f 2593/2593/2593 2594/2594/2594 2595/2595/2595
f 2596/2596/2596 2593/2593/2593 2597/2597/2597
f 2598/2598/2598 2593/2593/2593 2596/2596/2596
f 2619/2619/2619 2593/2593/2593 2620/2620/2620
f 2620/2620/2620 2593/2593/2593 2598/2598/2598
f 2597/2597/2597 2593/2593/2593 2595/2595/2595
f 2619/2619/2619 2624/2624/2624 2593/2593/2593
f 2624/2624/2624 2594/2594/2594 2593/2593/2593
f 2623/2623/2623 2594/2594/2594 2624/2624/2624
f 2623/2623/2623 2624/2624/2624 2619/2619/2619
f 2619/2619/2619 2620/2620/2620 2605/2605/2605
f 2631/2631/2631 2620/2620/2620 2598/2598/2598
f 2606/2606/2606 2605/2605/2605 2620/2620/2620
f 2606/2606/2606 2620/2620/2620 2631/2631/2631
f 2598/2598/2598 2596/2596/2596 2629/2629/2629
f 2629/2629/2629 2631/2631/2631 2598/2598/2598
f 2606/2606/2606 2631/2631/2631 2629/2629/2629
f 2604/2604/2604 2605/2605/2605 2606/2606/2606
f 2606/2606/2606 2629/2629/2629 2615/2615/2615
f 2640/2640/2640 2606/2606/2606 2615/2615/2615
f 2615/2615/2615 2629/2629/2629 2613/2613/2613
f 2629/2629/2629 2596/2596/2596 2630/2630/2630
f 2613/2613/2613 2629/2629/2629 2630/2630/2630
f 2613/2613/2613 2614/2614/2614 2615/2615/2615
f 2607/2607/2607 2614/2614/2614 2613/2613/2613
f 2613/2613/2613 2630/2630/2630 2608/2608/2608
f 2608/2608/2608 2607/2607/2607 2613/2613/2613
f 2596/2596/2596 2625/2625/2625 2630/2630/2630
f 2630/2630/2630 2625/2625/2625 2608/2608/2608
f 2596/2596/2596 2597/2597/2597 2625/2625/2625
f 2625/2625/2625 2626/2626/2626 2627/2627/2627
f 2608/2608/2608 2625/2625/2625 2627/2627/2627
f 2597/2597/2597 2626/2626/2626 2625/2625/2625
f 2607/2607/2607 2608/2608/2608 2609/2609/2609
f 2626/2626/2626 2595/2595/2595 2638/2638/2638
f 2597/2597/2597 2595/2595/2595 2626/2626/2626
f 2599/2599/2599 2600/2600/2600 2601/2601/2601
f 2617/2617/2617 2618/2618/2618 2600/2600/2600
f 2622/2622/2622 2601/2601/2601 2600/2600/2600
f 2600/2600/2600 2618/2618/2618 2622/2622/2622
f 2601/2601/2601 2602/2602/2602 2603/2603/2603
f 2601/2601/2601 2603/2603/2603 2628/2628/2628
f 2601/2601/2601 2622/2622/2622 2602/2602/2602
f 2602/2602/2602 2622/2622/2622 2635/2635/2635
f 2603/2603/2603 2602/2602/2602 2635/2635/2635
f 2628/2628/2628 2603/2603/2603 2611/2611/2611
f 2611/2611/2611 2603/2603/2603 2636/2636/2636
f 2636/2636/2636 2603/2603/2603 2635/2635/2635
f 2628/2628/2628 2611/2611/2611 2610/2610/2610
f 2610/2610/2610 2611/2611/2611 2612/2612/2612
f 2636/2636/2636 2612/2612/2612 2611/2611/2611
f 2636/2636/2636 2635/2635/2635 2612/2612/2612
f 2635/2635/2635 2633/2633/2633 2632/2632/2632
f 2635/2635/2635 2622/2622/2622 2633/2633/2633
f 2612/2612/2612 2635/2635/2635 2632/2632/2632
f 2610/2610/2610 2612/2612/2612 2616/2616/2616
f 2612/2612/2612 2632/2632/2632 2637/2637/2637
f 2632/2632/2632 2633/2633/2633 2634/2634/2634
f 2633/2633/2633 2622/2622/2622 2639/2639/2639
f 2618/2618/2618 2621/2621/2621 2622/2622/2622
f 2622/2622/2622 2621/2621/2621 2639/2639/2639
f 2617/2617/2617 2621/2621/2621 2618/2618/2618
f 2641/2641/2641 2642/2642/2642 2643/2643/2643
f 2644/2644/2644 2641/2641/2641 2645/2645/2645
f 2646/2646/2646 2641/2641/2641 2644/2644/2644
f 2667/2667/2667 2641/2641/2641 2668/2668/2668
f 2668/2668/2668 2641/2641/2641 2646/2646/2646
f 2645/2645/2645 2641/2641/2641 2643/2643/2643
f 2667/2667/2667 2672/2672/2672 2641/2641/2641
f 2672/2672/2672 2642/2642/2642 2641/2641/2641
f 2671/2671/2671 2642/2642/2642 2672/2672/2672
f 2671/2671/2671 2672/2672/2672 2667/2667/2667
f 2667/2667/2667 2668/2668/2668 2653/2653/2653
f 2679/2679/2679 2668/2668/2668 2646/2646/2646
f 2654/2654/2654 2653/2653/2653 2668/2668/2668
f 2654/2654/2654 2668/2668/2668 2679/2679/2679
f 2646/2646/2646 2644/2644/2644 2677/2677/2677
f 2677/2677/2677 2679/2679/2679 2646/2646/2646
f 2654/2654/2654 2679/2679/2679 2677/2677/2677
f 2652/2652/2652 2653/2653/2653 2654/2654/2654
f 2654/2654/2654 2677/2677/2677 2663/2663/2663
f 2688/2688/2688 2654/2654/2654 2663/2663/2663
f 2663/2663/2663 2677/2677/2677 2661/2661/2661
f 2677/2677/2677 2644/2644/2644 2678/2678/2678
f 2661/2661/2661 2677/2677/2677 2678/2678/2678
f 2661/2661/2661 2662/2662/2662 2663/2663/2663
f 2655/2655/2655 2662/2662/2662 2661/2661/2661
f 2661/2661/2661 2678/2678/2678 2656/2656/2656
f 2656/2656/2656 2655/2655/2655 2661/2661/2661
f 2644/2644/2644 2673/2673/2673 2678/2678/2678
f 2678/2678/2678 2673/2673/2673 2656/2656/2656
f 2644/2644/2644 2645/2645/2645 2673/2673/2673
f 2673/2673/2673 2674/2674/2674 2675/2675/2675
f 2656/2656/2656 2673/2673/2673 2675/2675/2675
f 2645/2645/2645 2674/2674/2674 2673/2673/2673
f 2655/2655/2655 2656/2656/2656 2657/2657/2657
f 2674/2674/2674 2643/2643/2643 2686/2686/2686
f 2645/2645/2645 2643/2643/2643 2674/2674/2674
f 2647/2647/2647 2648/2648/2648 2649/2649/2649
f 2665/2665/2665 2666/2666/2666 2648/2648/2648
f 2670/2670/2670 2649/2649/2649 2648/2648/2648
f 2648/2648/2648 2666/2666/2666 2670/2670/2670
f 2649/2649/2649 2650/2650/2650 2651/2651/2651
f 2649/2649/2649 2651/2651/2651 2676/2676/2676
f 2649/2649/2649 2670/2670/2670 2650/2650/2650
f 2650/2650/2650 2670/2670/2670 2683/2683/2683
f 2651/2651/2651 2650/2650/2650 2683/2683/2683
f 2676/2676/2676 2651/2651/2651 2659/2659/2659
f 2659/2659/2659 2651/2651/2651 2684/2684/2684
f 2684/2684/2684 2651/2651/2651 2683/2683/2683
f 2676/2676/2676 2659/2659/2659 2658/2658/2658
f 2658/2658/2658 2659/2659/2659 2660/2660/2660
f 2684/2684/2684 2660/2660/2660 2659/2659/2659
f 2684/2684/2684 2683/2683/2683 2660/2660/2660
f 2683/2683/2683 2681/2681/2681 2680/2680/2680
f 2683/2683/2683 2670/2670/2670 2681/2681/2681
f 2660/2660/2660 2683/2683/2683 2680/2680/2680
f 2658/2658/2658 2660/2660/2660 2664/2664/2664
f 2660/2660/2660 2680/2680/2680 2685/2685/2685
f 2680/2680/2680 2681/2681/2681 2682/2682/2682
f 2681/2681/2681 2670/2670/2670 2687/2687/2687
f 2666/2666/2666 2669/2669/2669 2670/2670/2670
f 2670/2670/2670 2669/2669/2669 2687/2687/2687
f 2665/2665/2665 2669/2669/2669 2666/2666/2666
f 2689/2689/2689 2690/2690/2690 2691/2691/2691
f 2692/2692/2692 2689/2689/2689 2693/2693/2693
f 2694/2694/2694 2689/2689/2689 2692/2692/2692
f 2715/2715/2715 2689/2689/2689 2716/2716/2716
f 2716/2716/2716 2689/2689/2689 2694/2694/2694
f 2693/2693/2693 2689/2689/2689 2691/2691/2691
f 2715/2715/2715 2720/2720/2720 2689/2689/2689
f 2720/2720/2720 2690/2690/2690 2689/2689/2689
f 2719/2719/2719 2690/2690/2690 2720/2720/2720
f 2719/2719/2719 2720/2720/2720 2715/2715/2715
f 2715/2715/2715 2716/2716/2716 2701/2701/2701
f 2727/2727/2727 2716/2716/2716 2694/2694/2694
f 2702/2702/2702 2701/2701/2701 2716/2716/2716
f 2702/2702/2702 2716/2716/2716 2727/2727/2727
f 2694/2694/2694 2692/2692/2692 2725/2725/2725
f 2725/2725/2725 2727/2727/2727 2694/2694/2694
f 2702/2702/2702 2727/2727/2727 2725/2725/2725
f 2700/2700/2700 2701/2701/2701 2702/2702/2702
f 2702/2702/2702 2725/2725/2725 2711/2711/2711
f 2736/2736/2736 2702/2702/2702 2711/2711/2711
f 2711/2711/2711 2725/2725/2725 2709/2709/2709
f 2725/2725/2725 2692/2692/2692 2726/2726/2726
f 2709/2709/2709 2725/2725/2725 2726/2726/2726
f 2709/2709/2709 2710/2710/2710 2711/2711/2711
f 2703/2703/2703 2710/2710/2710 2709/2709/2709
f 2709/2709/2709 2726/2726/2726 2704/2704/2704
f 2704/2704/2704 2703/2703/2703 2709/2709/2709
f 2692/2692/2692 2721/2721/2721 2726/2726/2726
f 2726/2726/2726 2721/2721/2721 2704/2704/2704
f 2692/2692/2692 2693/2693/2693 2721/2721/2721
f 2721/2721/2721 2722/2722/2722 2723/2723/2723
f 2704/2704/2704 2721/2721/2721 2723/2723/2723
f 2693/2693/2693 2722/2722/2722 2721/2721/2721
f 2703/2703/2703 2704/2704/2704 2705/2705/2705
f 2722/2722/2722 2691/2691/2691 2734/2734/2734
f 2693/2693/2693 2691/2691/2691 2722/2722/2722
f 2695/2695/2695 2696/2696/2696 2697/2697/2697
f 2713/2713/2713 2714/2714/2714 2696/2696/2696
f 2718/2718/2718 2697/2697/2697 2696/2696/2696
f 2696/2696/2696 2714/2714/2714 2718/2718/2718
f 2697/2697/2697 2698/2698/2698 2699/2699/2699
f 2697/2697/2697 2699/2699/2699 2724/2724/2724
f 2697/2697/2697 2718/2718/2718 2698/2698/2698
f 2698/2698/2698 2718/2718/2718 2731/2731/2731
f 2699/2699/2699 2698/2698/2698 2731/2731/2731
f 2724/2724/2724 2699/2699/2699 2707/2707/2707
f 2707/2707/2707 2699/2699/2699 2732/2732/2732
f 2732/2732/2732 2699/2699/2699 2731/2731/2731
f 2724/2724/2724 2707/2707/2707 2706/2706/2706
f 2706/2706/2706 2707/2707/2707 2708/2708/2708
f 2732/2732/2732 2708/2708/2708 2707/2707/2707
f 2732/2732/2732 2731/2731/2731 2708/2708/2708
f 2731/2731/2731 2729/2729/2729 2728/2728/2728
f 2731/2731/2731 2718/2718/2718 2729/2729/2729
f 2708/2708/2708 2731/2731/2731 2728/2728/2728
f 2706/2706/2706 2708/2708/2708 2712/2712/2712
f 2708/2708/2708 2728/2728/2728 2733/2733/2733
f 2728/2728/2728 2729/2729/2729 2730/2730/2730
f 2729/2729/2729 2718/2718/2718 2735/2735/2735
f 2714/2714/2714 2717/2717/2717 2718/2718/2718
f 2718/2718/2718 2717/2717/2717 2735/2735/2735
f 2713/2713/2713 2717/2717/2717 2714/2714/2714
f 2737/2737/2737 2738/2738/2738 2739/2739/2739
f 2740/2740/2740 2737/2737/2737 2741/2741/2741
f 2742/2742/2742 2737/2737/2737 2740/2740/2740
f 2763/2763/2763 2737/2737/2737 2764/2764/2764
f 2764/2764/2764 2737/2737/2737 2742/2742/2742
f 2741/2741/2741 2737/2737/2737 2739/2739/2739
f 2763/2763/2763 2768/2768/2768 2737/2737/2737
f 2768/2768/2768 2738/2738/2738 2737/2737/2737
f 2767/2767/2767 2738/2738/2738 2768/2768/2768
f 2767/2767/2767 2768/2768/2768 2763/2763/2763
f 2763/2763/2763 2764/2764/2764 2749/2749/2749
f 2775/2775/2775 2764/2764/2764 2742/2742/2742
f 2750/2750/2750 2749/2749/2749 2764/2764/2764
f 2750/2750/2750 2764/2764/2764 2775/2775/2775
f 2742/2742/2742 2740/2740/2740 2773/2773/2773
f 2773/2773/2773 2775/2775/2775 2742/2742/2742
f 2750/2750/2750 2775/2775/2775 2773/2773/2773
f 2748/2748/2748 2749/2749/2749 2750/2750/2750
f 2750/2750/2750 2773/2773/2773 2759/2759/2759
f 2784/2784/2784 2750/2750/2750 2759/2759/2759
f 2759/2759/2759 2773/2773/2773 2757/2757/2757
f 2773/2773/2773 2740/2740/2740 2774/2774/2774
f 2757/2757/2757 2773/2773/2773 2774/2774/2774
f 2757/2757/2757 2758/2758/2758 2759/2759/2759
f 2751/2751/2751 2758/2758/2758 2757/2757/2757
f 2757/2757/2757 2774/2774/2774 2752/2752/2752
f 2752/2752/2752 2751/2751/2751 2757/2757/2757
f 2740/2740/2740 2769/2769/2769 2774/2774/2774
f 2774/2774/2774 2769/2769/2769 2752/2752/2752
f 2740/2740/2740 2741/2741/2741 2769/2769/2769
f 2769/2769/2769 2770/2770/2770 2771/2771/2771
f 2752/2752/2752 2769/2769/2769 2771/2771/2771
f 2741/2741/2741 2770/2770/2770 2769/2769/2769
f 2751/2751/2751 2752/2752/2752 2753/2753/2753
f 2770/2770/2770 2739/2739/2739 2782/2782/2782
f 2741/2741/2741 2739/2739/2739 2770/2770/2770
f 2743/2743/2743 2744/2744/2744 2745/2745/2745
f 2761/2761/2761 2762/2762/2762 2744/2744/2744
f 2766/2766/2766 2745/2745/2745 2744/2744/2744
f 2744/2744/2744 2762/2762/2762 2766/2766/2766
f 2745/2745/2745 2746/2746/2746 2747/2747/2747
f 2745/2745/2745 2747/2747/2747 2772/2772/2772
f 2745/2745/2745 2766/2766/2766 2746/2746/2746
f 2746/2746/2746 2766/2766/2766 2779/2779/2779
f 2747/2747/2747 2746/2746/2746 2779/2779/2779
f 2772/2772/2772 2747/2747/2747 2755/2755/2755
f 2755/2755/2755 2747/2747/2747 2780/2780/2780
f 2780/2780/2780 2747/2747/2747 2779/2779/2779
f 2772/2772/2772 2755/2755/2755 2754/2754/2754
f 2754/2754/2754 2755/2755/2755 2756/2756/2756
f 2780/2780/2780 2756/2756/2756 2755/2755/2755
f 2780/2780/2780 2779/2779/2779 2756/2756/2756
f 2779/2779/2779 2777/2777/2777 2776/2776/2776
f 2779/2779/2779 2766/2766/2766 2777/2777/2777
f 2756/2756/2756 2779/2779/2779 2776/2776/2776
f 2754/2754/2754 2756/2756/2756 2760/2760/2760
f 2756/2756/2756 2776/2776/2776 2781/2781/2781
f 2776/2776/2776 2777/2777/2777 2778/2778/2778
f 2777/2777/2777 2766/2766/2766 2783/2783/2783
f 2762/2762/2762 2765/2765/2765 2766/2766/2766
f 2766/2766/2766 2765/2765/2765 2783/2783/2783
f 2761/2761/2761 2765/2765/2765 2762/2762/2762
f 2785/2785/2785 2786/2786/2786 2787/2787/2787
f 2788/2788/2788 2785/2785/2785 2789/2789/2789
f 2790/2790/2790 2785/2785/2785 2788/2788/2788
f 2811/2811/2811 2785/2785/2785 2812/2812/2812
f 2812/2812/2812 2785/2785/2785 2790/2790/2790
f 2789/2789/2789 2785/2785/2785 2787/2787/2787
f 2811/2811/2811 2816/2816/2816 2785/2785/2785
f 2816/2816/2816 2786/2786/2786 2785/2785/2785
f 2815/2815/2815 2786/2786/2786 2816/2816/2816
f 2815/2815/2815 2816/2816/2816 2811/2811/2811
f 2811/2811/2811 2812/2812/2812 2797/2797/2797
f 2823/2823/2823 2812/2812/2812 2790/2790/2790
f 2798/2798/2798 2797/2797/2797 2812/2812/2812
f 2798/2798/2798 2812/2812/2812 2823/2823/2823
f 2790/2790/2790 2788/2788/2788 2821/2821/2821
f 2821/2821/2821 2823/2823/2823 2790/2790/2790
f 2798/2798/2798 2823/2823/2823 2821/2821/2821
f 2796/2796/2796 2797/2797/2797 2798/2798/2798
f 2798/2798/2798 2821/2821/2821 2807/2807/2807
f 2832/2832/2832 2798/2798/2798 2807/2807/2807
f 2807/2807/2807 2821/2821/2821 2805/2805/2805
f 2821/2821/2821 2788/2788/2788 2822/2822/2822
f 2805/2805/2805 2821/2821/2821 2822/2822/2822
f 2805/2805/2805 2806/2806/2806 2807/2807/2807
f 2799/2799/2799 2806/2806/2806 2805/2805/2805
f 2805/2805/2805 2822/2822/2822 2800/2800/2800
f 2800/2800/2800 2799/2799/2799 2805/2805/2805
f 2788/2788/2788 2817/2817/2817 2822/2822/2822
f 2822/2822/2822 2817/2817/2817 2800/2800/2800
f 2788/2788/2788 2789/2789/2789 2817/2817/2817
f 2817/2817/2817 2818/2818/2818 2819/2819/2819
f 2800/2800/2800 2817/2817/2817 2819/2819/2819
f 2789/2789/2789 2818/2818/2818 2817/2817/2817
f 2799/2799/2799 2800/2800/2800 2801/2801/2801
f 2818/2818/2818 2787/2787/2787 2830/2830/2830
f 2789/2789/2789 2787/2787/2787 2818/2818/2818
f 2791/2791/2791 2792/2792/2792 2793/2793/2793
f 2809/2809/2809 2810/2810/2810 2792/2792/2792
f 2814/2814/2814 2793/2793/2793 2792/2792/2792
f 2792/2792/2792 2810/2810/2810 2814/2814/2814
f 2793/2793/2793 2794/2794/2794 2795/2795/2795
f 2793/2793/2793 2795/2795/2795 2820/2820/2820
f 2793/2793/2793 2814/2814/2814 2794/2794/2794
f 2794/2794/2794 2814/2814/2814 2827/2827/2827
f 2795/2795/2795 2794/2794/2794 2827/2827/2827
f 2820/2820/2820 2795/2795/2795 2803/2803/2803
f 2803/2803/2803 2795/2795/2795 2828/2828/2828
f 2828/2828/2828 2795/2795/2795 2827/2827/2827
f 2820/2820/2820 2803/2803/2803 2802/2802/2802
f 2802/2802/2802 2803/2803/2803 2804/2804/2804
f 2828/2828/2828 2804/2804/2804 2803/2803/2803
f 2828/2828/2828 2827/2827/2827 2804/2804/2804
f 2827/2827/2827 2825/2825/2825 2824/2824/2824
f 2827/2827/2827 2814/2814/2814 2825/2825/2825
f 2804/2804/2804 2827/2827/2827 2824/2824/2824
f 2802/2802/2802 2804/2804/2804 2808/2808/2808
f 2804/2804/2804 2824/2824/2824 2829/2829/2829
f 2824/2824/2824 2825/2825/2825 2826/2826/2826
f 2825/2825/2825 2814/2814/2814 2831/2831/2831
f 2810/2810/2810 2813/2813/2813 2814/2814/2814
f 2814/2814/2814 2813/2813/2813 2831/2831/2831
f 2809/2809/2809 2813/2813/2813 2810/2810/2810
f 2833/2833/2833 2834/2834/2834 2835/2835/2835
f 2836/2836/2836 2833/2833/2833 2837/2837/2837
f 2838/2838/2838 2833/2833/2833 2836/2836/2836
f 2859/2859/2859 2833/2833/2833 2860/2860/2860
f 2860/2860/2860 2833/2833/2833 2838/2838/2838
f 2837/2837/2837 2833/2833/2833 2835/2835/2835
f 2859/2859/2859 2864/2864/2864 2833/2833/2833
f 2864/2864/2864 2834/2834/2834 2833/2833/2833
f 2863/2863/2863 2834/2834/2834 2864/2864/2864
f 2863/2863/2863 2864/2864/2864 2859/2859/2859
f 2859/2859/2859 2860/2860/2860 2845/2845/2845
f 2871/2871/2871 2860/2860/2860 2838/2838/2838
f 2846/2846/2846 2845/2845/2845 2860/2860/2860
f 2846/2846/2846 2860/2860/2860 2871/2871/2871
f 2838/2838/2838 2836/2836/2836 2869/2869/2869
f 2869/2869/2869 2871/2871/2871 2838/2838/2838
f 2846/2846/2846 2871/2871/2871 2869/2869/2869
f 2844/2844/2844 2845/2845/2845 2846/2846/2846
f 2846/2846/2846 2869/2869/2869 2855/2855/2855
f 2880/2880/2880 2846/2846/2846 2855/2855/2855
f 2855/2855/2855 2869/2869/2869 2853/2853/2853
f 2869/2869/2869 2836/2836/2836 2870/2870/2870
f 2853/2853/2853 2869/2869/2869 2870/2870/2870
f 2853/2853/2853 2854/2854/2854 2855/2855/2855
f 2847/2847/2847 2854/2854/2854 2853/2853/2853
f 2853/2853/2853 2870/2870/2870 2848/2848/2848
f 2848/2848/2848 2847/2847/2847 2853/2853/2853
f 2836/2836/2836 2865/2865/2865 2870/2870/2870
f 2870/2870/2870 2865/2865/2865 2848/2848/2848
f 2836/2836/2836 2837/2837/2837 2865/2865/2865
f 2865/2865/2865 2866/2866/2866 2867/2867/2867
f 2848/2848/2848 2865/2865/2865 2867/2867/2867
f 2837/2837/2837 2866/2866/2866 2865/2865/2865
f 2847/2847/2847 2848/2848/2848 2849/2849/2849
f 2866/2866/2866 2835/2835/2835 2878/2878/2878
f 2837/2837/2837 2835/2835/2835 2866/2866/2866
f 2839/2839/2839 2840/2840/2840 2841/2841/2841
f 2857/2857/2857 2858/2858/2858 2840/2840/2840
f 2862/2862/2862 2841/2841/2841 2840/2840/2840
f 2840/2840/2840 2858/2858/2858 2862/2862/2862
f 2841/2841/2841 2842/2842/2842 2843/2843/2843
f 2841/2841/2841 2843/2843/2843 2868/2868/2868
f 2841/2841/2841 2862/2862/2862 2842/2842/2842
f 2842/2842/2842 2862/2862/2862 2875/2875/2875
f 2843/2843/2843 2842/2842/2842 2875/2875/2875
f 2868/2868/2868 2843/2843/2843 2851/2851/2851
f 2851/2851/2851 2843/2843/2843 2876/2876/2876
f 2876/2876/2876 2843/2843/2843 2875/2875/2875
f 2868/2868/2868 2851/2851/2851 2850/2850/2850
f 2850/2850/2850 2851/2851/2851 2852/2852/2852
f 2876/2876/2876 2852/2852/2852 2851/2851/2851
f 2876/2876/2876 2875/2875/2875 2852/2852/2852
f 2875/2875/2875 2873/2873/2873 2872/2872/2872
f 2875/2875/2875 2862/2862/2862 2873/2873/2873
f 2852/2852/2852 2875/2875/2875 2872/2872/2872
f 2850/2850/2850 2852/2852/2852 2856/2856/2856
f 2852/2852/2852 2872/2872/2872 2877/2877/2877
f 2872/2872/2872 2873/2873/2873 2874/2874/2874
f 2873/2873/2873 2862/2862/2862 2879/2879/2879
f 2858/2858/2858 2861/2861/2861 2862/2862/2862
f 2862/2862/2862 2861/2861/2861 2879/2879/2879
f 2857/2857/2857 2861/2861/2861 2858/2858/2858
f 2881/2881/2881 2882/2882/2882 2883/2883/2883
f 2884/2884/2884 2881/2881/2881 2885/2885/2885
f 2886/2886/2886 2881/2881/2881 2884/2884/2884
f 2907/2907/2907 2881/2881/2881 2908/2908/2908
f 2908/2908/2908 2881/2881/2881 2886/2886/2886
f 2885/2885/2885 2881/2881/2881 2883/2883/2883
f 2907/2907/2907 2912/2912/2912 2881/2881/2881
f 2912/2912/2912 2882/2882/2882 2881/2881/2881
f 2911/2911/2911 2882/2882/2882 2912/2912/2912
f 2911/2911/2911 2912/2912/2912 2907/2907/2907
f 2907/2907/2907 2908/2908/2908 2893/2893/2893
f 2919/2919/2919 2908/2908/2908 2886/2886/2886
f 2894/2894/2894 2893/2893/2893 2908/2908/2908
f 2894/2894/2894 2908/2908/2908 2919/2919/2919
f 2886/2886/2886 2884/2884/2884 2917/2917/2917
f 2917/2917/2917 2919/2919/2919 2886/2886/2886
f 2894/2894/2894 2919/2919/2919 2917/2917/2917
f 2892/2892/2892 2893/2893/2893 2894/2894/2894
f 2894/2894/2894 2917/2917/2917 2903/2903/2903
f 2928/2928/2928 2894/2894/2894 2903/2903/2903
f 2903/2903/2903 2917/2917/2917 2901/2901/2901
f 2917/2917/2917 2884/2884/2884 2918/2918/2918
f 2901/2901/2901 2917/2917/2917 2918/2918/2918
f 2901/2901/2901 2902/2902/2902 2903/2903/2903
f 2895/2895/2895 2902/2902/2902 2901/2901/2901
f 2901/2901/2901 2918/2918/2918 2896/2896/2896
f 2896/2896/2896 2895/2895/2895 2901/2901/2901
f 2884/2884/2884 2913/2913/2913 2918/2918/2918
f 2918/2918/2918 2913/2913/2913 2896/2896/2896
f 2884/2884/2884 2885/2885/2885 2913/2913/2913
f 2913/2913/2913 2914/2914/2914 2915/2915/2915
f 2896/2896/2896 2913/2913/2913 2915/2915/2915
f 2885/2885/2885 2914/2914/2914 2913/2913/2913
f 2895/2895/2895 2896/2896/2896 2897/2897/2897
f 2914/2914/2914 2883/2883/2883 2926/2926/2926
f 2885/2885/2885 2883/2883/2883 2914/2914/2914
f 2887/2887/2887 2888/2888/2888 2889/2889/2889
f 2905/2905/2905 2906/2906/2906 2888/2888/2888
f 2910/2910/2910 2889/2889/2889 2888/2888/2888
f 2888/2888/2888 2906/2906/2906 2910/2910/2910
f 2889/2889/2889 2890/2890/2890 2891/2891/2891
f 2889/2889/2889 2891/2891/2891 2916/2916/2916
f 2889/2889/2889 2910/2910/2910 2890/2890/2890
f 2890/2890/2890 2910/2910/2910 2923/2923/2923
f 2891/2891/2891 2890/2890/2890 2923/2923/2923
f 2916/2916/2916 2891/2891/2891 2899/2899/2899
f 2899/2899/2899 2891/2891/2891 2924/2924/2924
f 2924/2924/2924 2891/2891/2891 2923/2923/2923
f 2916/2916/2916 2899/2899/2899 2898/2898/2898
f 2898/2898/2898 2899/2899/2899 2900/2900/2900
f 2924/2924/2924 2900/2900/2900 2899/2899/2899
f 2924/2924/2924 2923/2923/2923 2900/2900/2900
f 2923/2923/2923 2921/2921/2921 2920/2920/2920
f 2923/2923/2923 2910/2910/2910 2921/2921/2921
f 2900/2900/2900 2923/2923/2923 2920/2920/2920
f 2898/2898/2898 2900/2900/2900 2904/2904/2904
f 2900/2900/2900 2920/2920/2920 2925/2925/2925
f 2920/2920/2920 2921/2921/2921 2922/2922/2922
f 2921/2921/2921 2910/2910/2910 2927/2927/2927
f 2906/2906/2906 2909/2909/2909 2910/2910/2910
f 2910/2910/2910 2909/2909/2909 2927/2927/2927
f 2905/2905/2905 2909/2909/2909 2906/2906/2906
f 2929/2929/2929 2930/2930/2930 2931/2931/2931
f 2932/2932/2932 2929/2929/2929 2933/2933/2933
f 2934/2934/2934 2929/2929/2929 2932/2932/2932
f 2955/2955/2955 2929/2929/2929 2956/2956/2956
f 2956/2956/2956 2929/2929/2929 2934/2934/2934
f 2933/2933/2933 2929/2929/2929 2931/2931/2931
f 2955/2955/2955 2960/2960/2960 2929/2929/2929
f 2960/2960/2960 2930/2930/2930 2929/2929/2929
f 2959/2959/2959 2930/2930/2930 2960/2960/2960
f 2959/2959/2959 2960/2960/2960 2955/2955/2955
f 2955/2955/2955 2956/2956/2956 2941/2941/2941
f 2967/2967/2967 2956/2956/2956 2934/2934/2934
f 2942/2942/2942 2941/2941/2941 2956/2956/2956
f 2942/2942/2942 2956/2956/2956 2967/2967/2967
f 2934/2934/2934 2932/2932/2932 2965/2965/2965
f 2965/2965/2965 2967/2967/2967 2934/2934/2934
f 2942/2942/2942 2967/2967/2967 2965/2965/2965
f 2940/2940/2940 2941/2941/2941 2942/2942/2942
f 2942/2942/2942 2965/2965/2965 2951/2951/2951
f 2976/2976/2976 2942/2942/2942 2951/2951/2951
f 2951/2951/2951 2965/2965/2965 2949/2949/2949
f 2965/2965/2965 2932/2932/2932 2966/2966/2966
f 2949/2949/2949 2965/2965/2965 2966/2966/2966
f 2949/2949/2949 2950/2950/2950 2951/2951/2951
f 2943/2943/2943 2950/2950/2950 2949/2949/2949
f 2949/2949/2949 2966/2966/2966 2944/2944/2944
f 2944/2944/2944 2943/2943/2943 2949/2949/2949
f 2932/2932/2932 2961/2961/2961 2966/2966/2966
f 2966/2966/2966 2961/2961/2961 2944/2944/2944
f 2932/2932/2932 2933/2933/2933 2961/2961/2961
f 2961/2961/2961 2962/2962/2962 2963/2963/2963
f 2944/2944/2944 2961/2961/2961 2963/2963/2963
f 2933/2933/2933 2962/2962/2962 2961/2961/2961
f 2943/2943/2943 2944/2944/2944 2945/2945/2945
f 2962/2962/2962 2931/2931/2931 2974/2974/2974
f 2933/2933/2933 2931/2931/2931 2962/2962/2962
f 2935/2935/2935 2936/2936/2936 2937/2937/2937
f 2953/2953/2953 2954/2954/2954 2936/2936/2936
f 2958/2958/2958 2937/2937/2937 2936/2936/2936
f 2936/2936/2936 2954/2954/2954 2958/2958/2958
f 2937/2937/2937 2938/2938/2938 2939/2939/2939
f 2937/2937/2937 2939/2939/2939 2964/2964/2964
f 2937/2937/2937 2958/2958/2958 2938/2938/2938
f 2938/2938/2938 2958/2958/2958 2971/2971/2971
f 2939/2939/2939 2938/2938/2938 2971/2971/2971
f 2964/2964/2964 2939/2939/2939 2947/2947/2947
f 2947/2947/2947 2939/2939/2939 2972/2972/2972
f 2972/2972/2972 2939/2939/2939 2971/2971/2971
f 2964/2964/2964 2947/2947/2947 2946/2946/2946
f 2946/2946/2946 2947/2947/2947 2948/2948/2948
f 2972/2972/2972 2948/2948/2948 2947/2947/2947
f 2972/2972/2972 2971/2971/2971 2948/2948/2948
f 2971/2971/2971 2969/2969/2969 2968/2968/2968
f 2971/2971/2971 2958/2958/2958 2969/2969/2969
f 2948/2948/2948 2971/2971/2971 2968/2968/2968
f 2946/2946/2946 2948/2948/2948 2952/2952/2952
f 2948/2948/2948 2968/2968/2968 2973/2973/2973
f 2968/2968/2968 2969/2969/2969 2970/2970/2970
f 2969/2969/2969 2958/2958/2958 2975/2975/2975
f 2954/2954/2954 2957/2957/2957 2958/2958/2958
f 2958/2958/2958 2957/2957/2957 2975/2975/2975
f 2953/2953/2953 2957/2957/2957 2954/2954/2954
f 2977/2977/2977 2978/2978/2978 2979/2979/2979
f 2980/2980/2980 2977/2977/2977 2981/2981/2981
f 2982/2982/2982 2977/2977/2977 2980/2980/2980
f 3003/3003/3003 2977/2977/2977 3004/3004/3004
f 3004/3004/3004 2977/2977/2977 2982/2982/2982
f 2981/2981/2981 2977/2977/2977 2979/2979/2979
f 3003/3003/3003 3008/3008/3008 2977/2977/2977
f 3008/3008/3008 2978/2978/2978 2977/2977/2977
f 3007/3007/3007 2978/2978/2978 3008/3008/3008
f 3007/3007/3007 3008/3008/3008 3003/3003/3003
f 3003/3003/3003 3004/3004/3004 2989/2989/2989
f 3015/3015/3015 3004/3004/3004 2982/2982/2982
f 2990/2990/2990 2989/2989/2989 3004/3004/3004
f 2990/2990/2990 3004/3004/3004 3015/3015/3015
f 2982/2982/2982 2980/2980/2980 3013/3013/3013
f 3013/3013/3013 3015/3015/3015 2982/2982/2982
f 2990/2990/2990 3015/3015/3015 3013/3013/3013
f 2988/2988/2988 2989/2989/2989 2990/2990/2990
f 2990/2990/2990 3013/3013/3013 2999/2999/2999
f 3024/3024/3024 2990/2990/2990 2999/2999/2999
f 2999/2999/2999 3013/3013/3013 2997/2997/2997
f 3013/3013/3013 2980/2980/2980 3014/3014/3014
f 2997/2997/2997 3013/3013/3013 3014/3014/3014
f 2997/2997/2997 2998/2998/2998 2999/2999/2999
f 2991/2991/2991 2998/2998/2998 2997/2997/2997
f 2997/2997/2997 3014/3014/3014 2992/2992/2992
f 2992/2992/2992 2991/2991/2991 2997/2997/2997
f 2980/2980/2980 3009/3009/3009 3014/3014/3014
f 3014/3014/3014 3009/3009/3009 2992/2992/2992
f 2980/2980/2980 2981/2981/2981 3009/3009/3009
f 3009/3009/3009 3010/3010/3010 3011/3011/3011
f 2992/2992/2992 3009/3009/3009 3011/3011/3011
f 2981/2981/2981 3010/3010/3010 3009/3009/3009
f 2991/2991/2991 2992/2992/2992 2993/2993/2993
f 3010/3010/3010 2979/2979/2979 3022/3022/3022
f 2981/2981/2981 2979/2979/2979 3010/3010/3010
f 2983/2983/2983 2984/2984/2984 2985/2985/2985
f 3001/3001/3001 3002/3002/3002 2984/2984/2984
f 3006/3006/3006 2985/2985/2985 2984/2984/2984
f 2984/2984/2984 3002/3002/3002 3006/3006/3006
f 2985/2985/2985 2986/2986/2986 2987/2987/2987
f 2985/2985/2985 2987/2987/2987 3012/3012/3012
f 2985/2985/2985 3006/3006/3006 2986/2986/2986
f 2986/2986/2986 3006/3006/3006 3019/3019/3019
f 2987/2987/2987 2986/2986/2986 3019/3019/3019
f 3012/3012/3012 2987/2987/2987 2995/2995/2995
f 2995/2995/2995 2987/2987/2987 3020/3020/3020
f 3020/3020/3020 2987/2987/2987 3019/3019/3019
f 3012/3012/3012 2995/2995/2995 2994/2994/2994
f 2994/2994/2994 2995/2995/2995 2996/2996/2996
f 3020/3020/3020 2996/2996/2996 2995/2995/2995
f 3020/3020/3020 3019/3019/3019 2996/2996/2996
f 3019/3019/3019 3017/3017/3017 3016/3016/3016
f 3019/3019/3019 3006/3006/3006 3017/3017/3017
f 2996/2996/2996 3019/3019/3019 3016/3016/3016
f 2994/2994/2994 2996/2996/2996 3000/3000/3000
f 2996/2996/2996 3016/3016/3016 3021/3021/3021
f 3016/3016/3016 3017/3017/3017 3018/3018/3018
f 3017/3017/3017 3006/3006/3006 3023/3023/3023
f 3002/3002/3002 3005/3005/3005 3006/3006/3006
f 3006/3006/3006 3005/3005/3005 3023/3023/3023
f 3001/3001/3001 3005/3005/3005 3002/3002/3002
f 3025/3025/3025 3026/3026/3026 3027/3027/3027
f 3028/3028/3028 3025/3025/3025 3029/3029/3029
f 3030/3030/3030 3025/3025/3025 3028/3028/3028
f 3051/3051/3051 3025/3025/3025 3052/3052/3052
f 3052/3052/3052 3025/3025/3025 3030/3030/3030
f 3029/3029/3029 3025/3025/3025 3027/3027/3027
f 3051/3051/3051 3056/3056/3056 3025/3025/3025
f 3056/3056/3056 3026/3026/3026 3025/3025/3025
f 3055/3055/3055 3026/3026/3026 3056/3056/3056
f 3055/3055/3055 3056/3056/3056 3051/3051/3051
f 3051/3051/3051 3052/3052/3052 3037/3037/3037
f 3063/3063/3063 3052/3052/3052 3030/3030/3030
f 3038/3038/3038 3037/3037/3037 3052/3052/3052
f 3038/3038/3038 3052/3052/3052 3063/3063/3063
f 3030/3030/3030 3028/3028/3028 3061/3061/3061
f 3061/3061/3061 3063/3063/3063 3030/3030/3030
f 3038/3038/3038 3063/3063/3063 3061/3061/3061
f 3036/3036/3036 3037/3037/3037 3038/3038/3038
f 3038/3038/3038 3061/3061/3061 3047/3047/3047
f 3072/3072/3072 3038/3038/3038 3047/3047/3047
f 3047/3047/3047 3061/3061/3061 3045/3045/3045
f 3061/3061/3061 3028/3028/3028 3062/3062/3062
f 3045/3045/3045 3061/3061/3061 3062/3062/3062
f 3045/3045/3045 3046/3046/3046 3047/3047/3047
f 3039/3039/3039 3046/3046/3046 3045/3045/3045
f 3045/3045/3045 3062/3062/3062 3040/3040/3040
f 3040/3040/3040 3039/3039/3039 3045/3045/3045
f 3028/3028/3028 3057/3057/3057 3062/3062/3062
f 3062/3062/3062 3057/3057/3057 3040/3040/3040
f 3028/3028/3028 3029/3029/3029 3057/3057/3057
f 3057/3057/3057 3058/3058/3058 3059/3059/3059
f 3040/3040/3040 3057/3057/3057 3059/3059/3059
f 3029/3029/3029 3058/3058/3058 3057/3057/3057
f 3039/3039/3039 3040/3040/3040 3041/3041/3041
f 3058/3058/3058 3027/3027/3027 3070/3070/3070
f 3029/3029/3029 3027/3027/3027 3058/3058/3058
f 3031/3031/3031 3032/3032/3032 3033/3033/3033
f 3049/3049/3049 3050/3050/3050 3032/3032/3032
f 3054/3054/3054 3033/3033/3033 3032/3032/3032
f 3032/3032/3032 3050/3050/3050 3054/3054/3054
f 3033/3033/3033 3034/3034/3034 3035/3035/3035
f 3033/3033/3033 3035/3035/3035 3060/3060/3060
f 3033/3033/3033 3054/3054/3054 3034/3034/3034
f 3034/3034/3034 3054/3054/3054 3067/3067/3067
f 3035/3035/3035 3034/3034/3034 3067/3067/3067
f 3060/3060/3060 3035/3035/3035 3043/3043/3043
f 3043/3043/3043 3035/3035/3035 3068/3068/3068
f 3068/3068/3068 3035/3035/3035 3067/3067/3067
f 3060/3060/3060 3043/3043/3043 3042/3042/3042
f 3042/3042/3042 3043/3043/3043 3044/3044/3044
f 3068/3068/3068 3044/3044/3044 3043/3043/3043
f 3068/3068/3068 3067/3067/3067 3044/3044/3044
f 3067/3067/3067 3065/3065/3065 3064/3064/3064
f 3067/3067/3067 3054/3054/3054 3065/3065/3065
f 3044/3044/3044 3067/3067/3067 3064/3064/3064
f 3042/3042/3042 3044/3044/3044 3048/3048/3048
f 3044/3044/3044 3064/3064/3064 3069/3069/3069
f 3064/3064/3064 3065/3065/3065 3066/3066/3066
f 3065/3065/3065 3054/3054/3054 3071/3071/3071
f 3050/3050/3050 3053/3053/3053 3054/3054/3054
f 3054/3054/3054 3053/3053/3053 3071/3071/3071
f 3049/3049/3049 3053/3053/3053 3050/3050/3050
f 3073/3073/3073 3074/3074/3074 3075/3075/3075
f 3076/3076/3076 3073/3073/3073 3077/3077/3077
f 3078/3078/3078 3073/3073/3073 3076/3076/3076
f 3099/3099/3099 3073/3073/3073 3100/3100/3100
f 3100/3100/3100 3073/3073/3073 3078/3078/3078
f 3077/3077/3077 3073/3073/3073 3075/3075/3075
f 3099/3099/3099 3104/3104/3104 3073/3073/3073
f 3104/3104/3104 3074/3074/3074 3073/3073/3073
f 3103/3103/3103 3074/3074/3074 3104/3104/3104
f 3103/3103/3103 3104/3104/3104 3099/3099/3099
f 3099/3099/3099 3100/3100/3100 3085/3085/3085
f 3111/3111/3111 3100/3100/3100 3078/3078/3078
f 3086/3086/3086 3085/3085/3085 3100/3100/3100
f 3086/3086/3086 3100/3100/3100 3111/3111/3111
f 3078/3078/3078 3076/3076/3076 3109/3109/3109
f 3109/3109/3109 3111/3111/3111 3078/3078/3078
f 3086/3086/3086 3111/3111/3111 3109/3109/3109
f 3084/3084/3084 3085/3085/3085 3086/3086/3086
f 3086/3086/3086 3109/3109/3109 3095/3095/3095
f 3120/3120/3120 3086/3086/3086 3095/3095/3095
f 3095/3095/3095 3109/3109/3109 3093/3093/3093
f 3109/3109/3109 3076/3076/3076 3110/3110/3110
f 3093/3093/3093 3109/3109/3109 3110/3110/3110
f 3093/3093/3093 3094/3094/3094 3095/3095/3095
f 3087/3087/3087 3094/3094/3094 3093/3093/3093
f 3093/3093/3093 3110/3110/3110 3088/3088/3088
f 3088/3088/3088 3087/3087/3087 3093/3093/3093
f 3076/3076/3076 3105/3105/3105 3110/3110/3110
f 3110/3110/3110 3105/3105/3105 3088/3088/3088
f 3076/3076/3076 3077/3077/3077 3105/3105/3105
f 3105/3105/3105 3106/3106/3106 3107/3107/3107
f 3088/3088/3088 3105/3105/3105 3107/3107/3107
f 3077/3077/3077 3106/3106/3106 3105/3105/3105
f 3087/3087/3087 3088/3088/3088 3089/3089/3089
f 3106/3106/3106 3075/3075/3075 3118/3118/3118
f 3077/3077/3077 3075/3075/3075 3106/3106/3106
f 3079/3079/3079 3080/3080/3080 3081/3081/3081
f 3097/3097/3097 3098/3098/3098 3080/3080/3080
f 3102/3102/3102 3081/3081/3081 3080/3080/3080
f 3080/3080/3080 3098/3098/3098 3102/3102/3102
f 3081/3081/3081 3082/3082/3082 3083/3083/3083
f 3081/3081/3081 3083/3083/3083 3108/3108/3108
f 3081/3081/3081 3102/3102/3102 3082/3082/3082
f 3082/3082/3082 3102/3102/3102 3115/3115/3115
f 3083/3083/3083 3082/3082/3082 3115/3115/3115
f 3108/3108/3108 3083/3083/3083 3091/3091/3091
f 3091/3091/3091 3083/3083/3083 3116/3116/3116
f 3116/3116/3116 3083/3083/3083 3115/3115/3115
f 3108/3108/3108 3091/3091/3091 3090/3090/3090
f 3090/3090/3090 3091/3091/3091 3092/3092/3092
f 3116/3116/3116 3092/3092/3092 3091/3091/3091
f 3116/3116/3116 3115/3115/3115 3092/3092/3092
f 3115/3115/3115 3113/3113/3113 3112/3112/3112
f 3115/3115/3115 3102/3102/3102 3113/3113/3113
f 3092/3092/3092 3115/3115/3115 3112/3112/3112
f 3090/3090/3090 3092/3092/3092 3096/3096/3096
f 3092/3092/3092 3112/3112/3112 3117/3117/3117
f 3112/3112/3112 3113/3113/3113 3114/3114/3114
f 3113/3113/3113 3102/3102/3102 3119/3119/3119
f 3098/3098/3098 3101/3101/3101 3102/3102/3102
f 3102/3102/3102 3101/3101/3101 3119/3119/3119
f 3097/3097/3097 3101/3101/3101 3098/3098/3098
f 3121/3121/3121 3122/3122/3122 3123/3123/3123
f 3124/3124/3124 3121/3121/3121 3125/3125/3125
f 3126/3126/3126 3121/3121/3121 3124/3124/3124
f 3147/3147/3147 3121/3121/3121 3148/3148/3148
f 3148/3148/3148 3121/3121/3121 3126/3126/3126
f 3125/3125/3125 3121/3121/3121 3123/3123/3123
f 3147/3147/3147 3152/3152/3152 3121/3121/3121
f 3152/3152/3152 3122/3122/3122 3121/3121/3121
f 3151/3151/3151 3122/3122/3122 3152/3152/3152
f 3151/3151/3151 3152/3152/3152 3147/3147/3147
f 3147/3147/3147 3148/3148/3148 3133/3133/3133
f 3159/3159/3159 3148/3148/3148 3126/3126/3126
f 3134/3134/3134 3133/3133/3133 3148/3148/3148
f 3134/3134/3134 3148/3148/3148 3159/3159/3159
f 3126/3126/3126 3124/3124/3124 3157/3157/3157
f 3157/3157/3157 3159/3159/3159 3126/3126/3126
f 3134/3134/3134 3159/3159/3159 3157/3157/3157
f 3132/3132/3132 3133/3133/3133 3134/3134/3134
f 3134/3134/3134 3157/3157/3157 3143/3143/3143
f 3168/3168/3168 3134/3134/3134 3143/3143/3143
f 3143/3143/3143 3157/3157/3157 3141/3141/3141
f 3157/3157/3157 3124/3124/3124 3158/3158/3158
f 3141/3141/3141 3157/3157/3157 3158/3158/3158
f 3141/3141/3141 3142/3142/3142 3143/3143/3143
f 3135/3135/3135 3142/3142/3142 3141/3141/3141
f 3141/3141/3141 3158/3158/3158 3136/3136/3136
f 3136/3136/3136 3135/3135/3135 3141/3141/3141
f 3124/3124/3124 3153/3153/3153 3158/3158/3158
f 3158/3158/3158 3153/3153/3153 3136/3136/3136
f 3124/3124/3124 3125/3125/3125 3153/3153/3153
f 3153/3153/3153 3154/3154/3154 3155/3155/3155
f 3136/3136/3136 3153/3153/3153 3155/3155/3155
f 3125/3125/3125 3154/3154/3154 3153/3153/3153
f 3135/3135/3135 3136/3136/3136 3137/3137/3137
f 3154/3154/3154 3123/3123/3123 3166/3166/3166
f 3125/3125/3125 3123/3123/3123 3154/3154/3154
f 3127/3127/3127 3128/3128/3128 3129/3129/3129
f 3145/3145/3145 3146/3146/3146 3128/3128/3128
f 3150/3150/3150 3129/3129/3129 3128/3128/3128
f 3128/3128/3128 3146/3146/3146 3150/3150/3150
f 3129/3129/3129 3130/3130/3130 3131/3131/3131
f 3129/3129/3129 3131/3131/3131 3156/3156/3156
f 3129/3129/3129 3150/3150/3150 3130/3130/3130
f 3130/3130/3130 3150/3150/3150 3163/3163/3163
f 3131/3131/3131 3130/3130/3130 3163/3163/3163
f 3156/3156/3156 3131/3131/3131 3139/3139/3139
f 3139/3139/3139 3131/3131/3131 3164/3164/3164
f 3164/3164/3164 3131/3131/3131 3163/3163/3163
f 3156/3156/3156 3139/3139/3139 3138/3138/3138
f 3138/3138/3138 3139/3139/3139 3140/3140/3140
f 3164/3164/3164 3140/3140/3140 3139/3139/3139
f 3164/3164/3164 3163/3163/3163 3140/3140/3140
f 3163/3163/3163 3161/3161/3161 3160/3160/3160
f 3163/3163/3163 3150/3150/3150 3161/3161/3161
f 3140/3140/3140 3163/3163/3163 3160/3160/3160
f 3138/3138/3138 3140/3140/3140 3144/3144/3144
f 3140/3140/3140 3160/3160/3160 3165/3165/3165
f 3160/3160/3160 3161/3161/3161 3162/3162/3162
f 3161/3161/3161 3150/3150/3150 3167/3167/3167
f 3146/3146/3146 3149/3149/3149 3150/3150/3150
f 3150/3150/3150 3149/3149/3149 3167/3167/3167
f 3145/3145/3145 3149/3149/3149 3146/3146/3146
f 3169/3169/3169 3170/3170/3170 3171/3171/3171
f 3172/3172/3172 3169/3169/3169 3173/3173/3173
f 3174/3174/3174 3169/3169/3169 3172/3172/3172
f 3195/3195/3195 3169/3169/3169 3196/3196/3196
f 3196/3196/3196 3169/3169/3169 3174/3174/3174
f 3173/3173/3173 3169/3169/3169 3171/3171/3171
f 3195/3195/3195 3200/3200/3200 3169/3169/3169
f 3200/3200/3200 3170/3170/3170 3169/3169/3169
f 3199/3199/3199 3170/3170/3170 3200/3200/3200
f 3199/3199/3199 3200/3200/3200 3195/3195/3195
f 3195/3195/3195 3196/3196/3196 3181/3181/3181
f 3207/3207/3207 3196/3196/3196 3174/3174/3174
f 3182/3182/3182 3181/3181/3181 3196/3196/3196
f 3182/3182/3182 3196/3196/3196 3207/3207/3207
f 3174/3174/3174 3172/3172/3172 3205/3205/3205
f 3205/3205/3205 3207/3207/3207 3174/3174/3174
f 3182/3182/3182 3207/3207/3207 3205/3205/3205
f 3180/3180/3180 3181/3181/3181 3182/3182/3182
f 3182/3182/3182 3205/3205/3205 3191/3191/3191
f 3216/3216/3216 3182/3182/3182 3191/3191/3191
f 3191/3191/3191 3205/3205/3205 3189/3189/3189
f 3205/3205/3205 3172/3172/3172 3206/3206/3206
f 3189/3189/3189 3205/3205/3205 3206/3206/3206
f 3189/3189/3189 3190/3190/3190 3191/3191/3191
f 3183/3183/3183 3190/3190/3190 3189/3189/3189
f 3189/3189/3189 3206/3206/3206 3184/3184/3184
f 3184/3184/3184 3183/3183/3183 3189/3189/3189
f 3172/3172/3172 3201/3201/3201 3206/3206/3206
f 3206/3206/3206 3201/3201/3201 3184/3184/3184
f 3172/3172/3172 3173/3173/3173 3201/3201/3201
f 3201/3201/3201 3202/3202/3202 3203/3203/3203
f 3184/3184/3184 3201/3201/3201 3203/3203/3203
f 3173/3173/3173 3202/3202/3202 3201/3201/3201
f 3183/3183/3183 3184/3184/3184 3185/3185/3185
f 3202/3202/3202 3171/3171/3171 3214/3214/3214
f 3173/3173/3173 3171/3171/3171 3202/3202/3202
f 3175/3175/3175 3176/3176/3176 3177/3177/3177
f 3193/3193/3193 3194/3194/3194 3176/3176/3176
f 3198/3198/3198 3177/3177/3177 3176/3176/3176
f 3176/3176/3176 3194/3194/3194 3198/3198/3198
f 3177/3177/3177 3178/3178/3178 3179/3179/3179
f 3177/3177/3177 3179/3179/3179 3204/3204/3204
f 3177/3177/3177 3198/3198/3198 3178/3178/3178
f 3178/3178/3178 3198/3198/3198 3211/3211/3211
f 3179/3179/3179 3178/3178/3178 3211/3211/3211
f 3204/3204/3204 3179/3179/3179 3187/3187/3187
f 3187/3187/3187 3179/3179/3179 3212/3212/3212
f 3212/3212/3212 3179/3179/3179 3211/3211/3211
f 3204/3204/3204 3187/3187/3187 3186/3186/3186
f 3186/3186/3186 3187/3187/3187 3188/3188/3188
f 3212/3212/3212 3188/3188/3188 3187/3187/3187
f 3212/3212/3212 3211/3211/3211 3188/3188/3188
f 3211/3211/3211 3209/3209/3209 3208/3208/3208
f 3211/3211/3211 3198/3198/3198 3209/3209/3209
f 3188/3188/3188 3211/3211/3211 3208/3208/3208
f 3186/3186/3186 3188/3188/3188 3192/3192/3192
f 3188/3188/3188 3208/3208/3208 3213/3213/3213
f 3208/3208/3208 3209/3209/3209 3210/3210/3210
f 3209/3209/3209 3198/3198/3198 3215/3215/3215
f 3194/3194/3194 3197/3197/3197 3198/3198/3198
f 3198/3198/3198 3197/3197/3197 3215/3215/3215
f 3193/3193/3193 3197/3197/3197 3194/3194/3194
